nobel_laureate_id,laureate_full_name,known_name,author_id,author_full_name_from_authorships,pair_id,paper_id,patent_id
1053,Susumu Kitagawa,Susumu Kitagawa,https://openalex.org/A5028281315,Susumu Kitagawa,W2471363290|US-11038187,W2471363290,11038187
1053,Susumu Kitagawa,Susumu Kitagawa,https://openalex.org/A5028281315,Susumu Kitagawa,W2905801883|US-11038187,W2905801883,11038187
1053,Susumu Kitagawa,Susumu Kitagawa,https://openalex.org/A5028281315,Susumu Kitagawa,W2951281387|US-11038187,W2951281387,11038187
875,Shinya Yamanaka,Shinya Yamanaka,https://openalex.org/A5081862387,Shinya Yamanaka,W2518129593|US-10689624,W2518129593,10689624
757,Koichi Tanaka,Koichi Tanaka,https://openalex.org/A5009335876,Koichi Tanaka,W2497518144|US-10626141,W2497518144,10626141
875,Shinya Yamanaka,Shinya Yamanaka,https://openalex.org/A5081862387,Shinya Yamanaka,W1869432913|US-10590492,W1869432913,10590492
875,Shinya Yamanaka,Shinya Yamanaka,https://openalex.org/A5081862387,Shinya Yamanaka,W2138720929|US-10563171,W2138720929,10563171
875,Shinya Yamanaka,Shinya Yamanaka,https://openalex.org/A5081862387,Shinya Yamanaka,W2099313405|US-10519425,W2099313405,10519425
875,Shinya Yamanaka,Shinya Yamanaka,https://openalex.org/A5081862387,Shinya Yamanaka,W2017183458|US-10519425,W2017183458,10519425
875,Shinya Yamanaka,Shinya Yamanaka,https://openalex.org/A5081862387,Shinya Yamanaka,W1972564906|US-10519425,W1972564906,10519425
875,Shinya Yamanaka,Shinya Yamanaka,https://openalex.org/A5081862387,Shinya Yamanaka,W1989721609|US-10519425,W1989721609,10519425
875,Shinya Yamanaka,Shinya Yamanaka,https://openalex.org/A5081862387,Shinya Yamanaka,W2000714884|US-10519425,W2000714884,10519425
875,Shinya Yamanaka,Shinya Yamanaka,https://openalex.org/A5081862387,Shinya Yamanaka,W2064642825|US-10519425,W2064642825,10519425
875,Shinya Yamanaka,Shinya Yamanaka,https://openalex.org/A5081862387,Shinya Yamanaka,W2060644298|US-10519425,W2060644298,10519425
875,Shinya Yamanaka,Shinya Yamanaka,https://openalex.org/A5081862387,Shinya Yamanaka,W2035121417|US-10519422,W2035121417,10519422
875,Shinya Yamanaka,Shinya Yamanaka,https://openalex.org/A5081862387,Shinya Yamanaka,W2067025407|US-10519425,W2067025407,10519425
875,Shinya Yamanaka,Shinya Yamanaka,https://openalex.org/A5081862387,Shinya Yamanaka,W2074435893|US-10519425,W2074435893,10519425
875,Shinya Yamanaka,Shinya Yamanaka,https://openalex.org/A5081862387,Shinya Yamanaka,W2074746727|US-10519425,W2074746727,10519425
875,Shinya Yamanaka,Shinya Yamanaka,https://openalex.org/A5081862387,Shinya Yamanaka,W2085884630|US-10519425,W2085884630,10519425
875,Shinya Yamanaka,Shinya Yamanaka,https://openalex.org/A5081862387,Shinya Yamanaka,W2147802916|US-10519421,W2147802916,10519421
875,Shinya Yamanaka,Shinya Yamanaka,https://openalex.org/A5081862387,Shinya Yamanaka,W2170409651|US-10519421,W2170409651,10519421
875,Shinya Yamanaka,Shinya Yamanaka,https://openalex.org/A5081862387,Shinya Yamanaka,W2141563620|US-10519421,W2141563620,10519421
875,Shinya Yamanaka,Shinya Yamanaka,https://openalex.org/A5081862387,Shinya Yamanaka,W2131635560|US-10519421,W2131635560,10519421
875,Shinya Yamanaka,Shinya Yamanaka,https://openalex.org/A5081862387,Shinya Yamanaka,W2131635560|US-10519425,W2131635560,10519425
875,Shinya Yamanaka,Shinya Yamanaka,https://openalex.org/A5081862387,Shinya Yamanaka,W2142423248|US-10519425,W2142423248,10519425
875,Shinya Yamanaka,Shinya Yamanaka,https://openalex.org/A5081862387,Shinya Yamanaka,W2147802916|US-10519425,W2147802916,10519425
875,Shinya Yamanaka,Shinya Yamanaka,https://openalex.org/A5081862387,Shinya Yamanaka,W4211226719|US-10519425,W4211226719,10519425
875,Shinya Yamanaka,Shinya Yamanaka,https://openalex.org/A5081862387,Shinya Yamanaka,W3021812574|US-10519425,W3021812574,10519425
875,Shinya Yamanaka,Shinya Yamanaka,https://openalex.org/A5081862387,Shinya Yamanaka,W2170409651|US-10519425,W2170409651,10519425
875,Shinya Yamanaka,Shinya Yamanaka,https://openalex.org/A5081862387,Shinya Yamanaka,W2168599603|US-10519425,W2168599603,10519425
875,Shinya Yamanaka,Shinya Yamanaka,https://openalex.org/A5081862387,Shinya Yamanaka,W2159873771|US-10519425,W2159873771,10519425
875,Shinya Yamanaka,Shinya Yamanaka,https://openalex.org/A5081862387,Shinya Yamanaka,W2159604274|US-10519425,W2159604274,10519425
875,Shinya Yamanaka,Shinya Yamanaka,https://openalex.org/A5081862387,Shinya Yamanaka,W2152492589|US-10519425,W2152492589,10519425
875,Shinya Yamanaka,Shinya Yamanaka,https://openalex.org/A5081862387,Shinya Yamanaka,W2151510743|US-10519425,W2151510743,10519425
875,Shinya Yamanaka,Shinya Yamanaka,https://openalex.org/A5081862387,Shinya Yamanaka,W4247640972|US-10519425,W4247640972,10519425
875,Shinya Yamanaka,Shinya Yamanaka,https://openalex.org/A5081862387,Shinya Yamanaka,W2148280908|US-10519425,W2148280908,10519425
875,Shinya Yamanaka,Shinya Yamanaka,https://openalex.org/A5081862387,Shinya Yamanaka,W2518129593|US-10501811,W2518129593,10501811
853,Akira Suzuki,Akira Suzuki,https://openalex.org/A5100637449,Akira Suzuki,W2053482783|US-10501865,W2053482783,10501865
875,Shinya Yamanaka,Shinya Yamanaka,https://openalex.org/A5081862387,Shinya Yamanaka,W1869432913|US-10501811,W1869432913,10501811
875,Shinya Yamanaka,Shinya Yamanaka,https://openalex.org/A5081862387,Shinya Yamanaka,W1972564906|US-10428311,W1972564906,10428311
875,Shinya Yamanaka,Shinya Yamanaka,https://openalex.org/A5081862387,Shinya Yamanaka,W1972564906|US-10287541,W1972564906,10287541
875,Shinya Yamanaka,Shinya Yamanaka,https://openalex.org/A5081862387,Shinya Yamanaka,W2148280908|US-10260068,W2148280908,10260068
875,Shinya Yamanaka,Shinya Yamanaka,https://openalex.org/A5081862387,Shinya Yamanaka,W2067025407|US-10240126,W2067025407,10240126
875,Shinya Yamanaka,Shinya Yamanaka,https://openalex.org/A5081862387,Shinya Yamanaka,W1972564906|US-10240126,W1972564906,10240126
875,Shinya Yamanaka,Shinya Yamanaka,https://openalex.org/A5081862387,Shinya Yamanaka,W1989721609|US-10240126,W1989721609,10240126
875,Shinya Yamanaka,Shinya Yamanaka,https://openalex.org/A5081862387,Shinya Yamanaka,W2000714884|US-10240126,W2000714884,10240126
875,Shinya Yamanaka,Shinya Yamanaka,https://openalex.org/A5081862387,Shinya Yamanaka,W2064642825|US-10240126,W2064642825,10240126
875,Shinya Yamanaka,Shinya Yamanaka,https://openalex.org/A5081862387,Shinya Yamanaka,W2074746727|US-10240126,W2074746727,10240126
875,Shinya Yamanaka,Shinya Yamanaka,https://openalex.org/A5081862387,Shinya Yamanaka,W2159873771|US-10240126,W2159873771,10240126
875,Shinya Yamanaka,Shinya Yamanaka,https://openalex.org/A5081862387,Shinya Yamanaka,W2099313405|US-10240126,W2099313405,10240126
875,Shinya Yamanaka,Shinya Yamanaka,https://openalex.org/A5081862387,Shinya Yamanaka,W4211226719|US-10240126,W4211226719,10240126
875,Shinya Yamanaka,Shinya Yamanaka,https://openalex.org/A5081862387,Shinya Yamanaka,W3021812574|US-10240126,W3021812574,10240126
875,Shinya Yamanaka,Shinya Yamanaka,https://openalex.org/A5081862387,Shinya Yamanaka,W2170409651|US-10240126,W2170409651,10240126
875,Shinya Yamanaka,Shinya Yamanaka,https://openalex.org/A5081862387,Shinya Yamanaka,W4247640972|US-10240126,W4247640972,10240126
875,Shinya Yamanaka,Shinya Yamanaka,https://openalex.org/A5081862387,Shinya Yamanaka,W2159604274|US-10240126,W2159604274,10240126
875,Shinya Yamanaka,Shinya Yamanaka,https://openalex.org/A5081862387,Shinya Yamanaka,W2148280908|US-10240126,W2148280908,10240126
875,Shinya Yamanaka,Shinya Yamanaka,https://openalex.org/A5081862387,Shinya Yamanaka,W2142423248|US-10240126,W2142423248,10240126
875,Shinya Yamanaka,Shinya Yamanaka,https://openalex.org/A5081862387,Shinya Yamanaka,W2131635560|US-10240126,W2131635560,10240126
875,Shinya Yamanaka,Shinya Yamanaka,https://openalex.org/A5081862387,Shinya Yamanaka,W2109631066|US-10240126,W2109631066,10240126
875,Shinya Yamanaka,Shinya Yamanaka,https://openalex.org/A5081862387,Shinya Yamanaka,W2141563620|US-10233426,W2141563620,10233426
875,Shinya Yamanaka,Shinya Yamanaka,https://openalex.org/A5081862387,Shinya Yamanaka,W2141563620|US-10196609,W2141563620,10196609
875,Shinya Yamanaka,Shinya Yamanaka,https://openalex.org/A5081862387,Shinya Yamanaka,W2747325906|US-10150949,W2747325906,10150949
827,Makoto Kobayashi,Makoto Kobayashi,https://openalex.org/A5013806545,Makoto Kobayashi,W4255198927|US-10144869,W4255198927,10144869
875,Shinya Yamanaka,Shinya Yamanaka,https://openalex.org/A5081862387,Shinya Yamanaka,W2147802916|US-10119120,W2147802916,10119120
875,Shinya Yamanaka,Shinya Yamanaka,https://openalex.org/A5081862387,Shinya Yamanaka,W2035121417|US-10119120,W2035121417,10119120
875,Shinya Yamanaka,Shinya Yamanaka,https://openalex.org/A5081862387,Shinya Yamanaka,W2104962692|US-10041040,W2104962692,10041040
875,Shinya Yamanaka,Shinya Yamanaka,https://openalex.org/A5081862387,Shinya Yamanaka,W2096216062|US-10041040,W2096216062,10041040
875,Shinya Yamanaka,Shinya Yamanaka,https://openalex.org/A5081862387,Shinya Yamanaka,W2032336674|US-10041040,W2032336674,10041040
875,Shinya Yamanaka,Shinya Yamanaka,https://openalex.org/A5081862387,Shinya Yamanaka,W2115654652|US-10041040,W2115654652,10041040
875,Shinya Yamanaka,Shinya Yamanaka,https://openalex.org/A5081862387,Shinya Yamanaka,W2157073241|US-10041040,W2157073241,10041040
875,Shinya Yamanaka,Shinya Yamanaka,https://openalex.org/A5081862387,Shinya Yamanaka,W2168599603|US-9938496,W2168599603,9938496
875,Shinya Yamanaka,Shinya Yamanaka,https://openalex.org/A5081862387,Shinya Yamanaka,W2099313405|US-9890360,W2099313405,9890360
875,Shinya Yamanaka,Shinya Yamanaka,https://openalex.org/A5081862387,Shinya Yamanaka,W1989721609|US-9890360,W1989721609,9890360
875,Shinya Yamanaka,Shinya Yamanaka,https://openalex.org/A5081862387,Shinya Yamanaka,W2001073121|US-9890357,W2001073121,9890357
875,Shinya Yamanaka,Shinya Yamanaka,https://openalex.org/A5081862387,Shinya Yamanaka,W2000714884|US-9890357,W2000714884,9890357
875,Shinya Yamanaka,Shinya Yamanaka,https://openalex.org/A5081862387,Shinya Yamanaka,W1972564906|US-9890357,W1972564906,9890357
875,Shinya Yamanaka,Shinya Yamanaka,https://openalex.org/A5081862387,Shinya Yamanaka,W1980023759|US-9890357,W1980023759,9890357
757,Koichi Tanaka,Koichi Tanaka,https://openalex.org/A5009335876,Kōichi Tanaka,W2417913236|US-9885725,W2417913236,9885725
757,Koichi Tanaka,Koichi Tanaka,https://openalex.org/A5009335876,Kōichi Tanaka,W2055319410|US-9885725,W2055319410,9885725
875,Shinya Yamanaka,Shinya Yamanaka,https://openalex.org/A5081862387,Shinya Yamanaka,W2067025407|US-9862929,W2067025407,9862929
751,H. Robert Horvitz,H. Robert Horvitz,https://openalex.org/A5075093223,H. Robert Horvitz,W2066171290|US-9857357,W2066171290,9857357
906,Isamu Akasaki,Isamu Akasaki,https://openalex.org/A5081597179,Isamu Akasaki,W2338733131|US-9847449,W2338733131,9847449
875,Shinya Yamanaka,Shinya Yamanaka,https://openalex.org/A5081862387,Shinya Yamanaka,W2133853012|US-9822342,W2133853012,9822342
875,Shinya Yamanaka,Shinya Yamanaka,https://openalex.org/A5081862387,Shinya Yamanaka,W4211226719|US-9822342,W4211226719,9822342
875,Shinya Yamanaka,Shinya Yamanaka,https://openalex.org/A5081862387,Shinya Yamanaka,W4247640972|US-9822342,W4247640972,9822342
875,Shinya Yamanaka,Shinya Yamanaka,https://openalex.org/A5081862387,Shinya Yamanaka,W1972564906|US-9822342,W1972564906,9822342
875,Shinya Yamanaka,Shinya Yamanaka,https://openalex.org/A5081862387,Shinya Yamanaka,W2170409651|US-9796959,W2170409651,9796959
875,Shinya Yamanaka,Shinya Yamanaka,https://openalex.org/A5081862387,Shinya Yamanaka,W2007786482|US-9775331,W2007786482,9775331
875,Shinya Yamanaka,Shinya Yamanaka,https://openalex.org/A5081862387,Shinya Yamanaka,W2016637438|US-9775331,W2016637438,9775331
875,Shinya Yamanaka,Shinya Yamanaka,https://openalex.org/A5081862387,Shinya Yamanaka,W2159714953|US-9738906,W2159714953,9738906
875,Shinya Yamanaka,Shinya Yamanaka,https://openalex.org/A5081862387,Shinya Yamanaka,W2074725342|US-9683232,W2074725342,9683232
875,Shinya Yamanaka,Shinya Yamanaka,https://openalex.org/A5081862387,Shinya Yamanaka,W2158992759|US-9683232,W2158992759,9683232
875,Shinya Yamanaka,Shinya Yamanaka,https://openalex.org/A5081862387,Shinya Yamanaka,W2097098976|US-9683232,W2097098976,9683232
875,Shinya Yamanaka,Shinya Yamanaka,https://openalex.org/A5081862387,Shinya Yamanaka,W1994142477|US-9683232,W1994142477,9683232
875,Shinya Yamanaka,Shinya Yamanaka,https://openalex.org/A5081862387,Shinya Yamanaka,W185601410|US-9683232,W185601410,9683232
875,Shinya Yamanaka,Shinya Yamanaka,https://openalex.org/A5081862387,Shinya Yamanaka,W2115654652|US-9677141,W2115654652,9677141
875,Shinya Yamanaka,Shinya Yamanaka,https://openalex.org/A5081862387,Shinya Yamanaka,W2074746727|US-9677141,W2074746727,9677141
875,Shinya Yamanaka,Shinya Yamanaka,https://openalex.org/A5081862387,Shinya Yamanaka,W2085884630|US-9677141,W2085884630,9677141
875,Shinya Yamanaka,Shinya Yamanaka,https://openalex.org/A5081862387,Shinya Yamanaka,W2094280614|US-9677141,W2094280614,9677141
875,Shinya Yamanaka,Shinya Yamanaka,https://openalex.org/A5081862387,Shinya Yamanaka,W2099313405|US-9677141,W2099313405,9677141
875,Shinya Yamanaka,Shinya Yamanaka,https://openalex.org/A5081862387,Shinya Yamanaka,W2142423248|US-9677141,W2142423248,9677141
875,Shinya Yamanaka,Shinya Yamanaka,https://openalex.org/A5081862387,Shinya Yamanaka,W2120491421|US-9677141,W2120491421,9677141
875,Shinya Yamanaka,Shinya Yamanaka,https://openalex.org/A5081862387,Shinya Yamanaka,W2131635560|US-9677141,W2131635560,9677141
875,Shinya Yamanaka,Shinya Yamanaka,https://openalex.org/A5081862387,Shinya Yamanaka,W2148280908|US-9677141,W2148280908,9677141
875,Shinya Yamanaka,Shinya Yamanaka,https://openalex.org/A5081862387,Shinya Yamanaka,W2151510743|US-9677141,W2151510743,9677141
875,Shinya Yamanaka,Shinya Yamanaka,https://openalex.org/A5081862387,Shinya Yamanaka,W2067025407|US-9677141,W2067025407,9677141
875,Shinya Yamanaka,Shinya Yamanaka,https://openalex.org/A5081862387,Shinya Yamanaka,W2000714884|US-9677141,W2000714884,9677141
875,Shinya Yamanaka,Shinya Yamanaka,https://openalex.org/A5081862387,Shinya Yamanaka,W1972564906|US-9677141,W1972564906,9677141
875,Shinya Yamanaka,Shinya Yamanaka,https://openalex.org/A5081862387,Shinya Yamanaka,W2157073241|US-9677141,W2157073241,9677141
875,Shinya Yamanaka,Shinya Yamanaka,https://openalex.org/A5081862387,Shinya Yamanaka,W2152492589|US-9677141,W2152492589,9677141
875,Shinya Yamanaka,Shinya Yamanaka,https://openalex.org/A5081862387,Shinya Yamanaka,W2001073121|US-9677141,W2001073121,9677141
875,Shinya Yamanaka,Shinya Yamanaka,https://openalex.org/A5081862387,Shinya Yamanaka,W2158665577|US-9677141,W2158665577,9677141
875,Shinya Yamanaka,Shinya Yamanaka,https://openalex.org/A5081862387,Shinya Yamanaka,W2159604274|US-9677141,W2159604274,9677141
875,Shinya Yamanaka,Shinya Yamanaka,https://openalex.org/A5081862387,Shinya Yamanaka,W3021812574|US-9677141,W3021812574,9677141
875,Shinya Yamanaka,Shinya Yamanaka,https://openalex.org/A5081862387,Shinya Yamanaka,W2168599603|US-9677141,W2168599603,9677141
875,Shinya Yamanaka,Shinya Yamanaka,https://openalex.org/A5081862387,Shinya Yamanaka,W2170409651|US-9677141,W2170409651,9677141
875,Shinya Yamanaka,Shinya Yamanaka,https://openalex.org/A5081862387,Shinya Yamanaka,W2159873771|US-9677141,W2159873771,9677141
875,Shinya Yamanaka,Shinya Yamanaka,https://openalex.org/A5081862387,Shinya Yamanaka,W4211226719|US-9677141,W4211226719,9677141
875,Shinya Yamanaka,Shinya Yamanaka,https://openalex.org/A5081862387,Shinya Yamanaka,W4247640972|US-9677141,W4247640972,9677141
1053,Susumu Kitagawa,Susumu Kitagawa,https://openalex.org/A5028281315,Susumu Kitagawa,W2080295194|US-9670127,W2080295194,9670127
1053,Susumu Kitagawa,Susumu Kitagawa,https://openalex.org/A5028281315,Susumu Kitagawa,W2326068594|US-9670127,W2326068594,9670127
1053,Susumu Kitagawa,Susumu Kitagawa,https://openalex.org/A5028281315,Susumu Kitagawa,W2324748912|US-9670127,W2324748912,9670127
1053,Susumu Kitagawa,Susumu Kitagawa,https://openalex.org/A5028281315,Susumu Kitagawa,W2322156353|US-9670127,W2322156353,9670127
1053,Susumu Kitagawa,Susumu Kitagawa,https://openalex.org/A5028281315,Susumu Kitagawa,W2318490343|US-9670127,W2318490343,9670127
1053,Susumu Kitagawa,Susumu Kitagawa,https://openalex.org/A5028281315,Susumu Kitagawa,W2314597053|US-9670127,W2314597053,9670127
1053,Susumu Kitagawa,Susumu Kitagawa,https://openalex.org/A5028281315,Susumu Kitagawa,W2292618086|US-9670127,W2292618086,9670127
1053,Susumu Kitagawa,Susumu Kitagawa,https://openalex.org/A5028281315,Susumu Kitagawa,W2274294414|US-9670127,W2274294414,9670127
1053,Susumu Kitagawa,Susumu Kitagawa,https://openalex.org/A5028281315,Susumu Kitagawa,W2273008607|US-9670127,W2273008607,9670127
1053,Susumu Kitagawa,Susumu Kitagawa,https://openalex.org/A5028281315,Susumu Kitagawa,W2169155875|US-9670127,W2169155875,9670127
1053,Susumu Kitagawa,Susumu Kitagawa,https://openalex.org/A5028281315,Susumu Kitagawa,W2150387586|US-9670127,W2150387586,9670127
1053,Susumu Kitagawa,Susumu Kitagawa,https://openalex.org/A5028281315,Susumu Kitagawa,W2145345278|US-9670127,W2145345278,9670127
1053,Susumu Kitagawa,Susumu Kitagawa,https://openalex.org/A5028281315,Susumu Kitagawa,W2142035057|US-9670127,W2142035057,9670127
1053,Susumu Kitagawa,Susumu Kitagawa,https://openalex.org/A5028281315,Susumu Kitagawa,W2079214470|US-9670127,W2079214470,9670127
1053,Susumu Kitagawa,Susumu Kitagawa,https://openalex.org/A5028281315,Susumu Kitagawa,W2077411348|US-9670127,W2077411348,9670127
1053,Susumu Kitagawa,Susumu Kitagawa,https://openalex.org/A5028281315,Susumu Kitagawa,W2058705689|US-9670127,W2058705689,9670127
1053,Susumu Kitagawa,Susumu Kitagawa,https://openalex.org/A5028281315,Susumu Kitagawa,W2039277276|US-9670127,W2039277276,9670127
1053,Susumu Kitagawa,Susumu Kitagawa,https://openalex.org/A5028281315,Susumu Kitagawa,W1992694086|US-9670127,W1992694086,9670127
1053,Susumu Kitagawa,Susumu Kitagawa,https://openalex.org/A5028281315,Susumu Kitagawa,W1964462357|US-9670127,W1964462357,9670127
1053,Susumu Kitagawa,Susumu Kitagawa,https://openalex.org/A5028281315,Susumu Kitagawa,W1884281945|US-9670127,W1884281945,9670127
1053,Susumu Kitagawa,Susumu Kitagawa,https://openalex.org/A5028281315,Susumu Kitagawa,W1764735066|US-9670127,W1764735066,9670127
1053,Susumu Kitagawa,Susumu Kitagawa,https://openalex.org/A5028281315,Susumu Kitagawa,W2333471032|US-9670127,W2333471032,9670127
1053,Susumu Kitagawa,Susumu Kitagawa,https://openalex.org/A5028281315,Susumu Kitagawa,W2328245059|US-9670127,W2328245059,9670127
1053,Susumu Kitagawa,Susumu Kitagawa,https://openalex.org/A5028281315,Susumu Kitagawa,W2323084707|US-9670127,W2323084707,9670127
1053,Susumu Kitagawa,Susumu Kitagawa,https://openalex.org/A5028281315,Susumu Kitagawa,W2527345475|US-9670127,W2527345475,9670127
1053,Susumu Kitagawa,Susumu Kitagawa,https://openalex.org/A5028281315,Susumu Kitagawa,W2953217215|US-9670127,W2953217215,9670127
1053,Susumu Kitagawa,Susumu Kitagawa,https://openalex.org/A5028281315,Susumu Kitagawa,W4244705569|US-9670127,W4244705569,9670127
1053,Susumu Kitagawa,Susumu Kitagawa,https://openalex.org/A5028281315,Susumu Kitagawa,W4252074730|US-9670127,W4252074730,9670127
875,Shinya Yamanaka,Shinya Yamanaka,https://openalex.org/A5081862387,Shinya Yamanaka,W2131074858|US-9623052,W2131074858,9623052
757,Koichi Tanaka,Koichi Tanaka,https://openalex.org/A5009335876,Kōichi Tanaka,W2168656638|US-9593147,W2168656638,9593147
875,Shinya Yamanaka,Shinya Yamanaka,https://openalex.org/A5081862387,Shinya Yamanaka,W1980023759|US-9587220,W1980023759,9587220
875,Shinya Yamanaka,Shinya Yamanaka,https://openalex.org/A5081862387,Shinya Yamanaka,W2141563620|US-9587220,W2141563620,9587220
875,Shinya Yamanaka,Shinya Yamanaka,https://openalex.org/A5081862387,Shinya Yamanaka,W2159604274|US-9557321,W2159604274,9557321
875,Shinya Yamanaka,Shinya Yamanaka,https://openalex.org/A5081862387,Shinya Yamanaka,W2105151327|US-9557321,W2105151327,9557321
875,Shinya Yamanaka,Shinya Yamanaka,https://openalex.org/A5081862387,Shinya Yamanaka,W1986297657|US-9528092,W1986297657,9528092
875,Shinya Yamanaka,Shinya Yamanaka,https://openalex.org/A5081862387,Shinya Yamanaka,W1602568023|US-9528092,W1602568023,9528092
875,Shinya Yamanaka,Shinya Yamanaka,https://openalex.org/A5081862387,Shinya Yamanaka,W1986127144|US-9528092,W1986127144,9528092
875,Shinya Yamanaka,Shinya Yamanaka,https://openalex.org/A5081862387,Shinya Yamanaka,W2030258556|US-9528092,W2030258556,9528092
875,Shinya Yamanaka,Shinya Yamanaka,https://openalex.org/A5081862387,Shinya Yamanaka,W1994142477|US-9528092,W1994142477,9528092
875,Shinya Yamanaka,Shinya Yamanaka,https://openalex.org/A5081862387,Shinya Yamanaka,W1994450611|US-9528092,W1994450611,9528092
875,Shinya Yamanaka,Shinya Yamanaka,https://openalex.org/A5081862387,Shinya Yamanaka,W2013744830|US-9528092,W2013744830,9528092
875,Shinya Yamanaka,Shinya Yamanaka,https://openalex.org/A5081862387,Shinya Yamanaka,W2016958167|US-9528092,W2016958167,9528092
875,Shinya Yamanaka,Shinya Yamanaka,https://openalex.org/A5081862387,Shinya Yamanaka,W2027545578|US-9528092,W2027545578,9528092
875,Shinya Yamanaka,Shinya Yamanaka,https://openalex.org/A5081862387,Shinya Yamanaka,W2032336674|US-9528092,W2032336674,9528092
875,Shinya Yamanaka,Shinya Yamanaka,https://openalex.org/A5081862387,Shinya Yamanaka,W2032058920|US-9528092,W2032058920,9528092
875,Shinya Yamanaka,Shinya Yamanaka,https://openalex.org/A5081862387,Shinya Yamanaka,W4252095421|US-9528092,W4252095421,9528092
875,Shinya Yamanaka,Shinya Yamanaka,https://openalex.org/A5081862387,Shinya Yamanaka,W2032570745|US-9528092,W2032570745,9528092
875,Shinya Yamanaka,Shinya Yamanaka,https://openalex.org/A5081862387,Shinya Yamanaka,W2116826060|US-9528092,W2116826060,9528092
875,Shinya Yamanaka,Shinya Yamanaka,https://openalex.org/A5081862387,Shinya Yamanaka,W2035121417|US-9528092,W2035121417,9528092
875,Shinya Yamanaka,Shinya Yamanaka,https://openalex.org/A5081862387,Shinya Yamanaka,W2159714953|US-9528092,W2159714953,9528092
875,Shinya Yamanaka,Shinya Yamanaka,https://openalex.org/A5081862387,Shinya Yamanaka,W2159207633|US-9528092,W2159207633,9528092
875,Shinya Yamanaka,Shinya Yamanaka,https://openalex.org/A5081862387,Shinya Yamanaka,W2154192208|US-9528092,W2154192208,9528092
875,Shinya Yamanaka,Shinya Yamanaka,https://openalex.org/A5081862387,Shinya Yamanaka,W2143229579|US-9528092,W2143229579,9528092
875,Shinya Yamanaka,Shinya Yamanaka,https://openalex.org/A5081862387,Shinya Yamanaka,W2119109414|US-9528092,W2119109414,9528092
875,Shinya Yamanaka,Shinya Yamanaka,https://openalex.org/A5081862387,Shinya Yamanaka,W2158992759|US-9528092,W2158992759,9528092
875,Shinya Yamanaka,Shinya Yamanaka,https://openalex.org/A5081862387,Shinya Yamanaka,W2104962692|US-9528092,W2104962692,9528092
875,Shinya Yamanaka,Shinya Yamanaka,https://openalex.org/A5081862387,Shinya Yamanaka,W2066483052|US-9528092,W2066483052,9528092
875,Shinya Yamanaka,Shinya Yamanaka,https://openalex.org/A5081862387,Shinya Yamanaka,W2096216062|US-9528092,W2096216062,9528092
875,Shinya Yamanaka,Shinya Yamanaka,https://openalex.org/A5081862387,Shinya Yamanaka,W2052406996|US-9528092,W2052406996,9528092
875,Shinya Yamanaka,Shinya Yamanaka,https://openalex.org/A5081862387,Shinya Yamanaka,W2059613235|US-9528092,W2059613235,9528092
875,Shinya Yamanaka,Shinya Yamanaka,https://openalex.org/A5081862387,Shinya Yamanaka,W2043457504|US-9528092,W2043457504,9528092
875,Shinya Yamanaka,Shinya Yamanaka,https://openalex.org/A5081862387,Shinya Yamanaka,W2072621038|US-9528092,W2072621038,9528092
875,Shinya Yamanaka,Shinya Yamanaka,https://openalex.org/A5081862387,Shinya Yamanaka,W2081620485|US-9528092,W2081620485,9528092
875,Shinya Yamanaka,Shinya Yamanaka,https://openalex.org/A5081862387,Shinya Yamanaka,W2094703360|US-9528092,W2094703360,9528092
875,Shinya Yamanaka,Shinya Yamanaka,https://openalex.org/A5081862387,Shinya Yamanaka,W4252095421|US-9506039,W4252095421,9506039
875,Shinya Yamanaka,Shinya Yamanaka,https://openalex.org/A5081862387,Shinya Yamanaka,W4211226719|US-9506039,W4211226719,9506039
875,Shinya Yamanaka,Shinya Yamanaka,https://openalex.org/A5081862387,Shinya Yamanaka,W2159873771|US-9506039,W2159873771,9506039
875,Shinya Yamanaka,Shinya Yamanaka,https://openalex.org/A5081862387,Shinya Yamanaka,W2159604274|US-9506039,W2159604274,9506039
875,Shinya Yamanaka,Shinya Yamanaka,https://openalex.org/A5081862387,Shinya Yamanaka,W2152492589|US-9506039,W2152492589,9506039
875,Shinya Yamanaka,Shinya Yamanaka,https://openalex.org/A5081862387,Shinya Yamanaka,W2151510743|US-9506039,W2151510743,9506039
875,Shinya Yamanaka,Shinya Yamanaka,https://openalex.org/A5081862387,Shinya Yamanaka,W2147802916|US-9506039,W2147802916,9506039
875,Shinya Yamanaka,Shinya Yamanaka,https://openalex.org/A5081862387,Shinya Yamanaka,W2143229579|US-9506039,W2143229579,9506039
875,Shinya Yamanaka,Shinya Yamanaka,https://openalex.org/A5081862387,Shinya Yamanaka,W2142423248|US-9506039,W2142423248,9506039
875,Shinya Yamanaka,Shinya Yamanaka,https://openalex.org/A5081862387,Shinya Yamanaka,W2000714884|US-9506039,W2000714884,9506039
875,Shinya Yamanaka,Shinya Yamanaka,https://openalex.org/A5081862387,Shinya Yamanaka,W2099313405|US-9506039,W2099313405,9506039
875,Shinya Yamanaka,Shinya Yamanaka,https://openalex.org/A5081862387,Shinya Yamanaka,W2094703360|US-9506039,W2094703360,9506039
875,Shinya Yamanaka,Shinya Yamanaka,https://openalex.org/A5081862387,Shinya Yamanaka,W2094280614|US-9506039,W2094280614,9506039
875,Shinya Yamanaka,Shinya Yamanaka,https://openalex.org/A5081862387,Shinya Yamanaka,W2085884630|US-9506039,W2085884630,9506039
875,Shinya Yamanaka,Shinya Yamanaka,https://openalex.org/A5081862387,Shinya Yamanaka,W2074746727|US-9506039,W2074746727,9506039
875,Shinya Yamanaka,Shinya Yamanaka,https://openalex.org/A5081862387,Shinya Yamanaka,W2067025407|US-9506039,W2067025407,9506039
875,Shinya Yamanaka,Shinya Yamanaka,https://openalex.org/A5081862387,Shinya Yamanaka,W2035121417|US-9506039,W2035121417,9506039
875,Shinya Yamanaka,Shinya Yamanaka,https://openalex.org/A5081862387,Shinya Yamanaka,W2120491421|US-9506039,W2120491421,9506039
875,Shinya Yamanaka,Shinya Yamanaka,https://openalex.org/A5081862387,Shinya Yamanaka,W2142423248|US-9499797,W2142423248,9499797
875,Shinya Yamanaka,Shinya Yamanaka,https://openalex.org/A5081862387,Shinya Yamanaka,W2074746727|US-9499797,W2074746727,9499797
875,Shinya Yamanaka,Shinya Yamanaka,https://openalex.org/A5081862387,Shinya Yamanaka,W2085884630|US-9499797,W2085884630,9499797
875,Shinya Yamanaka,Shinya Yamanaka,https://openalex.org/A5081862387,Shinya Yamanaka,W2094280614|US-9499797,W2094280614,9499797
875,Shinya Yamanaka,Shinya Yamanaka,https://openalex.org/A5081862387,Shinya Yamanaka,W2099313405|US-9499797,W2099313405,9499797
875,Shinya Yamanaka,Shinya Yamanaka,https://openalex.org/A5081862387,Shinya Yamanaka,W2109631066|US-9499797,W2109631066,9499797
875,Shinya Yamanaka,Shinya Yamanaka,https://openalex.org/A5081862387,Shinya Yamanaka,W2114152484|US-9499797,W2114152484,9499797
875,Shinya Yamanaka,Shinya Yamanaka,https://openalex.org/A5081862387,Shinya Yamanaka,W2115654652|US-9499797,W2115654652,9499797
875,Shinya Yamanaka,Shinya Yamanaka,https://openalex.org/A5081862387,Shinya Yamanaka,W2120491421|US-9499797,W2120491421,9499797
875,Shinya Yamanaka,Shinya Yamanaka,https://openalex.org/A5081862387,Shinya Yamanaka,W2131635560|US-9499797,W2131635560,9499797
875,Shinya Yamanaka,Shinya Yamanaka,https://openalex.org/A5081862387,Shinya Yamanaka,W2159604274|US-9499797,W2159604274,9499797
875,Shinya Yamanaka,Shinya Yamanaka,https://openalex.org/A5081862387,Shinya Yamanaka,W2147802916|US-9499797,W2147802916,9499797
875,Shinya Yamanaka,Shinya Yamanaka,https://openalex.org/A5081862387,Shinya Yamanaka,W2148280908|US-9499797,W2148280908,9499797
875,Shinya Yamanaka,Shinya Yamanaka,https://openalex.org/A5081862387,Shinya Yamanaka,W2151510743|US-9499797,W2151510743,9499797
875,Shinya Yamanaka,Shinya Yamanaka,https://openalex.org/A5081862387,Shinya Yamanaka,W2152492589|US-9499797,W2152492589,9499797
875,Shinya Yamanaka,Shinya Yamanaka,https://openalex.org/A5081862387,Shinya Yamanaka,W2157073241|US-9499797,W2157073241,9499797
875,Shinya Yamanaka,Shinya Yamanaka,https://openalex.org/A5081862387,Shinya Yamanaka,W2158665577|US-9499797,W2158665577,9499797
875,Shinya Yamanaka,Shinya Yamanaka,https://openalex.org/A5081862387,Shinya Yamanaka,W2067025407|US-9499797,W2067025407,9499797
875,Shinya Yamanaka,Shinya Yamanaka,https://openalex.org/A5081862387,Shinya Yamanaka,W2159873771|US-9499797,W2159873771,9499797
875,Shinya Yamanaka,Shinya Yamanaka,https://openalex.org/A5081862387,Shinya Yamanaka,W2168599603|US-9499797,W2168599603,9499797
875,Shinya Yamanaka,Shinya Yamanaka,https://openalex.org/A5081862387,Shinya Yamanaka,W2074435893|US-9499797,W2074435893,9499797
875,Shinya Yamanaka,Shinya Yamanaka,https://openalex.org/A5081862387,Shinya Yamanaka,W2017183458|US-9499797,W2017183458,9499797
875,Shinya Yamanaka,Shinya Yamanaka,https://openalex.org/A5081862387,Shinya Yamanaka,W2000714884|US-9499797,W2000714884,9499797
875,Shinya Yamanaka,Shinya Yamanaka,https://openalex.org/A5081862387,Shinya Yamanaka,W4211226719|US-9499797,W4211226719,9499797
875,Shinya Yamanaka,Shinya Yamanaka,https://openalex.org/A5081862387,Shinya Yamanaka,W2159604274|US-9499789,W2159604274,9499789
875,Shinya Yamanaka,Shinya Yamanaka,https://openalex.org/A5081862387,Shinya Yamanaka,W1972564906|US-9499797,W1972564906,9499797
875,Shinya Yamanaka,Shinya Yamanaka,https://openalex.org/A5081862387,Shinya Yamanaka,W3021812574|US-9499797,W3021812574,9499797
875,Shinya Yamanaka,Shinya Yamanaka,https://openalex.org/A5081862387,Shinya Yamanaka,W2170409651|US-9499797,W2170409651,9499797
875,Shinya Yamanaka,Shinya Yamanaka,https://openalex.org/A5081862387,Shinya Yamanaka,W4247640972|US-9499797,W4247640972,9499797
757,Koichi Tanaka,Koichi Tanaka,https://openalex.org/A5009335876,Kōichi Tanaka,W2055319410|US-9453846,W2055319410,9453846
757,Koichi Tanaka,Koichi Tanaka,https://openalex.org/A5009335876,Kōichi Tanaka,W2001942484|US-9453846,W2001942484,9453846
757,Koichi Tanaka,Koichi Tanaka,https://openalex.org/A5009335876,Kōichi Tanaka,W2081223445|US-9453846,W2081223445,9453846
875,Shinya Yamanaka,Shinya Yamanaka,https://openalex.org/A5081862387,Shinya Yamanaka,W1986127144|US-9447432,W1986127144,9447432
906,Isamu Akasaki,Isamu Akasaki,https://openalex.org/A5081597179,Isamu Akasaki,W2020801258|US-9437775,W2020801258,9437775
906,Isamu Akasaki,Isamu Akasaki,https://openalex.org/A5081597179,Isamu Akasaki,W1973310291|US-9437775,W1973310291,9437775
907,Hiroshi Amano,Hiroshi Amano,https://openalex.org/A5048399593,Hiroshi Amano,W1973310291|US-9437775,W1973310291,9437775
875,Shinya Yamanaka,Shinya Yamanaka,https://openalex.org/A5081862387,Shinya Yamanaka,W2115654652|US-9399759,W2115654652,9399759
875,Shinya Yamanaka,Shinya Yamanaka,https://openalex.org/A5081862387,Shinya Yamanaka,W2104962692|US-9399759,W2104962692,9399759
875,Shinya Yamanaka,Shinya Yamanaka,https://openalex.org/A5081862387,Shinya Yamanaka,W2159714953|US-9365866,W2159714953,9365866
757,Koichi Tanaka,Koichi Tanaka,https://openalex.org/A5009335876,Kōichi Tanaka,W2093219870|US-9355826,W2093219870,9355826
875,Shinya Yamanaka,Shinya Yamanaka,https://openalex.org/A5081862387,Shinya Yamanaka,W2074746727|US-9335323,W2074746727,9335323
875,Shinya Yamanaka,Shinya Yamanaka,https://openalex.org/A5081862387,Shinya Yamanaka,W2074435893|US-9335323,W2074435893,9335323
875,Shinya Yamanaka,Shinya Yamanaka,https://openalex.org/A5081862387,Shinya Yamanaka,W2067025407|US-9335323,W2067025407,9335323
875,Shinya Yamanaka,Shinya Yamanaka,https://openalex.org/A5081862387,Shinya Yamanaka,W2064642825|US-9335323,W2064642825,9335323
875,Shinya Yamanaka,Shinya Yamanaka,https://openalex.org/A5081862387,Shinya Yamanaka,W2000714884|US-9335323,W2000714884,9335323
875,Shinya Yamanaka,Shinya Yamanaka,https://openalex.org/A5081862387,Shinya Yamanaka,W1989721609|US-9335323,W1989721609,9335323
875,Shinya Yamanaka,Shinya Yamanaka,https://openalex.org/A5081862387,Shinya Yamanaka,W1972564906|US-9335323,W1972564906,9335323
875,Shinya Yamanaka,Shinya Yamanaka,https://openalex.org/A5081862387,Shinya Yamanaka,W2099313405|US-9335323,W2099313405,9335323
875,Shinya Yamanaka,Shinya Yamanaka,https://openalex.org/A5081862387,Shinya Yamanaka,W1972564906|US-9334475,W1972564906,9334475
875,Shinya Yamanaka,Shinya Yamanaka,https://openalex.org/A5081862387,Shinya Yamanaka,W2000714884|US-9334475,W2000714884,9334475
875,Shinya Yamanaka,Shinya Yamanaka,https://openalex.org/A5081862387,Shinya Yamanaka,W2001073121|US-9334475,W2001073121,9334475
875,Shinya Yamanaka,Shinya Yamanaka,https://openalex.org/A5081862387,Shinya Yamanaka,W2085884630|US-9335323,W2085884630,9335323
875,Shinya Yamanaka,Shinya Yamanaka,https://openalex.org/A5081862387,Shinya Yamanaka,W4211226719|US-9335323,W4211226719,9335323
875,Shinya Yamanaka,Shinya Yamanaka,https://openalex.org/A5081862387,Shinya Yamanaka,W4247640972|US-9335323,W4247640972,9335323
875,Shinya Yamanaka,Shinya Yamanaka,https://openalex.org/A5081862387,Shinya Yamanaka,W2168599603|US-9335323,W2168599603,9335323
875,Shinya Yamanaka,Shinya Yamanaka,https://openalex.org/A5081862387,Shinya Yamanaka,W2148280908|US-9335323,W2148280908,9335323
875,Shinya Yamanaka,Shinya Yamanaka,https://openalex.org/A5081862387,Shinya Yamanaka,W2131635560|US-9335323,W2131635560,9335323
875,Shinya Yamanaka,Shinya Yamanaka,https://openalex.org/A5081862387,Shinya Yamanaka,W2159873771|US-9335323,W2159873771,9335323
875,Shinya Yamanaka,Shinya Yamanaka,https://openalex.org/A5081862387,Shinya Yamanaka,W2142423248|US-9335323,W2142423248,9335323
875,Shinya Yamanaka,Shinya Yamanaka,https://openalex.org/A5081862387,Shinya Yamanaka,W2141563620|US-9335323,W2141563620,9335323
875,Shinya Yamanaka,Shinya Yamanaka,https://openalex.org/A5081862387,Shinya Yamanaka,W2152492589|US-9335323,W2152492589,9335323
875,Shinya Yamanaka,Shinya Yamanaka,https://openalex.org/A5081862387,Shinya Yamanaka,W2158665577|US-9335323,W2158665577,9335323
875,Shinya Yamanaka,Shinya Yamanaka,https://openalex.org/A5081862387,Shinya Yamanaka,W2159604274|US-9335323,W2159604274,9335323
853,Akira Suzuki,Akira Suzuki,https://openalex.org/A5100637449,Akira Suzuki,W2332351768|US-9266441,W2332351768,9266441
853,Akira Suzuki,Akira Suzuki,https://openalex.org/A5100637449,Akira Suzuki,W2143338605|US-9266441,W2143338605,9266441
875,Shinya Yamanaka,Shinya Yamanaka,https://openalex.org/A5081862387,Shinya Yamanaka,W2159714953|US-9200254,W2159714953,9200254
875,Shinya Yamanaka,Shinya Yamanaka,https://openalex.org/A5081862387,Shinya Yamanaka,W2000714884|US-9121011,W2000714884,9121011
875,Shinya Yamanaka,Shinya Yamanaka,https://openalex.org/A5081862387,Shinya Yamanaka,W2131635560|US-9121011,W2131635560,9121011
875,Shinya Yamanaka,Shinya Yamanaka,https://openalex.org/A5081862387,Shinya Yamanaka,W1986127144|US-9109205,W1986127144,9109205
875,Shinya Yamanaka,Shinya Yamanaka,https://openalex.org/A5081862387,Shinya Yamanaka,W2105151327|US-9097727,W2105151327,9097727
875,Shinya Yamanaka,Shinya Yamanaka,https://openalex.org/A5081862387,Shinya Yamanaka,W2094703360|US-9074188,W2094703360,9074188
875,Shinya Yamanaka,Shinya Yamanaka,https://openalex.org/A5081862387,Shinya Yamanaka,W185601410|US-9063343,W185601410,9063343
875,Shinya Yamanaka,Shinya Yamanaka,https://openalex.org/A5081862387,Shinya Yamanaka,W2094703360|US-9063343,W2094703360,9063343
875,Shinya Yamanaka,Shinya Yamanaka,https://openalex.org/A5081862387,Shinya Yamanaka,W2027545578|US-9063343,W2027545578,9063343
875,Shinya Yamanaka,Shinya Yamanaka,https://openalex.org/A5081862387,Shinya Yamanaka,W2096216062|US-9063343,W2096216062,9063343
875,Shinya Yamanaka,Shinya Yamanaka,https://openalex.org/A5081862387,Shinya Yamanaka,W2032570745|US-9063343,W2032570745,9063343
875,Shinya Yamanaka,Shinya Yamanaka,https://openalex.org/A5081862387,Shinya Yamanaka,W2081620485|US-9063343,W2081620485,9063343
875,Shinya Yamanaka,Shinya Yamanaka,https://openalex.org/A5081862387,Shinya Yamanaka,W2074725342|US-9063343,W2074725342,9063343
875,Shinya Yamanaka,Shinya Yamanaka,https://openalex.org/A5081862387,Shinya Yamanaka,W2066483052|US-9063343,W2066483052,9063343
875,Shinya Yamanaka,Shinya Yamanaka,https://openalex.org/A5081862387,Shinya Yamanaka,W2035121417|US-9063343,W2035121417,9063343
875,Shinya Yamanaka,Shinya Yamanaka,https://openalex.org/A5081862387,Shinya Yamanaka,W2131074858|US-9045738,W2131074858,9045738
875,Shinya Yamanaka,Shinya Yamanaka,https://openalex.org/A5081862387,Shinya Yamanaka,W2157073241|US-9045738,W2157073241,9045738
875,Shinya Yamanaka,Shinya Yamanaka,https://openalex.org/A5081862387,Shinya Yamanaka,W2154192208|US-9045738,W2154192208,9045738
875,Shinya Yamanaka,Shinya Yamanaka,https://openalex.org/A5081862387,Shinya Yamanaka,W2143229579|US-9045738,W2143229579,9045738
875,Shinya Yamanaka,Shinya Yamanaka,https://openalex.org/A5081862387,Shinya Yamanaka,W2115654652|US-9045738,W2115654652,9045738
875,Shinya Yamanaka,Shinya Yamanaka,https://openalex.org/A5081862387,Shinya Yamanaka,W2116826060|US-9045738,W2116826060,9045738
875,Shinya Yamanaka,Shinya Yamanaka,https://openalex.org/A5081862387,Shinya Yamanaka,W2159714953|US-9045738,W2159714953,9045738
875,Shinya Yamanaka,Shinya Yamanaka,https://openalex.org/A5081862387,Shinya Yamanaka,W2105151327|US-9045738,W2105151327,9045738
875,Shinya Yamanaka,Shinya Yamanaka,https://openalex.org/A5081862387,Shinya Yamanaka,W2104962692|US-9045738,W2104962692,9045738
875,Shinya Yamanaka,Shinya Yamanaka,https://openalex.org/A5081862387,Shinya Yamanaka,W2096216062|US-9045738,W2096216062,9045738
875,Shinya Yamanaka,Shinya Yamanaka,https://openalex.org/A5081862387,Shinya Yamanaka,W2094703360|US-9045738,W2094703360,9045738
875,Shinya Yamanaka,Shinya Yamanaka,https://openalex.org/A5081862387,Shinya Yamanaka,W2158992759|US-9045738,W2158992759,9045738
875,Shinya Yamanaka,Shinya Yamanaka,https://openalex.org/A5081862387,Shinya Yamanaka,W4252095421|US-9045738,W4252095421,9045738
875,Shinya Yamanaka,Shinya Yamanaka,https://openalex.org/A5081862387,Shinya Yamanaka,W2081620485|US-9045738,W2081620485,9045738
875,Shinya Yamanaka,Shinya Yamanaka,https://openalex.org/A5081862387,Shinya Yamanaka,W2094280614|US-9045738,W2094280614,9045738
875,Shinya Yamanaka,Shinya Yamanaka,https://openalex.org/A5081862387,Shinya Yamanaka,W2072621038|US-9045738,W2072621038,9045738
875,Shinya Yamanaka,Shinya Yamanaka,https://openalex.org/A5081862387,Shinya Yamanaka,W1602568023|US-9045738,W1602568023,9045738
875,Shinya Yamanaka,Shinya Yamanaka,https://openalex.org/A5081862387,Shinya Yamanaka,W2052406996|US-9045738,W2052406996,9045738
875,Shinya Yamanaka,Shinya Yamanaka,https://openalex.org/A5081862387,Shinya Yamanaka,W1986297657|US-9045738,W1986297657,9045738
875,Shinya Yamanaka,Shinya Yamanaka,https://openalex.org/A5081862387,Shinya Yamanaka,W1994142477|US-9045738,W1994142477,9045738
875,Shinya Yamanaka,Shinya Yamanaka,https://openalex.org/A5081862387,Shinya Yamanaka,W1996511379|US-9045738,W1996511379,9045738
875,Shinya Yamanaka,Shinya Yamanaka,https://openalex.org/A5081862387,Shinya Yamanaka,W2007786482|US-9045738,W2007786482,9045738
875,Shinya Yamanaka,Shinya Yamanaka,https://openalex.org/A5081862387,Shinya Yamanaka,W2016958167|US-9045738,W2016958167,9045738
875,Shinya Yamanaka,Shinya Yamanaka,https://openalex.org/A5081862387,Shinya Yamanaka,W2030258556|US-9045738,W2030258556,9045738
875,Shinya Yamanaka,Shinya Yamanaka,https://openalex.org/A5081862387,Shinya Yamanaka,W2032058920|US-9045738,W2032058920,9045738
875,Shinya Yamanaka,Shinya Yamanaka,https://openalex.org/A5081862387,Shinya Yamanaka,W2032336674|US-9045738,W2032336674,9045738
875,Shinya Yamanaka,Shinya Yamanaka,https://openalex.org/A5081862387,Shinya Yamanaka,W2035121417|US-9045738,W2035121417,9045738
875,Shinya Yamanaka,Shinya Yamanaka,https://openalex.org/A5081862387,Shinya Yamanaka,W2043457504|US-9045738,W2043457504,9045738
875,Shinya Yamanaka,Shinya Yamanaka,https://openalex.org/A5081862387,Shinya Yamanaka,W2027545578|US-9045738,W2027545578,9045738
875,Shinya Yamanaka,Shinya Yamanaka,https://openalex.org/A5081862387,Shinya Yamanaka,W1996511379|US-9005975,W1996511379,9005975
875,Shinya Yamanaka,Shinya Yamanaka,https://openalex.org/A5081862387,Shinya Yamanaka,W2168599603|US-9005967,W2168599603,9005967
875,Shinya Yamanaka,Shinya Yamanaka,https://openalex.org/A5081862387,Shinya Yamanaka,W4211226719|US-9005967,W4211226719,9005967
875,Shinya Yamanaka,Shinya Yamanaka,https://openalex.org/A5081862387,Shinya Yamanaka,W4252095421|US-9005967,W4252095421,9005967
875,Shinya Yamanaka,Shinya Yamanaka,https://openalex.org/A5081862387,Shinya Yamanaka,W1602568023|US-9005975,W1602568023,9005975
875,Shinya Yamanaka,Shinya Yamanaka,https://openalex.org/A5081862387,Shinya Yamanaka,W1986297657|US-9005975,W1986297657,9005975
875,Shinya Yamanaka,Shinya Yamanaka,https://openalex.org/A5081862387,Shinya Yamanaka,W1994142477|US-9005975,W1994142477,9005975
875,Shinya Yamanaka,Shinya Yamanaka,https://openalex.org/A5081862387,Shinya Yamanaka,W2032336674|US-9005975,W2032336674,9005975
875,Shinya Yamanaka,Shinya Yamanaka,https://openalex.org/A5081862387,Shinya Yamanaka,W2016958167|US-9005975,W2016958167,9005975
875,Shinya Yamanaka,Shinya Yamanaka,https://openalex.org/A5081862387,Shinya Yamanaka,W2027545578|US-9005975,W2027545578,9005975
875,Shinya Yamanaka,Shinya Yamanaka,https://openalex.org/A5081862387,Shinya Yamanaka,W2030258556|US-9005975,W2030258556,9005975
875,Shinya Yamanaka,Shinya Yamanaka,https://openalex.org/A5081862387,Shinya Yamanaka,W2032058920|US-9005975,W2032058920,9005975
875,Shinya Yamanaka,Shinya Yamanaka,https://openalex.org/A5081862387,Shinya Yamanaka,W2159604274|US-9005967,W2159604274,9005967
875,Shinya Yamanaka,Shinya Yamanaka,https://openalex.org/A5081862387,Shinya Yamanaka,W2043457504|US-9005975,W2043457504,9005975
875,Shinya Yamanaka,Shinya Yamanaka,https://openalex.org/A5081862387,Shinya Yamanaka,W2052406996|US-9005975,W2052406996,9005975
875,Shinya Yamanaka,Shinya Yamanaka,https://openalex.org/A5081862387,Shinya Yamanaka,W2072621038|US-9005975,W2072621038,9005975
875,Shinya Yamanaka,Shinya Yamanaka,https://openalex.org/A5081862387,Shinya Yamanaka,W2076299452|US-9005975,W2076299452,9005975
875,Shinya Yamanaka,Shinya Yamanaka,https://openalex.org/A5081862387,Shinya Yamanaka,W2159714953|US-9005967,W2159714953,9005967
875,Shinya Yamanaka,Shinya Yamanaka,https://openalex.org/A5081862387,Shinya Yamanaka,W2116826060|US-9005967,W2116826060,9005967
875,Shinya Yamanaka,Shinya Yamanaka,https://openalex.org/A5081862387,Shinya Yamanaka,W2158992759|US-9005967,W2158992759,9005967
875,Shinya Yamanaka,Shinya Yamanaka,https://openalex.org/A5081862387,Shinya Yamanaka,W2157073241|US-9005967,W2157073241,9005967
875,Shinya Yamanaka,Shinya Yamanaka,https://openalex.org/A5081862387,Shinya Yamanaka,W1986297657|US-9005967,W1986297657,9005967
875,Shinya Yamanaka,Shinya Yamanaka,https://openalex.org/A5081862387,Shinya Yamanaka,W1994450611|US-9005967,W1994450611,9005967
875,Shinya Yamanaka,Shinya Yamanaka,https://openalex.org/A5081862387,Shinya Yamanaka,W2016637438|US-9005967,W2016637438,9005967
875,Shinya Yamanaka,Shinya Yamanaka,https://openalex.org/A5081862387,Shinya Yamanaka,W2016958167|US-9005967,W2016958167,9005967
875,Shinya Yamanaka,Shinya Yamanaka,https://openalex.org/A5081862387,Shinya Yamanaka,W2030258556|US-9005967,W2030258556,9005967
875,Shinya Yamanaka,Shinya Yamanaka,https://openalex.org/A5081862387,Shinya Yamanaka,W2032058920|US-9005967,W2032058920,9005967
875,Shinya Yamanaka,Shinya Yamanaka,https://openalex.org/A5081862387,Shinya Yamanaka,W2032336674|US-9005967,W2032336674,9005967
875,Shinya Yamanaka,Shinya Yamanaka,https://openalex.org/A5081862387,Shinya Yamanaka,W2074725342|US-9005967,W2074725342,9005967
875,Shinya Yamanaka,Shinya Yamanaka,https://openalex.org/A5081862387,Shinya Yamanaka,W2094703360|US-9005967,W2094703360,9005967
875,Shinya Yamanaka,Shinya Yamanaka,https://openalex.org/A5081862387,Shinya Yamanaka,W2099313405|US-9005967,W2099313405,9005967
875,Shinya Yamanaka,Shinya Yamanaka,https://openalex.org/A5081862387,Shinya Yamanaka,W2104962692|US-9005967,W2104962692,9005967
875,Shinya Yamanaka,Shinya Yamanaka,https://openalex.org/A5081862387,Shinya Yamanaka,W2115654652|US-9005967,W2115654652,9005967
875,Shinya Yamanaka,Shinya Yamanaka,https://openalex.org/A5081862387,Shinya Yamanaka,W2094280614|US-9005975,W2094280614,9005975
875,Shinya Yamanaka,Shinya Yamanaka,https://openalex.org/A5081862387,Shinya Yamanaka,W2143229579|US-9005967,W2143229579,9005967
875,Shinya Yamanaka,Shinya Yamanaka,https://openalex.org/A5081862387,Shinya Yamanaka,W2151510743|US-9005967,W2151510743,9005967
875,Shinya Yamanaka,Shinya Yamanaka,https://openalex.org/A5081862387,Shinya Yamanaka,W2152492589|US-9005967,W2152492589,9005967
875,Shinya Yamanaka,Shinya Yamanaka,https://openalex.org/A5081862387,Shinya Yamanaka,W2081620485|US-9005975,W2081620485,9005975
875,Shinya Yamanaka,Shinya Yamanaka,https://openalex.org/A5081862387,Shinya Yamanaka,W2035121417|US-9005967,W2035121417,9005967
875,Shinya Yamanaka,Shinya Yamanaka,https://openalex.org/A5081862387,Shinya Yamanaka,W2094703360|US-9005975,W2094703360,9005975
875,Shinya Yamanaka,Shinya Yamanaka,https://openalex.org/A5081862387,Shinya Yamanaka,W2157073241|US-9005976,W2157073241,9005976
875,Shinya Yamanaka,Shinya Yamanaka,https://openalex.org/A5081862387,Shinya Yamanaka,W2076299452|US-9005976,W2076299452,9005976
875,Shinya Yamanaka,Shinya Yamanaka,https://openalex.org/A5081862387,Shinya Yamanaka,W2085884630|US-9005976,W2085884630,9005976
875,Shinya Yamanaka,Shinya Yamanaka,https://openalex.org/A5081862387,Shinya Yamanaka,W2094703360|US-9005976,W2094703360,9005976
875,Shinya Yamanaka,Shinya Yamanaka,https://openalex.org/A5081862387,Shinya Yamanaka,W2104962692|US-9005976,W2104962692,9005976
875,Shinya Yamanaka,Shinya Yamanaka,https://openalex.org/A5081862387,Shinya Yamanaka,W2115654652|US-9005976,W2115654652,9005976
875,Shinya Yamanaka,Shinya Yamanaka,https://openalex.org/A5081862387,Shinya Yamanaka,W2116826060|US-9005976,W2116826060,9005976
875,Shinya Yamanaka,Shinya Yamanaka,https://openalex.org/A5081862387,Shinya Yamanaka,W2131074858|US-9005976,W2131074858,9005976
875,Shinya Yamanaka,Shinya Yamanaka,https://openalex.org/A5081862387,Shinya Yamanaka,W2143229579|US-9005976,W2143229579,9005976
875,Shinya Yamanaka,Shinya Yamanaka,https://openalex.org/A5081862387,Shinya Yamanaka,W2147802916|US-9005976,W2147802916,9005976
875,Shinya Yamanaka,Shinya Yamanaka,https://openalex.org/A5081862387,Shinya Yamanaka,W2151510743|US-9005976,W2151510743,9005976
875,Shinya Yamanaka,Shinya Yamanaka,https://openalex.org/A5081862387,Shinya Yamanaka,W2154192208|US-9005976,W2154192208,9005976
875,Shinya Yamanaka,Shinya Yamanaka,https://openalex.org/A5081862387,Shinya Yamanaka,W2158992759|US-9005976,W2158992759,9005976
875,Shinya Yamanaka,Shinya Yamanaka,https://openalex.org/A5081862387,Shinya Yamanaka,W2035121417|US-9005976,W2035121417,9005976
875,Shinya Yamanaka,Shinya Yamanaka,https://openalex.org/A5081862387,Shinya Yamanaka,W2159604274|US-9005976,W2159604274,9005976
875,Shinya Yamanaka,Shinya Yamanaka,https://openalex.org/A5081862387,Shinya Yamanaka,W2159714953|US-9005976,W2159714953,9005976
875,Shinya Yamanaka,Shinya Yamanaka,https://openalex.org/A5081862387,Shinya Yamanaka,W2168599603|US-9005976,W2168599603,9005976
875,Shinya Yamanaka,Shinya Yamanaka,https://openalex.org/A5081862387,Shinya Yamanaka,W4252095421|US-9005976,W4252095421,9005976
875,Shinya Yamanaka,Shinya Yamanaka,https://openalex.org/A5081862387,Shinya Yamanaka,W2096216062|US-9005975,W2096216062,9005975
875,Shinya Yamanaka,Shinya Yamanaka,https://openalex.org/A5081862387,Shinya Yamanaka,W2072621038|US-9005976,W2072621038,9005976
875,Shinya Yamanaka,Shinya Yamanaka,https://openalex.org/A5081862387,Shinya Yamanaka,W2131635560|US-9005976,W2131635560,9005976
875,Shinya Yamanaka,Shinya Yamanaka,https://openalex.org/A5081862387,Shinya Yamanaka,W2032336674|US-9005976,W2032336674,9005976
875,Shinya Yamanaka,Shinya Yamanaka,https://openalex.org/A5081862387,Shinya Yamanaka,W4252095421|US-9005975,W4252095421,9005975
875,Shinya Yamanaka,Shinya Yamanaka,https://openalex.org/A5081862387,Shinya Yamanaka,W2104962692|US-9005975,W2104962692,9005975
875,Shinya Yamanaka,Shinya Yamanaka,https://openalex.org/A5081862387,Shinya Yamanaka,W2115654652|US-9005975,W2115654652,9005975
875,Shinya Yamanaka,Shinya Yamanaka,https://openalex.org/A5081862387,Shinya Yamanaka,W2116826060|US-9005975,W2116826060,9005975
875,Shinya Yamanaka,Shinya Yamanaka,https://openalex.org/A5081862387,Shinya Yamanaka,W2032058920|US-9005976,W2032058920,9005976
875,Shinya Yamanaka,Shinya Yamanaka,https://openalex.org/A5081862387,Shinya Yamanaka,W2143229579|US-9005975,W2143229579,9005975
875,Shinya Yamanaka,Shinya Yamanaka,https://openalex.org/A5081862387,Shinya Yamanaka,W2154192208|US-9005975,W2154192208,9005975
875,Shinya Yamanaka,Shinya Yamanaka,https://openalex.org/A5081862387,Shinya Yamanaka,W2157073241|US-9005975,W2157073241,9005975
875,Shinya Yamanaka,Shinya Yamanaka,https://openalex.org/A5081862387,Shinya Yamanaka,W2158992759|US-9005975,W2158992759,9005975
875,Shinya Yamanaka,Shinya Yamanaka,https://openalex.org/A5081862387,Shinya Yamanaka,W2159714953|US-9005975,W2159714953,9005975
875,Shinya Yamanaka,Shinya Yamanaka,https://openalex.org/A5081862387,Shinya Yamanaka,W2131074858|US-9005975,W2131074858,9005975
875,Shinya Yamanaka,Shinya Yamanaka,https://openalex.org/A5081862387,Shinya Yamanaka,W1994450611|US-9005976,W1994450611,9005976
875,Shinya Yamanaka,Shinya Yamanaka,https://openalex.org/A5081862387,Shinya Yamanaka,W2030258556|US-9005976,W2030258556,9005976
875,Shinya Yamanaka,Shinya Yamanaka,https://openalex.org/A5081862387,Shinya Yamanaka,W2016637438|US-9005976,W2016637438,9005976
875,Shinya Yamanaka,Shinya Yamanaka,https://openalex.org/A5081862387,Shinya Yamanaka,W1996511379|US-9005976,W1996511379,9005976
875,Shinya Yamanaka,Shinya Yamanaka,https://openalex.org/A5081862387,Shinya Yamanaka,W2016958167|US-9005976,W2016958167,9005976
875,Shinya Yamanaka,Shinya Yamanaka,https://openalex.org/A5081862387,Shinya Yamanaka,W1994142477|US-9005976,W1994142477,9005976
875,Shinya Yamanaka,Shinya Yamanaka,https://openalex.org/A5081862387,Shinya Yamanaka,W1986297657|US-9005976,W1986297657,9005976
875,Shinya Yamanaka,Shinya Yamanaka,https://openalex.org/A5081862387,Shinya Yamanaka,W185601410|US-9005976,W185601410,9005976
853,Akira Suzuki,Akira Suzuki,https://openalex.org/A5100637449,Akira Suzuki,W2143338605|US-8963489,W2143338605,8963489
853,Akira Suzuki,Akira Suzuki,https://openalex.org/A5100637449,Akira Suzuki,W2332351768|US-8963489,W2332351768,8963489
875,Shinya Yamanaka,Shinya Yamanaka,https://openalex.org/A5081862387,Shinya Yamanaka,W1996511379|US-8951801,W1996511379,8951801
875,Shinya Yamanaka,Shinya Yamanaka,https://openalex.org/A5081862387,Shinya Yamanaka,W1994450611|US-8951801,W1994450611,8951801
875,Shinya Yamanaka,Shinya Yamanaka,https://openalex.org/A5081862387,Shinya Yamanaka,W2016637438|US-8951801,W2016637438,8951801
875,Shinya Yamanaka,Shinya Yamanaka,https://openalex.org/A5081862387,Shinya Yamanaka,W2119109414|US-8951801,W2119109414,8951801
875,Shinya Yamanaka,Shinya Yamanaka,https://openalex.org/A5081862387,Shinya Yamanaka,W2030258556|US-8951801,W2030258556,8951801
875,Shinya Yamanaka,Shinya Yamanaka,https://openalex.org/A5081862387,Shinya Yamanaka,W2158992759|US-8951801,W2158992759,8951801
875,Shinya Yamanaka,Shinya Yamanaka,https://openalex.org/A5081862387,Shinya Yamanaka,W2143229579|US-8951801,W2143229579,8951801
875,Shinya Yamanaka,Shinya Yamanaka,https://openalex.org/A5081862387,Shinya Yamanaka,W4252095421|US-8951801,W4252095421,8951801
875,Shinya Yamanaka,Shinya Yamanaka,https://openalex.org/A5081862387,Shinya Yamanaka,W2043457504|US-8951801,W2043457504,8951801
875,Shinya Yamanaka,Shinya Yamanaka,https://openalex.org/A5081862387,Shinya Yamanaka,W2035121417|US-8951801,W2035121417,8951801
875,Shinya Yamanaka,Shinya Yamanaka,https://openalex.org/A5081862387,Shinya Yamanaka,W2032058920|US-8951801,W2032058920,8951801
875,Shinya Yamanaka,Shinya Yamanaka,https://openalex.org/A5081862387,Shinya Yamanaka,W2016637438|US-8940533,W2016637438,8940533
875,Shinya Yamanaka,Shinya Yamanaka,https://openalex.org/A5081862387,Shinya Yamanaka,W2007786482|US-8940533,W2007786482,8940533
875,Shinya Yamanaka,Shinya Yamanaka,https://openalex.org/A5081862387,Shinya Yamanaka,W2094703360|US-8932857,W2094703360,8932857
875,Shinya Yamanaka,Shinya Yamanaka,https://openalex.org/A5081862387,Shinya Yamanaka,W2158992759|US-8932857,W2158992759,8932857
875,Shinya Yamanaka,Shinya Yamanaka,https://openalex.org/A5081862387,Shinya Yamanaka,W2157073241|US-8932857,W2157073241,8932857
875,Shinya Yamanaka,Shinya Yamanaka,https://openalex.org/A5081862387,Shinya Yamanaka,W2151510743|US-8932857,W2151510743,8932857
875,Shinya Yamanaka,Shinya Yamanaka,https://openalex.org/A5081862387,Shinya Yamanaka,W2147802916|US-8932857,W2147802916,8932857
875,Shinya Yamanaka,Shinya Yamanaka,https://openalex.org/A5081862387,Shinya Yamanaka,W2143229579|US-8932857,W2143229579,8932857
875,Shinya Yamanaka,Shinya Yamanaka,https://openalex.org/A5081862387,Shinya Yamanaka,W2131635560|US-8932857,W2131635560,8932857
875,Shinya Yamanaka,Shinya Yamanaka,https://openalex.org/A5081862387,Shinya Yamanaka,W2116826060|US-8932857,W2116826060,8932857
875,Shinya Yamanaka,Shinya Yamanaka,https://openalex.org/A5081862387,Shinya Yamanaka,W2105151327|US-8932857,W2105151327,8932857
875,Shinya Yamanaka,Shinya Yamanaka,https://openalex.org/A5081862387,Shinya Yamanaka,W2104962692|US-8932857,W2104962692,8932857
875,Shinya Yamanaka,Shinya Yamanaka,https://openalex.org/A5081862387,Shinya Yamanaka,W2099313405|US-8932857,W2099313405,8932857
875,Shinya Yamanaka,Shinya Yamanaka,https://openalex.org/A5081862387,Shinya Yamanaka,W2094280614|US-8932857,W2094280614,8932857
875,Shinya Yamanaka,Shinya Yamanaka,https://openalex.org/A5081862387,Shinya Yamanaka,W2159714953|US-8932857,W2159714953,8932857
875,Shinya Yamanaka,Shinya Yamanaka,https://openalex.org/A5081862387,Shinya Yamanaka,W2085884630|US-8932857,W2085884630,8932857
875,Shinya Yamanaka,Shinya Yamanaka,https://openalex.org/A5081862387,Shinya Yamanaka,W2074746727|US-8932857,W2074746727,8932857
875,Shinya Yamanaka,Shinya Yamanaka,https://openalex.org/A5081862387,Shinya Yamanaka,W2067025407|US-8932857,W2067025407,8932857
875,Shinya Yamanaka,Shinya Yamanaka,https://openalex.org/A5081862387,Shinya Yamanaka,W2035121417|US-8932857,W2035121417,8932857
875,Shinya Yamanaka,Shinya Yamanaka,https://openalex.org/A5081862387,Shinya Yamanaka,W2032336674|US-8932857,W2032336674,8932857
875,Shinya Yamanaka,Shinya Yamanaka,https://openalex.org/A5081862387,Shinya Yamanaka,W2030258556|US-8932857,W2030258556,8932857
875,Shinya Yamanaka,Shinya Yamanaka,https://openalex.org/A5081862387,Shinya Yamanaka,W2016958167|US-8932857,W2016958167,8932857
875,Shinya Yamanaka,Shinya Yamanaka,https://openalex.org/A5081862387,Shinya Yamanaka,W2000714884|US-8932857,W2000714884,8932857
875,Shinya Yamanaka,Shinya Yamanaka,https://openalex.org/A5081862387,Shinya Yamanaka,W1986297657|US-8932857,W1986297657,8932857
875,Shinya Yamanaka,Shinya Yamanaka,https://openalex.org/A5081862387,Shinya Yamanaka,W2159604274|US-8932857,W2159604274,8932857
875,Shinya Yamanaka,Shinya Yamanaka,https://openalex.org/A5081862387,Shinya Yamanaka,W2115654652|US-8932857,W2115654652,8932857
875,Shinya Yamanaka,Shinya Yamanaka,https://openalex.org/A5081862387,Shinya Yamanaka,W2159873771|US-8932857,W2159873771,8932857
875,Shinya Yamanaka,Shinya Yamanaka,https://openalex.org/A5081862387,Shinya Yamanaka,W2168599603|US-8932857,W2168599603,8932857
875,Shinya Yamanaka,Shinya Yamanaka,https://openalex.org/A5081862387,Shinya Yamanaka,W4211226719|US-8932857,W4211226719,8932857
875,Shinya Yamanaka,Shinya Yamanaka,https://openalex.org/A5081862387,Shinya Yamanaka,W4252095421|US-8932857,W4252095421,8932857
875,Shinya Yamanaka,Shinya Yamanaka,https://openalex.org/A5081862387,Shinya Yamanaka,W2143229579|US-8927277,W2143229579,8927277
875,Shinya Yamanaka,Shinya Yamanaka,https://openalex.org/A5081862387,Shinya Yamanaka,W4252095421|US-8927277,W4252095421,8927277
875,Shinya Yamanaka,Shinya Yamanaka,https://openalex.org/A5081862387,Shinya Yamanaka,W4211226719|US-8927277,W4211226719,8927277
875,Shinya Yamanaka,Shinya Yamanaka,https://openalex.org/A5081862387,Shinya Yamanaka,W2159873771|US-8927277,W2159873771,8927277
875,Shinya Yamanaka,Shinya Yamanaka,https://openalex.org/A5081862387,Shinya Yamanaka,W2159714953|US-8927277,W2159714953,8927277
875,Shinya Yamanaka,Shinya Yamanaka,https://openalex.org/A5081862387,Shinya Yamanaka,W2159604274|US-8927277,W2159604274,8927277
875,Shinya Yamanaka,Shinya Yamanaka,https://openalex.org/A5081862387,Shinya Yamanaka,W2158992759|US-8927277,W2158992759,8927277
875,Shinya Yamanaka,Shinya Yamanaka,https://openalex.org/A5081862387,Shinya Yamanaka,W2030258556|US-8927277,W2030258556,8927277
875,Shinya Yamanaka,Shinya Yamanaka,https://openalex.org/A5081862387,Shinya Yamanaka,W2116826060|US-8927277,W2116826060,8927277
875,Shinya Yamanaka,Shinya Yamanaka,https://openalex.org/A5081862387,Shinya Yamanaka,W2104962692|US-8927277,W2104962692,8927277
875,Shinya Yamanaka,Shinya Yamanaka,https://openalex.org/A5081862387,Shinya Yamanaka,W2099313405|US-8927277,W2099313405,8927277
875,Shinya Yamanaka,Shinya Yamanaka,https://openalex.org/A5081862387,Shinya Yamanaka,W2016958167|US-8927277,W2016958167,8927277
875,Shinya Yamanaka,Shinya Yamanaka,https://openalex.org/A5081862387,Shinya Yamanaka,W2000714884|US-8927277,W2000714884,8927277
875,Shinya Yamanaka,Shinya Yamanaka,https://openalex.org/A5081862387,Shinya Yamanaka,W1994450611|US-8927277,W1994450611,8927277
875,Shinya Yamanaka,Shinya Yamanaka,https://openalex.org/A5081862387,Shinya Yamanaka,W1986297657|US-8927277,W1986297657,8927277
907,Hiroshi Amano,Hiroshi Amano,https://openalex.org/A5048399593,Hiroshi Amano,W2093306209|US-8921980,W2093306209,8921980
875,Shinya Yamanaka,Shinya Yamanaka,https://openalex.org/A5081862387,Shinya Yamanaka,W2016958167|US-8900871,W2016958167,8900871
875,Shinya Yamanaka,Shinya Yamanaka,https://openalex.org/A5081862387,Shinya Yamanaka,W2052406996|US-8900871,W2052406996,8900871
875,Shinya Yamanaka,Shinya Yamanaka,https://openalex.org/A5081862387,Shinya Yamanaka,W2030258556|US-8900871,W2030258556,8900871
875,Shinya Yamanaka,Shinya Yamanaka,https://openalex.org/A5081862387,Shinya Yamanaka,W2032058920|US-8900871,W2032058920,8900871
875,Shinya Yamanaka,Shinya Yamanaka,https://openalex.org/A5081862387,Shinya Yamanaka,W2032336674|US-8900871,W2032336674,8900871
875,Shinya Yamanaka,Shinya Yamanaka,https://openalex.org/A5081862387,Shinya Yamanaka,W2035121417|US-8900871,W2035121417,8900871
875,Shinya Yamanaka,Shinya Yamanaka,https://openalex.org/A5081862387,Shinya Yamanaka,W2043457504|US-8900871,W2043457504,8900871
875,Shinya Yamanaka,Shinya Yamanaka,https://openalex.org/A5081862387,Shinya Yamanaka,W2158992759|US-8900871,W2158992759,8900871
875,Shinya Yamanaka,Shinya Yamanaka,https://openalex.org/A5081862387,Shinya Yamanaka,W2094703360|US-8900871,W2094703360,8900871
875,Shinya Yamanaka,Shinya Yamanaka,https://openalex.org/A5081862387,Shinya Yamanaka,W2104962692|US-8900871,W2104962692,8900871
875,Shinya Yamanaka,Shinya Yamanaka,https://openalex.org/A5081862387,Shinya Yamanaka,W2143229579|US-8900871,W2143229579,8900871
875,Shinya Yamanaka,Shinya Yamanaka,https://openalex.org/A5081862387,Shinya Yamanaka,W2159714953|US-8900871,W2159714953,8900871
875,Shinya Yamanaka,Shinya Yamanaka,https://openalex.org/A5081862387,Shinya Yamanaka,W4252095421|US-8900871,W4252095421,8900871
875,Shinya Yamanaka,Shinya Yamanaka,https://openalex.org/A5081862387,Shinya Yamanaka,W1986297657|US-8900871,W1986297657,8900871
875,Shinya Yamanaka,Shinya Yamanaka,https://openalex.org/A5081862387,Shinya Yamanaka,W2159604274|US-8883498,W2159604274,8883498
875,Shinya Yamanaka,Shinya Yamanaka,https://openalex.org/A5081862387,Shinya Yamanaka,W2151510743|US-8871504,W2151510743,8871504
875,Shinya Yamanaka,Shinya Yamanaka,https://openalex.org/A5081862387,Shinya Yamanaka,W2154192208|US-8871504,W2154192208,8871504
875,Shinya Yamanaka,Shinya Yamanaka,https://openalex.org/A5081862387,Shinya Yamanaka,W2157073241|US-8871504,W2157073241,8871504
875,Shinya Yamanaka,Shinya Yamanaka,https://openalex.org/A5081862387,Shinya Yamanaka,W2158992759|US-8871504,W2158992759,8871504
875,Shinya Yamanaka,Shinya Yamanaka,https://openalex.org/A5081862387,Shinya Yamanaka,W2159604274|US-8871504,W2159604274,8871504
875,Shinya Yamanaka,Shinya Yamanaka,https://openalex.org/A5081862387,Shinya Yamanaka,W2159714953|US-8871504,W2159714953,8871504
875,Shinya Yamanaka,Shinya Yamanaka,https://openalex.org/A5081862387,Shinya Yamanaka,W2168599603|US-8871504,W2168599603,8871504
875,Shinya Yamanaka,Shinya Yamanaka,https://openalex.org/A5081862387,Shinya Yamanaka,W4252095421|US-8871504,W4252095421,8871504
875,Shinya Yamanaka,Shinya Yamanaka,https://openalex.org/A5081862387,Shinya Yamanaka,W2143229579|US-8871504,W2143229579,8871504
875,Shinya Yamanaka,Shinya Yamanaka,https://openalex.org/A5081862387,Shinya Yamanaka,W2147802916|US-8871504,W2147802916,8871504
875,Shinya Yamanaka,Shinya Yamanaka,https://openalex.org/A5081862387,Shinya Yamanaka,W2104962692|US-8871504,W2104962692,8871504
875,Shinya Yamanaka,Shinya Yamanaka,https://openalex.org/A5081862387,Shinya Yamanaka,W2131635560|US-8871504,W2131635560,8871504
875,Shinya Yamanaka,Shinya Yamanaka,https://openalex.org/A5081862387,Shinya Yamanaka,W2030258556|US-8871504,W2030258556,8871504
875,Shinya Yamanaka,Shinya Yamanaka,https://openalex.org/A5081862387,Shinya Yamanaka,W1986297657|US-8871504,W1986297657,8871504
875,Shinya Yamanaka,Shinya Yamanaka,https://openalex.org/A5081862387,Shinya Yamanaka,W1996511379|US-8871504,W1996511379,8871504
875,Shinya Yamanaka,Shinya Yamanaka,https://openalex.org/A5081862387,Shinya Yamanaka,W2016958167|US-8871504,W2016958167,8871504
875,Shinya Yamanaka,Shinya Yamanaka,https://openalex.org/A5081862387,Shinya Yamanaka,W2032058920|US-8871504,W2032058920,8871504
875,Shinya Yamanaka,Shinya Yamanaka,https://openalex.org/A5081862387,Shinya Yamanaka,W2131074858|US-8871504,W2131074858,8871504
875,Shinya Yamanaka,Shinya Yamanaka,https://openalex.org/A5081862387,Shinya Yamanaka,W2032336674|US-8871504,W2032336674,8871504
875,Shinya Yamanaka,Shinya Yamanaka,https://openalex.org/A5081862387,Shinya Yamanaka,W2035121417|US-8871504,W2035121417,8871504
875,Shinya Yamanaka,Shinya Yamanaka,https://openalex.org/A5081862387,Shinya Yamanaka,W2072621038|US-8871504,W2072621038,8871504
875,Shinya Yamanaka,Shinya Yamanaka,https://openalex.org/A5081862387,Shinya Yamanaka,W2085884630|US-8871504,W2085884630,8871504
875,Shinya Yamanaka,Shinya Yamanaka,https://openalex.org/A5081862387,Shinya Yamanaka,W2094280614|US-8871504,W2094280614,8871504
875,Shinya Yamanaka,Shinya Yamanaka,https://openalex.org/A5081862387,Shinya Yamanaka,W2094703360|US-8871504,W2094703360,8871504
875,Shinya Yamanaka,Shinya Yamanaka,https://openalex.org/A5081862387,Shinya Yamanaka,W2115654652|US-8871504,W2115654652,8871504
875,Shinya Yamanaka,Shinya Yamanaka,https://openalex.org/A5081862387,Shinya Yamanaka,W2116826060|US-8871504,W2116826060,8871504
875,Shinya Yamanaka,Shinya Yamanaka,https://openalex.org/A5081862387,Shinya Yamanaka,W1994450611|US-8791248,W1994450611,8791248
875,Shinya Yamanaka,Shinya Yamanaka,https://openalex.org/A5081862387,Shinya Yamanaka,W2133853012|US-8791248,W2133853012,8791248
875,Shinya Yamanaka,Shinya Yamanaka,https://openalex.org/A5081862387,Shinya Yamanaka,W2159714953|US-8778681,W2159714953,8778681
875,Shinya Yamanaka,Shinya Yamanaka,https://openalex.org/A5081862387,Shinya Yamanaka,W2131635560|US-8778681,W2131635560,8778681
875,Shinya Yamanaka,Shinya Yamanaka,https://openalex.org/A5081862387,Shinya Yamanaka,W1986297657|US-8748179,W1986297657,8748179
875,Shinya Yamanaka,Shinya Yamanaka,https://openalex.org/A5081862387,Shinya Yamanaka,W2159604274|US-8741644,W2159604274,8741644
875,Shinya Yamanaka,Shinya Yamanaka,https://openalex.org/A5081862387,Shinya Yamanaka,W1986127144|US-8735152,W1986127144,8735152
875,Shinya Yamanaka,Shinya Yamanaka,https://openalex.org/A5081862387,Shinya Yamanaka,W2094280614|US-8658425,W2094280614,8658425
875,Shinya Yamanaka,Shinya Yamanaka,https://openalex.org/A5081862387,Shinya Yamanaka,W2094703360|US-8658425,W2094703360,8658425
875,Shinya Yamanaka,Shinya Yamanaka,https://openalex.org/A5081862387,Shinya Yamanaka,W2159604274|US-8652845,W2159604274,8652845
875,Shinya Yamanaka,Shinya Yamanaka,https://openalex.org/A5081862387,Shinya Yamanaka,W2059613235|US-8551472,W2059613235,8551472
875,Shinya Yamanaka,Shinya Yamanaka,https://openalex.org/A5081862387,Shinya Yamanaka,W2027545578|US-8546141,W2027545578,8546141
875,Shinya Yamanaka,Shinya Yamanaka,https://openalex.org/A5081862387,Shinya Yamanaka,W2043457504|US-8546141,W2043457504,8546141
875,Shinya Yamanaka,Shinya Yamanaka,https://openalex.org/A5081862387,Shinya Yamanaka,W2041494728|US-8546141,W2041494728,8546141
875,Shinya Yamanaka,Shinya Yamanaka,https://openalex.org/A5081862387,Shinya Yamanaka,W1602568023|US-8546141,W1602568023,8546141
875,Shinya Yamanaka,Shinya Yamanaka,https://openalex.org/A5081862387,Shinya Yamanaka,W1996511379|US-8546141,W1996511379,8546141
875,Shinya Yamanaka,Shinya Yamanaka,https://openalex.org/A5081862387,Shinya Yamanaka,W2159714953|US-8530238,W2159714953,8530238
875,Shinya Yamanaka,Shinya Yamanaka,https://openalex.org/A5081862387,Shinya Yamanaka,W2096216062|US-8530238,W2096216062,8530238
875,Shinya Yamanaka,Shinya Yamanaka,https://openalex.org/A5081862387,Shinya Yamanaka,W2099474957|US-8530238,W2099474957,8530238
875,Shinya Yamanaka,Shinya Yamanaka,https://openalex.org/A5081862387,Shinya Yamanaka,W2104962692|US-8530238,W2104962692,8530238
875,Shinya Yamanaka,Shinya Yamanaka,https://openalex.org/A5081862387,Shinya Yamanaka,W2116826060|US-8530238,W2116826060,8530238
875,Shinya Yamanaka,Shinya Yamanaka,https://openalex.org/A5081862387,Shinya Yamanaka,W2119109414|US-8530238,W2119109414,8530238
875,Shinya Yamanaka,Shinya Yamanaka,https://openalex.org/A5081862387,Shinya Yamanaka,W2154192208|US-8530238,W2154192208,8530238
875,Shinya Yamanaka,Shinya Yamanaka,https://openalex.org/A5081862387,Shinya Yamanaka,W2158992759|US-8530238,W2158992759,8530238
875,Shinya Yamanaka,Shinya Yamanaka,https://openalex.org/A5081862387,Shinya Yamanaka,W4252095421|US-8530238,W4252095421,8530238
875,Shinya Yamanaka,Shinya Yamanaka,https://openalex.org/A5081862387,Shinya Yamanaka,W2081620485|US-8530238,W2081620485,8530238
875,Shinya Yamanaka,Shinya Yamanaka,https://openalex.org/A5081862387,Shinya Yamanaka,W2094703360|US-8530238,W2094703360,8530238
875,Shinya Yamanaka,Shinya Yamanaka,https://openalex.org/A5081862387,Shinya Yamanaka,W2030258556|US-8530238,W2030258556,8530238
875,Shinya Yamanaka,Shinya Yamanaka,https://openalex.org/A5081862387,Shinya Yamanaka,W2072621038|US-8530238,W2072621038,8530238
875,Shinya Yamanaka,Shinya Yamanaka,https://openalex.org/A5081862387,Shinya Yamanaka,W1602568023|US-8530238,W1602568023,8530238
875,Shinya Yamanaka,Shinya Yamanaka,https://openalex.org/A5081862387,Shinya Yamanaka,W1986127144|US-8530238,W1986127144,8530238
875,Shinya Yamanaka,Shinya Yamanaka,https://openalex.org/A5081862387,Shinya Yamanaka,W1986297657|US-8530238,W1986297657,8530238
875,Shinya Yamanaka,Shinya Yamanaka,https://openalex.org/A5081862387,Shinya Yamanaka,W2013744830|US-8530238,W2013744830,8530238
875,Shinya Yamanaka,Shinya Yamanaka,https://openalex.org/A5081862387,Shinya Yamanaka,W2016958167|US-8530238,W2016958167,8530238
875,Shinya Yamanaka,Shinya Yamanaka,https://openalex.org/A5081862387,Shinya Yamanaka,W2027545578|US-8530238,W2027545578,8530238
875,Shinya Yamanaka,Shinya Yamanaka,https://openalex.org/A5081862387,Shinya Yamanaka,W2032058920|US-8530238,W2032058920,8530238
875,Shinya Yamanaka,Shinya Yamanaka,https://openalex.org/A5081862387,Shinya Yamanaka,W2032570745|US-8530238,W2032570745,8530238
875,Shinya Yamanaka,Shinya Yamanaka,https://openalex.org/A5081862387,Shinya Yamanaka,W2043457504|US-8530238,W2043457504,8530238
875,Shinya Yamanaka,Shinya Yamanaka,https://openalex.org/A5081862387,Shinya Yamanaka,W2052406996|US-8530238,W2052406996,8530238
875,Shinya Yamanaka,Shinya Yamanaka,https://openalex.org/A5081862387,Shinya Yamanaka,W2059613235|US-8530238,W2059613235,8530238
875,Shinya Yamanaka,Shinya Yamanaka,https://openalex.org/A5081862387,Shinya Yamanaka,W2066483052|US-8530238,W2066483052,8530238
875,Shinya Yamanaka,Shinya Yamanaka,https://openalex.org/A5081862387,Shinya Yamanaka,W2104962692|US-8518880,W2104962692,8518880
875,Shinya Yamanaka,Shinya Yamanaka,https://openalex.org/A5081862387,Shinya Yamanaka,W2118922078|US-8278104,W2118922078,8278104
875,Shinya Yamanaka,Shinya Yamanaka,https://openalex.org/A5081862387,Shinya Yamanaka,W2138977668|US-8278104,W2138977668,8278104
875,Shinya Yamanaka,Shinya Yamanaka,https://openalex.org/A5081862387,Shinya Yamanaka,W2125987139|US-8278104,W2125987139,8278104
875,Shinya Yamanaka,Shinya Yamanaka,https://openalex.org/A5081862387,Shinya Yamanaka,W2118627077|US-8278104,W2118627077,8278104
875,Shinya Yamanaka,Shinya Yamanaka,https://openalex.org/A5081862387,Shinya Yamanaka,W146860848|US-8278104,W146860848,8278104
742,Ryoji Noyori,Ryoji Noyori,https://openalex.org/A5054350731,Ryōji Noyori,W1975956534|US-8212037,W1975956534,8212037
875,Shinya Yamanaka,Shinya Yamanaka,https://openalex.org/A5081862387,Shinya Yamanaka,W2138977668|US-8129187,W2138977668,8129187
875,Shinya Yamanaka,Shinya Yamanaka,https://openalex.org/A5081862387,Shinya Yamanaka,W2118627077|US-8129187,W2118627077,8129187
875,Shinya Yamanaka,Shinya Yamanaka,https://openalex.org/A5081862387,Shinya Yamanaka,W2125987139|US-8129187,W2125987139,8129187
814,Albert Fert,Albert Fert,https://openalex.org/A5055262951,A. Fert,W2018459139|US-8107281,W2018459139,8107281
814,Albert Fert,Albert Fert,https://openalex.org/A5055262951,A. Fert,W1991215784|US-8107281,W1991215784,8107281
814,Albert Fert,Albert Fert,https://openalex.org/A5055262951,A. Fert,W2022720021|US-8107281,W2022720021,8107281
757,Koichi Tanaka,Koichi Tanaka,https://openalex.org/A5009335876,Kōichi Tanaka,W1982981272|US-8101578,W1982981272,8101578
875,Shinya Yamanaka,Shinya Yamanaka,https://openalex.org/A5081862387,Shinya Yamanaka,W2138977668|US-8058065,W2138977668,8058065
875,Shinya Yamanaka,Shinya Yamanaka,https://openalex.org/A5081862387,Shinya Yamanaka,W2118627077|US-8058065,W2118627077,8058065
875,Shinya Yamanaka,Shinya Yamanaka,https://openalex.org/A5081862387,Shinya Yamanaka,W4232523805|US-8058065,W4232523805,8058065
875,Shinya Yamanaka,Shinya Yamanaka,https://openalex.org/A5081862387,Shinya Yamanaka,W2125987139|US-8058065,W2125987139,8058065
875,Shinya Yamanaka,Shinya Yamanaka,https://openalex.org/A5081862387,Shinya Yamanaka,W2118922078|US-8058065,W2118922078,8058065
875,Shinya Yamanaka,Shinya Yamanaka,https://openalex.org/A5081862387,Shinya Yamanaka,W2021317109|US-8058065,W2021317109,8058065
875,Shinya Yamanaka,Shinya Yamanaka,https://openalex.org/A5081862387,Shinya Yamanaka,W146860848|US-8058065,W146860848,8058065
875,Shinya Yamanaka,Shinya Yamanaka,https://openalex.org/A5081862387,Shinya Yamanaka,W2125987139|US-8048999,W2125987139,8048999
875,Shinya Yamanaka,Shinya Yamanaka,https://openalex.org/A5081862387,Shinya Yamanaka,W2138977668|US-8048999,W2138977668,8048999
907,Hiroshi Amano,Hiroshi Amano,https://openalex.org/A5048399593,Hiroshi Amano,W2034951971|US-7985964,W2034951971,7985964
906,Isamu Akasaki,Isamu Akasaki,https://openalex.org/A5081597179,Isamu Akasaki,W2034951971|US-7985964,W2034951971,7985964
906,Isamu Akasaki,Isamu Akasaki,https://openalex.org/A5081597179,Isamu Akasaki,W1968590818|US-7985964,W1968590818,7985964
907,Hiroshi Amano,Hiroshi Amano,https://openalex.org/A5048399593,Hiroshi Amano,W1968590818|US-7985964,W1968590818,7985964
907,Hiroshi Amano,Hiroshi Amano,https://openalex.org/A5048399593,Hiroshi Amano,W1989671773|US-7985964,W1989671773,7985964
906,Isamu Akasaki,Isamu Akasaki,https://openalex.org/A5081597179,Isamu Akasaki,W1989671773|US-7985964,W1989671773,7985964
907,Hiroshi Amano,Hiroshi Amano,https://openalex.org/A5048399593,Hiroshi Amano,W2052406658|US-7985964,W2052406658,7985964
906,Isamu Akasaki,Isamu Akasaki,https://openalex.org/A5081597179,Isamu Akasaki,W2052406658|US-7985964,W2052406658,7985964
875,Shinya Yamanaka,Shinya Yamanaka,https://openalex.org/A5081862387,Shinya Yamanaka,W2021317109|US-7964401,W2021317109,7964401
875,Shinya Yamanaka,Shinya Yamanaka,https://openalex.org/A5081862387,Shinya Yamanaka,W2076909460|US-7964401,W2076909460,7964401
875,Shinya Yamanaka,Shinya Yamanaka,https://openalex.org/A5081862387,Shinya Yamanaka,W2066364577|US-7964401,W2066364577,7964401
875,Shinya Yamanaka,Shinya Yamanaka,https://openalex.org/A5081862387,Shinya Yamanaka,W2069058322|US-7964401,W2069058322,7964401
875,Shinya Yamanaka,Shinya Yamanaka,https://openalex.org/A5081862387,Shinya Yamanaka,W2126851387|US-7964401,W2126851387,7964401
875,Shinya Yamanaka,Shinya Yamanaka,https://openalex.org/A5081862387,Shinya Yamanaka,W4232523805|US-7964401,W4232523805,7964401
875,Shinya Yamanaka,Shinya Yamanaka,https://openalex.org/A5081862387,Shinya Yamanaka,W2141424872|US-7964401,W2141424872,7964401
908,Shuji Nakamura,Shuji Nakamura,https://openalex.org/A5030709847,Shuji Nakamura,W2060671141|US-7956360,W2060671141,7956360
814,Albert Fert,Albert Fert,https://openalex.org/A5055262951,A. Fert,W2022720021|US-7936631,W2022720021,7936631
814,Albert Fert,Albert Fert,https://openalex.org/A5055262951,A. Fert,W1991215784|US-7936631,W1991215784,7936631
814,Albert Fert,Albert Fert,https://openalex.org/A5055262951,A. Fert,W1485635115|US-7936631,W1485635115,7936631
908,Shuji Nakamura,Shuji Nakamura,https://openalex.org/A5030709847,Shuji Nakamura,W2060671141|US-7847293,W2060671141,7847293
908,Shuji Nakamura,Shuji Nakamura,https://openalex.org/A5030709847,Shuji Nakamura,W2060671141|US-7842527,W2060671141,7842527
908,Shuji Nakamura,Shuji Nakamura,https://openalex.org/A5030709847,Shuji Nakamura,W2027121711|US-7755172,W2027121711,7755172
742,Ryoji Noyori,Ryoji Noyori,https://openalex.org/A5054350731,Ryōji Noyori,W1975956534|US-7601667,W1975956534,7601667
742,Ryoji Noyori,Ryoji Noyori,https://openalex.org/A5054350731,Ryōji Noyori,W2118786650|US-7601667,W2118786650,7601667
908,Shuji Nakamura,Shuji Nakamura,https://openalex.org/A5030709847,Shuji Nakamura,W2082298130|US-7518159,W2082298130,7518159
908,Shuji Nakamura,Shuji Nakamura,https://openalex.org/A5030709847,Shuji Nakamura,W2059995155|US-7518159,W2059995155,7518159
907,Hiroshi Amano,Hiroshi Amano,https://openalex.org/A5048399593,Hiroshi Amano,W2059995155|US-7518159,W2059995155,7518159
906,Isamu Akasaki,Isamu Akasaki,https://openalex.org/A5081597179,Isamu Akasaki,W2059995155|US-7518159,W2059995155,7518159
908,Shuji Nakamura,Shuji Nakamura,https://openalex.org/A5030709847,Shuji Nakamura,W2015805008|US-7518159,W2015805008,7518159
908,Shuji Nakamura,Shuji Nakamura,https://openalex.org/A5030709847,Shuji Nakamura,W2004869199|US-7518159,W2004869199,7518159
757,Koichi Tanaka,Koichi Tanaka,https://openalex.org/A5009335876,,W2096423439|US-7488474,W2096423439,7488474
1049,Shimon Sakaguchi,Shimon Sakaguchi,https://openalex.org/A5025764166,Shimon Sakaguchi,W2096423439|US-7488474,W2096423439,7488474
1049,Shimon Sakaguchi,Shimon Sakaguchi,https://openalex.org/A5025764166,Shimon Sakaguchi,W10876439|US-7488474,W10876439,7488474
1049,Shimon Sakaguchi,Shimon Sakaguchi,https://openalex.org/A5025764166,Shimon Sakaguchi,W133072645|US-7488474,W133072645,7488474
1049,Shimon Sakaguchi,Shimon Sakaguchi,https://openalex.org/A5025764166,Shimon Sakaguchi,W149473651|US-7488474,W149473651,7488474
1049,Shimon Sakaguchi,Shimon Sakaguchi,https://openalex.org/A5025764166,Shimon Sakaguchi,W1987248027|US-7488474,W1987248027,7488474
1049,Shimon Sakaguchi,Shimon Sakaguchi,https://openalex.org/A5025764166,Shimon Sakaguchi,W2017003957|US-7488474,W2017003957,7488474
1049,Shimon Sakaguchi,Shimon Sakaguchi,https://openalex.org/A5025764166,Shimon Sakaguchi,W2035151186|US-7488474,W2035151186,7488474
1049,Shimon Sakaguchi,Shimon Sakaguchi,https://openalex.org/A5025764166,Shimon Sakaguchi,W2036117709|US-7488474,W2036117709,7488474
1049,Shimon Sakaguchi,Shimon Sakaguchi,https://openalex.org/A5025764166,Shimon Sakaguchi,W2037467064|US-7488474,W2037467064,7488474
1049,Shimon Sakaguchi,Shimon Sakaguchi,https://openalex.org/A5025764166,Shimon Sakaguchi,W2081097933|US-7488474,W2081097933,7488474
1049,Shimon Sakaguchi,Shimon Sakaguchi,https://openalex.org/A5025764166,Shimon Sakaguchi,W2116252546|US-7488474,W2116252546,7488474
1049,Shimon Sakaguchi,Shimon Sakaguchi,https://openalex.org/A5025764166,Shimon Sakaguchi,W2110313965|US-7488474,W2110313965,7488474
1049,Shimon Sakaguchi,Shimon Sakaguchi,https://openalex.org/A5025764166,Shimon Sakaguchi,W2121250603|US-7488474,W2121250603,7488474
1049,Shimon Sakaguchi,Shimon Sakaguchi,https://openalex.org/A5025764166,Shimon Sakaguchi,W2128321423|US-7488474,W2128321423,7488474
1049,Shimon Sakaguchi,Shimon Sakaguchi,https://openalex.org/A5025764166,Shimon Sakaguchi,W2145312523|US-7488474,W2145312523,7488474
1049,Shimon Sakaguchi,Shimon Sakaguchi,https://openalex.org/A5025764166,Shimon Sakaguchi,W2146590694|US-7488474,W2146590694,7488474
1049,Shimon Sakaguchi,Shimon Sakaguchi,https://openalex.org/A5025764166,Shimon Sakaguchi,W2158715209|US-7488474,W2158715209,7488474
1049,Shimon Sakaguchi,Shimon Sakaguchi,https://openalex.org/A5025764166,Shimon Sakaguchi,W2164701887|US-7488474,W2164701887,7488474
1049,Shimon Sakaguchi,Shimon Sakaguchi,https://openalex.org/A5025764166,Shimon Sakaguchi,W2168491130|US-7488474,W2168491130,7488474
1049,Shimon Sakaguchi,Shimon Sakaguchi,https://openalex.org/A5025764166,Shimon Sakaguchi,W4230932412|US-7488474,W4230932412,7488474
1049,Shimon Sakaguchi,Shimon Sakaguchi,https://openalex.org/A5025764166,Shimon Sakaguchi,W4239710358|US-7488474,W4239710358,7488474
1049,Shimon Sakaguchi,Shimon Sakaguchi,https://openalex.org/A5025764166,Shimon Sakaguchi,W2122722718|US-7488474,W2122722718,7488474
852,Ei-ichi Negishi,Ei-ichi Negishi,https://openalex.org/A5049086283,Ei‐ichi Negishi,W2042225856|US-10000432,W2042225856,US-10000432
922,Paul Modrich,Paul Modrich,https://openalex.org/A5060041272,Paul Modrich,W1980282046|US-10000494,W1980282046,US-10000494
992,Jennifer A. Doudna,Jennifer A. Doudna,https://openalex.org/A5067184382,Jennifer A. Doudna,W2986644592|US-10000772,W2986644592,US-10000772
802,Andrew Z. Fire,Andrew Z. Fire,https://openalex.org/A5057231025,Andrew Fire,W1978398372|US-10004800,W1978398372,US-10004800
406,David Baltimore,David Baltimore,https://openalex.org/A5042763205,David Baltimore,W2051395442|US-10006053,W2051395442,US-10006053
406,David Baltimore,David Baltimore,https://openalex.org/A5042763205,David Baltimore,W2153175573|US-10006053,W2153175573,US-10006053
729,Alan J. Heeger,Alan Heeger,https://openalex.org/A5087631107,Alan J. Heeger,W4243446506|US-10008683,W4243446506,US-10008683
155,Robert B. Laughlin,Robert B. Laughlin,https://openalex.org/A5051731365,R. B. Laughlin,W2740297833|US-10012448,W2740297833,US-10012448
1029,Moungi G. Bawendi,Moungi Bawendi,https://openalex.org/A5108389294,Moungi G. Bawendi,W2146397436|US-10014438,W2146397436,US-10014438
1029,Moungi G. Bawendi,Moungi Bawendi,https://openalex.org/A5108389294,Moungi G. Bawendi,W2166992855|US-10014438,W2166992855,US-10014438
958,James P. Allison,James P. Allison,https://openalex.org/A5047117233,James P. Allison,W2157041114|US-10023637,W2157041114,US-10023637
958,James P. Allison,James P. Allison,https://openalex.org/A5047117233,James P. Allison,W1621831367|US-10023637,W1621831367,US-10023637
1039,David Baker,David Baker,https://openalex.org/A5053192926,David Baker,W1996142946|US-10025900,W1996142946,US-10025900
986,Michael Houghton,Michael Houghton,https://openalex.org/A5090612228,Michael Houghton,W2104376843|US-10034936,W2104376843,US-10034936
802,Andrew Z. Fire,Andrew Z. Fire,https://openalex.org/A5057231025,Andrew Fire,W1978398372|US-10035844,W1978398372,US-10035844
729,Alan J. Heeger,Alan Heeger,https://openalex.org/A5087631107,Alan J. Heeger,W1698369525|US-10038156,W1698369525,US-10038156
1039,David Baker,David Baker,https://openalex.org/A5053192926,David Baker,W2260617737|US-10041065,W2260617737,US-10041065
406,David Baltimore,David Baltimore,https://openalex.org/A5042763205,David Baltimore,W2160724571|US-10041072,W2160724571,US-10041072
406,David Baltimore,David Baltimore,https://openalex.org/A5042763205,David Baltimore,W2135135539|US-10041072,W2135135539,US-10041072
1012,Alain Aspect,Alain Aspect,https://openalex.org/A5046427077,Alain Aspect,W2396679293|US-10041835,W2396679293,US-10041835
198,Richard Kuhn,Richard Kuhn,https://openalex.org/A5069864999,Richard Kühn,W2145397344|US-10046045,W2145397344,US-10046045
198,Richard Kuhn,Richard Kuhn,https://openalex.org/A5069864999,Richard Kühn,W2119525935|US-10046045,W2119525935,US-10046045
1049,Shimon Sakaguchi,Shimon Sakaguchi,https://openalex.org/A5025764166,Shimon Sakaguchi,W2164386968|US-10052353,W2164386968,US-10052353
879,Brian K. Kobilka,Brian Kobilka,https://openalex.org/A5079682203,Brian K. Kobilka,W2006998486|US-10054598,W2006998486,US-10054598
879,Brian K. Kobilka,Brian Kobilka,https://openalex.org/A5079682203,Brian K. Kobilka,W2474393700|US-10054598,W2474393700,US-10054598
879,Brian K. Kobilka,Brian Kobilka,https://openalex.org/A5079682203,Brian K. Kobilka,W1988097700|US-10054598,W1988097700,US-10054598
879,Brian K. Kobilka,Brian Kobilka,https://openalex.org/A5079682203,Brian K. Kobilka,W2020601776|US-10054598,W2020601776,US-10054598
879,Brian K. Kobilka,Brian Kobilka,https://openalex.org/A5079682203,Brian K. Kobilka,W2085724886|US-10054598,W2085724886,US-10054598
879,Brian K. Kobilka,Brian Kobilka,https://openalex.org/A5079682203,Brian K. Kobilka,W2113074382|US-10054598,W2113074382,US-10054598
878,Robert J. Lefkowitz,Robert J. Lefkowitz,https://openalex.org/A5080672788,Robert J. Lefkowitz,W2113074382|US-10054598,W2113074382,US-10054598
879,Brian K. Kobilka,Brian Kobilka,https://openalex.org/A5079682203,Brian K. Kobilka,W1975641514|US-10054598,W1975641514,US-10054598
879,Brian K. Kobilka,Brian Kobilka,https://openalex.org/A5079682203,Brian K. Kobilka,W2167857702|US-10054598,W2167857702,US-10054598
1051,Michel H. Devoret,Michel H. Devoret,https://openalex.org/A5089631322,Michel Devoret,W1963850823|US-10056885,W1963850823,US-10056885
1049,Shimon Sakaguchi,Shimon Sakaguchi,https://openalex.org/A5025764166,Shimon Sakaguchi,W2164386968|US-10058578,W2164386968,US-10058578
795,Robert H. Grubbs,Robert H. Grubbs,https://openalex.org/A5078597191,Robert H. Grubbs,W2561139824|US-10059726,W2561139824,US-10059726
198,Richard Kuhn,Richard Kuhn,https://openalex.org/A5069864999,Richard Kühn,W2121726045|US-10060924,W2121726045,US-10060924
795,Robert H. Grubbs,Robert H. Grubbs,https://openalex.org/A5078597191,Robert H. Grubbs,W2951982916|US-10072030,W2951982916,US-10072030
795,Robert H. Grubbs,Robert H. Grubbs,https://openalex.org/A5078597191,Robert H. Grubbs,W1944484547|US-10072030,W1944484547,US-10072030
795,Robert H. Grubbs,Robert H. Grubbs,https://openalex.org/A5078597191,Robert H. Grubbs,W2561139824|US-10072030,W2561139824,US-10072030
795,Robert H. Grubbs,Robert H. Grubbs,https://openalex.org/A5078597191,Robert H. Grubbs,W2035221061|US-10072030,W2035221061,US-10072030
1051,Michel H. Devoret,Michel H. Devoret,https://openalex.org/A5089631322,Michel Devoret,W1963850823|US-10074793,W1963850823,US-10074793
875,Shinya Yamanaka,Shinya Yamanaka,https://openalex.org/A5081862387,Shinya Yamanaka,W2138977668|US-10077429,W2138977668,US-10077429
875,Shinya Yamanaka,Shinya Yamanaka,https://openalex.org/A5081862387,Shinya Yamanaka,W1978173381|US-10077429,W1978173381,US-10077429
875,Shinya Yamanaka,Shinya Yamanaka,https://openalex.org/A5081862387,Shinya Yamanaka,W2125987139|US-10077429,W2125987139,US-10077429
992,Jennifer A. Doudna,Jennifer A. Doudna,https://openalex.org/A5067184382,Jennifer A. Doudna,W2986644592|US-10077445,W2986644592,US-10077445
879,Brian K. Kobilka,Brian Kobilka,https://openalex.org/A5079682203,Brian K. Kobilka,W1988097700|US-10078088,W1988097700,US-10078088
879,Brian K. Kobilka,Brian Kobilka,https://openalex.org/A5079682203,Brian K. Kobilka,W2167857702|US-10078088,W2167857702,US-10078088
879,Brian K. Kobilka,Brian Kobilka,https://openalex.org/A5079682203,Brian K. Kobilka,W2474393700|US-10078088,W2474393700,US-10078088
879,Brian K. Kobilka,Brian Kobilka,https://openalex.org/A5079682203,Brian K. Kobilka,W2006998486|US-10078088,W2006998486,US-10078088
879,Brian K. Kobilka,Brian Kobilka,https://openalex.org/A5079682203,Brian K. Kobilka,W2020601776|US-10078088,W2020601776,US-10078088
879,Brian K. Kobilka,Brian Kobilka,https://openalex.org/A5079682203,Brian K. Kobilka,W1975641514|US-10078088,W1975641514,US-10078088
879,Brian K. Kobilka,Brian Kobilka,https://openalex.org/A5079682203,Brian K. Kobilka,W2085724886|US-10078088,W2085724886,US-10078088
879,Brian K. Kobilka,Brian Kobilka,https://openalex.org/A5079682203,Brian K. Kobilka,W2113074382|US-10078088,W2113074382,US-10078088
878,Robert J. Lefkowitz,Robert J. Lefkowitz,https://openalex.org/A5080672788,Robert J. Lefkowitz,W2113074382|US-10078088,W2113074382,US-10078088
409,Baruch S. Blumberg,Baruch S. Blumberg,https://openalex.org/A5030590633,Baruch S. Blumberg,W2099046152|US-10082512,W2099046152,US-10082512
1029,Moungi G. Bawendi,Moungi Bawendi,https://openalex.org/A5108389294,Moungi G. Bawendi,W2588704542|US-10086094,W2588704542,US-10086094
1055,Omar M. Yaghi,Omar M. Yaghi,https://openalex.org/A5044268160,Omar M. Yaghi,W2072170322|US-10087205,W2072170322,US-10087205
1055,Omar M. Yaghi,Omar M. Yaghi,https://openalex.org/A5044268160,Omar M. Yaghi,W1968896148|US-10087205,W1968896148,US-10087205
908,Shuji Nakamura,Shuji Nakamura,https://openalex.org/A5030709847,Shuji Nakamura,W2086708780|US-10090644,W2086708780,US-10090644
1049,Shimon Sakaguchi,Shimon Sakaguchi,https://openalex.org/A5025764166,Shimon Sakaguchi,W2164386968|US-10092603,W2164386968,US-10092603
802,Andrew Z. Fire,Andrew Z. Fire,https://openalex.org/A5057231025,Andrew Fire,W2112194489|US-10092638,W2112194489,US-10092638
992,Jennifer A. Doudna,Jennifer A. Doudna,https://openalex.org/A5067184382,Jennifer A. Doudna,W2149402050|US-10093910,W2149402050,US-10093910
155,Robert B. Laughlin,Robert B. Laughlin,https://openalex.org/A5051731365,R. B. Laughlin,W2740297833|US-10094219,W2740297833,US-10094219
455,Peter C. Doherty,Peter C. Doherty,https://openalex.org/A5074692390,Peter C. Doherty,W1989483194|US-10098945,W1989483194,US-10098945
442,Joseph E. Murray,Joseph E. Murray,https://openalex.org/A5101854206,Joseph A. Murray,W2901720224|US-10105315,W2901720224,US-10105315
1029,Moungi G. Bawendi,Moungi Bawendi,https://openalex.org/A5108389294,Moungi G. Bawendi,W1836322115|US-10109760,W1836322115,US-10109760
976,John B. Goodenough,John B. Goodenough,https://openalex.org/A5088016695,John B. Goodenough,W2801742943|US-10109859,W2801742943,US-10109859
976,John B. Goodenough,John B. Goodenough,https://openalex.org/A5088016695,John B. Goodenough,W2559982261|US-10109859,W2559982261,US-10109859
992,Jennifer A. Doudna,Jennifer A. Doudna,https://openalex.org/A5067184382,Jennifer A. Doudna,W2986644592|US-10113167,W2986644592,US-10113167
1015,Carolyn R. Bertozzi,Carolyn Bertozzi,https://openalex.org/A5088409133,Carolyn R. Bertozzi,W1982936666|US-10114026,W1982936666,US-10114026
1015,Carolyn R. Bertozzi,Carolyn Bertozzi,https://openalex.org/A5088409133,Carolyn R. Bertozzi,W2303199669|US-10114026,W2303199669,US-10114026
965,Sir Gregory P. Winter,Sir Gregory P. Winter,https://openalex.org/A5113550627,Greg Winter,W2056973302|US-10118947,W2056973302,US-10118947
1055,Omar M. Yaghi,Omar M. Yaghi,https://openalex.org/A5044268160,Omar M. Yaghi,W2120389506|US-10125016,W2120389506,US-10125016
932,Sir J. Fraser Stoddart,Sir J. Fraser Stoddart,https://openalex.org/A5027688873,J. Fraser Stoddart,W2120389506|US-10125016,W2120389506,US-10125016
932,Sir J. Fraser Stoddart,Sir J. Fraser Stoddart,https://openalex.org/A5027688873,J. Fraser Stoddart,W1967607782|US-10125016,W1967607782,US-10125016
795,Robert H. Grubbs,Robert H. Grubbs,https://openalex.org/A5078597191,Robert H. Grubbs,W1944484547|US-10125153,W1944484547,US-10125153
729,Alan J. Heeger,Alan Heeger,https://openalex.org/A5087631107,Alan J. Heeger,W2048898873|US-10128441,W2048898873,US-10128441
729,Alan J. Heeger,Alan Heeger,https://openalex.org/A5087631107,Alan J. Heeger,W2094474552|US-10128441,W2094474552,US-10128441
729,Alan J. Heeger,Alan Heeger,https://openalex.org/A5087631107,Alan J. Heeger,W2084555294|US-10128441,W2084555294,US-10128441
280,George A. Olah,George A. Olah,https://openalex.org/A5071446330,George A. Olah,W581878400|US-10131599,W581878400,US-10131599
280,George A. Olah,George A. Olah,https://openalex.org/A5071446330,George A. Olah,W2313145660|US-10131599,W2313145660,US-10131599
280,George A. Olah,George A. Olah,https://openalex.org/A5071446330,George A. Olah,W1970065659|US-10131599,W1970065659,US-10131599
1051,Michel H. Devoret,Michel H. Devoret,https://openalex.org/A5089631322,Michel Devoret,W1963850823|US-10141928,W1963850823,US-10141928
795,Robert H. Grubbs,Robert H. Grubbs,https://openalex.org/A5078597191,Robert H. Grubbs,W2241149129|US-10150738,W2241149129,US-10150738
1015,Carolyn R. Bertozzi,Carolyn Bertozzi,https://openalex.org/A5088409133,Carolyn R. Bertozzi,W1979108979|US-10150806,W1979108979,US-10150806
1015,Carolyn R. Bertozzi,Carolyn Bertozzi,https://openalex.org/A5088409133,Carolyn R. Bertozzi,W1983639577|US-10150806,W1983639577,US-10150806
1015,Carolyn R. Bertozzi,Carolyn Bertozzi,https://openalex.org/A5088409133,Carolyn R. Bertozzi,W1979491356|US-10150806,W1979491356,US-10150806
795,Robert H. Grubbs,Robert H. Grubbs,https://openalex.org/A5078597191,Robert H. Grubbs,W909557875|US-10153513,W909557875,US-10153513
1002,Benjamin List,Benjamin List,https://openalex.org/A5040055598,Benjamin List,W2152410832|US-10167255,W2152410832,US-10167255
958,James P. Allison,James P. Allison,https://openalex.org/A5047117233,James P. Allison,W1621831367|US-10167337,W1621831367,US-10167337
958,James P. Allison,James P. Allison,https://openalex.org/A5047117233,James P. Allison,W2157041114|US-10167337,W2157041114,US-10167337
729,Alan J. Heeger,Alan Heeger,https://openalex.org/A5087631107,Alan J. Heeger,W4232231690|US-10167362,W4232231690,US-10167362
743,K. Barry Sharpless,K. Barry Sharpless,https://openalex.org/A5077401880,K. Barry Sharpless,W2029563989|US-10172831,W2029563989,US-10172831
743,K. Barry Sharpless,K. Barry Sharpless,https://openalex.org/A5077401880,K. Barry Sharpless,W1981976414|US-10172831,W1981976414,US-10172831
743,K. Barry Sharpless,K. Barry Sharpless,https://openalex.org/A5077401880,K. Barry Sharpless,W1978005789|US-10172831,W1978005789,US-10172831
426,Bengt I. Samuelsson,Bengt I. Samuelsson,https://openalex.org/A5112759205,Bengt Samuelsson,W308018551|US-10172846,W308018551,US-10172846
796,Richard R. Schrock,Richard R. Schrock,https://openalex.org/A5079660000,Richard R. Schrock,W2000108344|US-10173208,W2000108344,US-10173208
796,Richard R. Schrock,Richard R. Schrock,https://openalex.org/A5079660000,Richard R. Schrock,W2157651545|US-10173208,W2157651545,US-10173208
796,Richard R. Schrock,Richard R. Schrock,https://openalex.org/A5079660000,Richard R. Schrock,W2267944202|US-10173208,W2267944202,US-10173208
409,Baruch S. Blumberg,Baruch S. Blumberg,https://openalex.org/A5030590633,Baruch S. Blumberg,W2099046152|US-10180436,W2099046152,US-10180436
1049,Shimon Sakaguchi,Shimon Sakaguchi,https://openalex.org/A5025764166,Shimon Sakaguchi,W2164386968|US-10183045,W2164386968,US-10183045
1015,Carolyn R. Bertozzi,Carolyn Bertozzi,https://openalex.org/A5088409133,Carolyn R. Bertozzi,W1979108979|US-10183998,W1979108979,US-10183998
1015,Carolyn R. Bertozzi,Carolyn Bertozzi,https://openalex.org/A5088409133,Carolyn R. Bertozzi,W1979491356|US-10183998,W1979491356,US-10183998
448,Richard J. Roberts,Richard J. Roberts,https://openalex.org/A5091034547,Richard J. Roberts,W1977721663|US-10184127,W1977721663,US-10184127
908,Shuji Nakamura,Shuji Nakamura,https://openalex.org/A5030709847,Shuji Nakamura,W2115001816|US-10186835,W2115001816,US-10186835
908,Shuji Nakamura,Shuji Nakamura,https://openalex.org/A5030709847,Shuji Nakamura,W320049411|US-10186835,W320049411,US-10186835
412,Andrew V. Schally,Andrew V. Schally,https://openalex.org/A5068739269,Andrew V. Schally,W2793791746|US-10188731,W2793791746,US-10188731
1029,Moungi G. Bawendi,Moungi Bawendi,https://openalex.org/A5108389294,Moungi G. Bawendi,W1560010674|US-10202546,W1560010674,US-10202546
917,Satoshi Ōmura,Satoshi Ōmura,https://openalex.org/A5045164227,Satoshi Ōmura,W2421111223|US-10202627,W2421111223,US-10202627
963,Frances H. Arnold,Frances H. Arnold,https://openalex.org/A5043841592,Frances H. Arnold,W1996885557|US-10208322,W1996885557,US-10208322
963,Frances H. Arnold,Frances H. Arnold,https://openalex.org/A5043841592,Frances H. Arnold,W2078531329|US-10208322,W2078531329,US-10208322
963,Frances H. Arnold,Frances H. Arnold,https://openalex.org/A5043841592,Frances H. Arnold,W2517883330|US-10208322,W2517883330,US-10208322
795,Robert H. Grubbs,Robert H. Grubbs,https://openalex.org/A5078597191,Robert H. Grubbs,W2241149129|US-10214494,W2241149129,US-10214494
795,Robert H. Grubbs,Robert H. Grubbs,https://openalex.org/A5078597191,Robert H. Grubbs,W2070279440|US-10214494,W2070279440,US-10214494
932,Sir J. Fraser Stoddart,Sir J. Fraser Stoddart,https://openalex.org/A5027688873,J. Fraser Stoddart,W2091724371|US-10214796,W2091724371,US-10214796
908,Shuji Nakamura,Shuji Nakamura,https://openalex.org/A5030709847,Shuji Nakamura,W2086657067|US-10217916,W2086657067,US-10217916
908,Shuji Nakamura,Shuji Nakamura,https://openalex.org/A5030709847,Shuji Nakamura,W2067384691|US-10217916,W2067384691,US-10217916
729,Alan J. Heeger,Alan Heeger,https://openalex.org/A5087631107,Alan J. Heeger,W2048898873|US-10217951,W2048898873,US-10217951
972,Gregg L. Semenza,Gregg L. Semenza,https://openalex.org/A5051276665,Gregg L. Semenza,W2106146695|US-10220009,W2106146695,US-10220009
743,K. Barry Sharpless,K. Barry Sharpless,https://openalex.org/A5077401880,K. Barry Sharpless,W1965780953|US-10221214,W1965780953,US-10221214
1039,David Baker,David Baker,https://openalex.org/A5053192926,David Baker,W2052937459|US-10221217,W2052937459,US-10221217
1029,Moungi G. Bawendi,Moungi Bawendi,https://openalex.org/A5108389294,Moungi G. Bawendi,W2021298873|US-10225906,W2021298873,US-10225906
992,Jennifer A. Doudna,Jennifer A. Doudna,https://openalex.org/A5067184382,Jennifer A. Doudna,W2986644592|US-10227611,W2986644592,US-10227611
835,Elizabeth H. Blackburn,Elizabeth H. Blackburn,https://openalex.org/A5064437582,Elizabeth H. Blackburn,W2129198998|US-10227649,W2129198998,US-10227649
932,Sir J. Fraser Stoddart,Sir J. Fraser Stoddart,https://openalex.org/A5027688873,J. Fraser Stoddart,W1988515201|US-10228343,W1988515201,US-10228343
831,Roger Y. Tsien,Roger Y. Tsien,https://openalex.org/A5109193097,Roger Y. Tsien,W1994547831|US-10231626,W1994547831,US-10231626
1025,Drew Weissman,Drew Weissman,https://openalex.org/A5068253145,Drew Weissman,W81209440|US-10232055,W81209440,US-10232055
1024,Katalin Karikó,Katalin Karikó,https://openalex.org/A5030598859,Katalin Karikó,W81209440|US-10232055,W81209440,US-10232055
932,Sir J. Fraser Stoddart,Sir J. Fraser Stoddart,https://openalex.org/A5027688873,J. Fraser Stoddart,W2319442421|US-10233145,W2319442421,US-10233145
879,Brian K. Kobilka,Brian Kobilka,https://openalex.org/A5079682203,Brian K. Kobilka,W2051994079|US-10233241,W2051994079,US-10233241
879,Brian K. Kobilka,Brian Kobilka,https://openalex.org/A5079682203,Brian K. Kobilka,W1490029082|US-10233241,W1490029082,US-10233241
879,Brian K. Kobilka,Brian Kobilka,https://openalex.org/A5079682203,Brian K. Kobilka,W2083725367|US-10233241,W2083725367,US-10233241
976,John B. Goodenough,John B. Goodenough,https://openalex.org/A5088016695,John B. Goodenough,W2788996119|US-10236513,W2788996119,US-10236513
976,John B. Goodenough,John B. Goodenough,https://openalex.org/A5088016695,John B. Goodenough,W4210644214|US-10236513,W4210644214,US-10236513
976,John B. Goodenough,John B. Goodenough,https://openalex.org/A5088016695,John B. Goodenough,W2916564233|US-10236513,W2916564233,US-10236513
976,John B. Goodenough,John B. Goodenough,https://openalex.org/A5088016695,John B. Goodenough,W2511307281|US-10236513,W2511307281,US-10236513
976,John B. Goodenough,John B. Goodenough,https://openalex.org/A5088016695,John B. Goodenough,W1981786170|US-10236513,W1981786170,US-10236513
976,John B. Goodenough,John B. Goodenough,https://openalex.org/A5088016695,John B. Goodenough,W2061452348|US-10236513,W2061452348,US-10236513
976,John B. Goodenough,John B. Goodenough,https://openalex.org/A5088016695,John B. Goodenough,W2793658974|US-10236513,W2793658974,US-10236513
976,John B. Goodenough,John B. Goodenough,https://openalex.org/A5088016695,John B. Goodenough,W2908871603|US-10236513,W2908871603,US-10236513
976,John B. Goodenough,John B. Goodenough,https://openalex.org/A5088016695,John B. Goodenough,W4210533767|US-10236513,W4210533767,US-10236513
976,John B. Goodenough,John B. Goodenough,https://openalex.org/A5088016695,John B. Goodenough,W2891411427|US-10236513,W2891411427,US-10236513
1049,Shimon Sakaguchi,Shimon Sakaguchi,https://openalex.org/A5025764166,Shimon Sakaguchi,W2164386968|US-10238694,W2164386968,US-10238694
932,Sir J. Fraser Stoddart,Sir J. Fraser Stoddart,https://openalex.org/A5027688873,J. Fraser Stoddart,W4240268481|US-10239044,W4240268481,US-10239044
875,Shinya Yamanaka,Shinya Yamanaka,https://openalex.org/A5081862387,Shinya Yamanaka,W2485841399|US-10240126,W2485841399,US-10240126
875,Shinya Yamanaka,Shinya Yamanaka,https://openalex.org/A5081862387,Shinya Yamanaka,W2539836593|US-10240126,W2539836593,US-10240126
1039,David Baker,David Baker,https://openalex.org/A5053192926,David Baker,W2075742363|US-10248758,W2075742363,US-10248758
1039,David Baker,David Baker,https://openalex.org/A5053192926,David Baker,W2015526636|US-10248758,W2015526636,US-10248758
1039,David Baker,David Baker,https://openalex.org/A5053192926,David Baker,W2132184418|US-10248758,W2132184418,US-10248758
933,Bernard L. Feringa,Bernard L. Feringa,https://openalex.org/A5087713906,Ben L. Feringa,W2167621580|US-10253061,W2167621580,US-10253061
992,Jennifer A. Doudna,Jennifer A. Doudna,https://openalex.org/A5067184382,Jennifer A. Doudna,W2774271421|US-10253365,W2774271421,US-10253365
992,Jennifer A. Doudna,Jennifer A. Doudna,https://openalex.org/A5067184382,Jennifer A. Doudna,W2897700601|US-10253365,W2897700601,US-10253365
824,Françoise Barré-Sinoussi,Françoise Barré-Sinoussi,https://openalex.org/A5107827488,Françoise Barré‐Sinoussi,W2491803890|US-10254282,W2491803890,US-10254282
152,Steven Chu,Steven Chu,https://openalex.org/A5001967033,Steven Chu,W2004721328|US-10256448,W2004721328,US-10256448
795,Robert H. Grubbs,Robert H. Grubbs,https://openalex.org/A5078597191,Robert H. Grubbs,W1944484547|US-10259831,W1944484547,US-10259831
795,Robert H. Grubbs,Robert H. Grubbs,https://openalex.org/A5078597191,Robert H. Grubbs,W2555224455|US-10259831,W2555224455,US-10259831
996,Robert B. Wilson,Robert B. Wilson,https://openalex.org/A5084961278,Robert B. Wilson,W2038103422|US-10260065,W2038103422,US-10260065
406,David Baltimore,David Baltimore,https://openalex.org/A5042763205,David Baltimore,W2030692386|US-10266847,W2030692386,US-10266847
406,David Baltimore,David Baltimore,https://openalex.org/A5042763205,David Baltimore,W2067471829|US-10266847,W2067471829,US-10266847
406,David Baltimore,David Baltimore,https://openalex.org/A5042763205,David Baltimore,W2074713417|US-10266847,W2074713417,US-10266847
992,Jennifer A. Doudna,Jennifer A. Doudna,https://openalex.org/A5067184382,Jennifer A. Doudna,W2986644592|US-10266850,W2986644592,US-10266850
802,Andrew Z. Fire,Andrew Z. Fire,https://openalex.org/A5057231025,Andrew Fire,W1978398372|US-10273291,W1978398372,US-10273291
802,Andrew Z. Fire,Andrew Z. Fire,https://openalex.org/A5057231025,Andrew Fire,W2289942604|US-10273291,W2289942604,US-10273291
921,Tomas Lindahl,Tomas Lindahl,https://openalex.org/A5060285944,Tomas Lindahl,W2034608078|US-10274415,W2034608078,US-10274415
1029,Moungi G. Bawendi,Moungi Bawendi,https://openalex.org/A5108389294,Moungi G. Bawendi,W2007754910|US-10276735,W2007754910,US-10276735
1051,Michel H. Devoret,Michel H. Devoret,https://openalex.org/A5089631322,Michel Devoret,W1963850823|US-10276772,W1963850823,US-10276772
1055,Omar M. Yaghi,Omar M. Yaghi,https://openalex.org/A5044268160,Omar M. Yaghi,W55484639|US-10287304,W55484639,US-10287304
1055,Omar M. Yaghi,Omar M. Yaghi,https://openalex.org/A5044268160,Omar M. Yaghi,W2950075111|US-10287304,W2950075111,US-10287304
1055,Omar M. Yaghi,Omar M. Yaghi,https://openalex.org/A5044268160,Omar M. Yaghi,W2141939342|US-10287304,W2141939342,US-10287304
1038,Geoffrey Hinton,Geoffrey Hinton,https://openalex.org/A5108093963,Geoffrey E. Hinton,W1821462560|US-10289962,W1821462560,US-10289962
1051,Michel H. Devoret,Michel H. Devoret,https://openalex.org/A5089631322,Michel Devoret,W1963850823|US-10291227,W1963850823,US-10291227
965,Sir Gregory P. Winter,Sir Gregory P. Winter,https://openalex.org/A5113550627,Greg Winter,W2056973302|US-10294274,W2056973302,US-10294274
986,Michael Houghton,Michael Houghton,https://openalex.org/A5090612228,Michael Houghton,W2789618179|US-10300131,W2789618179,US-10300131
986,Michael Houghton,Michael Houghton,https://openalex.org/A5090612228,Michael Houghton,W2003928321|US-10300131,W2003928321,US-10300131
986,Michael Houghton,Michael Houghton,https://openalex.org/A5090612228,Michael Houghton,W2970032913|US-10300131,W2970032913,US-10300131
1015,Carolyn R. Bertozzi,Carolyn Bertozzi,https://openalex.org/A5088409133,Carolyn R. Bertozzi,W2795880452|US-10301270,W2795880452,US-10301270
1040,Demis Hassabis,Demis Hassabis,https://openalex.org/A5005349213,Demis Hassabis,W4294619240|US-10304477,W4294619240,US-10304477
1040,Demis Hassabis,Demis Hassabis,https://openalex.org/A5005349213,Demis Hassabis,W2769810959|US-10304477,W2769810959,US-10304477
743,K. Barry Sharpless,K. Barry Sharpless,https://openalex.org/A5077401880,K. Barry Sharpless,W2007123231|US-10308638,W2007123231,US-10308638
743,K. Barry Sharpless,K. Barry Sharpless,https://openalex.org/A5077401880,K. Barry Sharpless,W3170475253|US-10308638,W3170475253,US-10308638
992,Jennifer A. Doudna,Jennifer A. Doudna,https://openalex.org/A5067184382,Jennifer A. Doudna,W2986644592|US-10308961,W2986644592,US-10308961
879,Brian K. Kobilka,Brian Kobilka,https://openalex.org/A5079682203,Brian K. Kobilka,W1995646338|US-10316057,W1995646338,US-10316057
879,Brian K. Kobilka,Brian Kobilka,https://openalex.org/A5079682203,Brian K. Kobilka,W2147751537|US-10316057,W2147751537,US-10316057
879,Brian K. Kobilka,Brian Kobilka,https://openalex.org/A5079682203,Brian K. Kobilka,W1975641708|US-10316057,W1975641708,US-10316057
879,Brian K. Kobilka,Brian Kobilka,https://openalex.org/A5079682203,Brian K. Kobilka,W2109336177|US-10316057,W2109336177,US-10316057
879,Brian K. Kobilka,Brian Kobilka,https://openalex.org/A5079682203,Brian K. Kobilka,W2127288815|US-10316057,W2127288815,US-10316057
757,Koichi Tanaka,Koichi Tanaka,https://openalex.org/A5009335876,Kōichi Tanaka,W2959768161|US-10317412,W2959768161,US-10317412
1049,Shimon Sakaguchi,Shimon Sakaguchi,https://openalex.org/A5025764166,Shimon Sakaguchi,W2164386968|US-10322150,W2164386968,US-10322150
992,Jennifer A. Doudna,Jennifer A. Doudna,https://openalex.org/A5067184382,Jennifer A. Doudna,W2149402050|US-10323236,W2149402050,US-10323236
1049,Shimon Sakaguchi,Shimon Sakaguchi,https://openalex.org/A5025764166,Shimon Sakaguchi,W2164386968|US-10328108,W2164386968,US-10328108
976,John B. Goodenough,John B. Goodenough,https://openalex.org/A5088016695,John B. Goodenough,W2515697893|US-10333138,W2515697893,US-10333138
992,Jennifer A. Doudna,Jennifer A. Doudna,https://openalex.org/A5067184382,Jennifer A. Doudna,W2986644592|US-10337029,W2986644592,US-10337029
729,Alan J. Heeger,Alan Heeger,https://openalex.org/A5087631107,Alan J. Heeger,W2177836682|US-10340458,W2177836682,US-10340458
1049,Shimon Sakaguchi,Shimon Sakaguchi,https://openalex.org/A5025764166,Shimon Sakaguchi,W2164386968|US-10342832,W2164386968,US-10342832
802,Andrew Z. Fire,Andrew Z. Fire,https://openalex.org/A5057231025,Andrew Fire,W1978398372|US-10344077,W1978398372,US-10344077
1039,David Baker,David Baker,https://openalex.org/A5053192926,David Baker,W2132184418|US-10351603,W2132184418,US-10351603
416,Hamilton O. Smith,Hamilton O. Smith,https://openalex.org/A5076771387,Hamilton O. Smith,W1975135854|US-10351860,W1975135854,US-10351860
992,Jennifer A. Doudna,Jennifer A. Doudna,https://openalex.org/A5067184382,Jennifer A. Doudna,W2986644592|US-10351878,W2986644592,US-10351878
802,Andrew Z. Fire,Andrew Z. Fire,https://openalex.org/A5057231025,Andrew Fire,W1647075334|US-10358653,W1647075334,US-10358653
803,Craig C. Mello,Craig C. Mello,https://openalex.org/A5029315886,Craig C. Mello,W1647075334|US-10358653,W1647075334,US-10358653
992,Jennifer A. Doudna,Jennifer A. Doudna,https://openalex.org/A5067184382,Jennifer A. Doudna,W2986644592|US-10358658,W2986644592,US-10358658
992,Jennifer A. Doudna,Jennifer A. Doudna,https://openalex.org/A5067184382,Jennifer A. Doudna,W2986644592|US-10358659,W2986644592,US-10358659
976,John B. Goodenough,John B. Goodenough,https://openalex.org/A5088016695,John B. Goodenough,W2801742943|US-10361454,W2801742943,US-10361454
976,John B. Goodenough,John B. Goodenough,https://openalex.org/A5088016695,John B. Goodenough,W2559982261|US-10361454,W2559982261,US-10361454
1039,David Baker,David Baker,https://openalex.org/A5053192926,David Baker,W3031717962|US-10363301,W3031717962,US-10363301
1039,David Baker,David Baker,https://openalex.org/A5053192926,David Baker,W3136996287|US-10363301,W3136996287,US-10363301
128,Gerd Binnig,Gerd Binnig,https://openalex.org/A5071169826,G. Binnig,W2424965067|US-10380491,W2424965067,US-10380491
814,Albert Fert,Albert Fert,https://openalex.org/A5055262951,A. Fert,W2964089300|US-10381060,W2964089300,US-10381060
976,John B. Goodenough,John B. Goodenough,https://openalex.org/A5088016695,John B. Goodenough,W2801742943|US-10381683,W2801742943,US-10381683
976,John B. Goodenough,John B. Goodenough,https://openalex.org/A5088016695,John B. Goodenough,W2559982261|US-10381683,W2559982261,US-10381683
1039,David Baker,David Baker,https://openalex.org/A5053192926,David Baker,W2260617737|US-10385333,W2260617737,US-10385333
992,Jennifer A. Doudna,Jennifer A. Doudna,https://openalex.org/A5067184382,Jennifer A. Doudna,W2986644592|US-10385360,W2986644592,US-10385360
875,Shinya Yamanaka,Shinya Yamanaka,https://openalex.org/A5081862387,Shinya Yamanaka,W2138977668|US-10385407,W2138977668,US-10385407
875,Shinya Yamanaka,Shinya Yamanaka,https://openalex.org/A5081862387,Shinya Yamanaka,W2096216062|US-10385407,W2096216062,US-10385407
875,Shinya Yamanaka,Shinya Yamanaka,https://openalex.org/A5081862387,Shinya Yamanaka,W1978173381|US-10385407,W1978173381,US-10385407
875,Shinya Yamanaka,Shinya Yamanaka,https://openalex.org/A5081862387,Shinya Yamanaka,W2142423248|US-10385407,W2142423248,US-10385407
875,Shinya Yamanaka,Shinya Yamanaka,https://openalex.org/A5081862387,Shinya Yamanaka,W1602568023|US-10385407,W1602568023,US-10385407
779,Aaron Ciechanover,Aaron Ciechanover,https://openalex.org/A5087180436,Aaron Ciechanover,W2735235732|US-10391067,W2735235732,US-10391067
779,Aaron Ciechanover,Aaron Ciechanover,https://openalex.org/A5087180436,Aaron Ciechanover,W1581353228|US-10391067,W1581353228,US-10391067
992,Jennifer A. Doudna,Jennifer A. Doudna,https://openalex.org/A5067184382,Jennifer A. Doudna,W2041131616|US-10392607,W2041131616,US-10392607
992,Jennifer A. Doudna,Jennifer A. Doudna,https://openalex.org/A5067184382,Jennifer A. Doudna,W2030974598|US-10392607,W2030974598,US-10392607
729,Alan J. Heeger,Alan Heeger,https://openalex.org/A5087631107,Alan J. Heeger,W2024897831|US-10396286,W2024897831,US-10396286
992,Jennifer A. Doudna,Jennifer A. Doudna,https://openalex.org/A5067184382,Jennifer A. Doudna,W2986644592|US-10400253,W2986644592,US-10400253
992,Jennifer A. Doudna,Jennifer A. Doudna,https://openalex.org/A5067184382,Jennifer A. Doudna,W2986644592|US-10407697,W2986644592,US-10407697
986,Michael Houghton,Michael Houghton,https://openalex.org/A5090612228,Michael Houghton,W2175766336|US-10408844,W2175766336,US-10408844
976,John B. Goodenough,John B. Goodenough,https://openalex.org/A5088016695,John B. Goodenough,W2561745473|US-10411293,W2561745473,US-10411293
976,John B. Goodenough,John B. Goodenough,https://openalex.org/A5088016695,John B. Goodenough,W2197570454|US-10411293,W2197570454,US-10411293
992,Jennifer A. Doudna,Jennifer A. Doudna,https://openalex.org/A5067184382,Jennifer A. Doudna,W2986644592|US-10415061,W2986644592,US-10415061
1039,David Baker,David Baker,https://openalex.org/A5053192926,David Baker,W2052937459|US-10421789,W2052937459,US-10421789
992,Jennifer A. Doudna,Jennifer A. Doudna,https://openalex.org/A5067184382,Jennifer A. Doudna,W2986644592|US-10421980,W2986644592,US-10421980
906,Isamu Akasaki,Isamu Akasaki,https://openalex.org/A5081597179,Isamu Akasaki,W2767960341|US-10424684,W2767960341,US-10424684
908,Shuji Nakamura,Shuji Nakamura,https://openalex.org/A5030709847,Shuji Nakamura,W2086708780|US-10424900,W2086708780,US-10424900
796,Richard R. Schrock,Richard R. Schrock,https://openalex.org/A5079660000,Richard R. Schrock,W2020226922|US-10427146,W2020226922,US-10427146
1039,David Baker,David Baker,https://openalex.org/A5053192926,David Baker,W2159006761|US-10428119,W2159006761,US-10428119
992,Jennifer A. Doudna,Jennifer A. Doudna,https://openalex.org/A5067184382,Jennifer A. Doudna,W2986644592|US-10428352,W2986644592,US-10428352
811,Mario R. Capecchi,Mario R. Capecchi,https://openalex.org/A5065080973,Mario R. Capecchi,W2808891244|US-10429627,W2808891244,US-10429627
811,Mario R. Capecchi,Mario R. Capecchi,https://openalex.org/A5065080973,Mario R. Capecchi,W2676565487|US-10429627,W2676565487,US-10429627
811,Mario R. Capecchi,Mario R. Capecchi,https://openalex.org/A5065080973,Mario R. Capecchi,W1530846884|US-10429627,W1530846884,US-10429627
1015,Carolyn R. Bertozzi,Carolyn Bertozzi,https://openalex.org/A5088409133,Carolyn R. Bertozzi,W2009304941|US-10434111,W2009304941,US-10434111
1015,Carolyn R. Bertozzi,Carolyn Bertozzi,https://openalex.org/A5088409133,Carolyn R. Bertozzi,W1968222033|US-10434111,W1968222033,US-10434111
992,Jennifer A. Doudna,Jennifer A. Doudna,https://openalex.org/A5067184382,Jennifer A. Doudna,W2062008243|US-10435678,W2062008243,US-10435678
992,Jennifer A. Doudna,Jennifer A. Doudna,https://openalex.org/A5067184382,Jennifer A. Doudna,W2161606262|US-10435678,W2161606262,US-10435678
406,David Baltimore,David Baltimore,https://openalex.org/A5042763205,David Baltimore,W2094057765|US-10435689,W2094057765,US-10435689
406,David Baltimore,David Baltimore,https://openalex.org/A5042763205,David Baltimore,W2075860675|US-10435689,W2075860675,US-10435689
406,David Baltimore,David Baltimore,https://openalex.org/A5042763205,David Baltimore,W2049772720|US-10435689,W2049772720,US-10435689
406,David Baltimore,David Baltimore,https://openalex.org/A5042763205,David Baltimore,W2552461555|US-10435689,W2552461555,US-10435689
406,David Baltimore,David Baltimore,https://openalex.org/A5042763205,David Baltimore,W2160098916|US-10435689,W2160098916,US-10435689
987,Charles M. Rice,Charles M. Rice,https://openalex.org/A5019683467,Charles M. Rice,W2138209618|US-10436789,W2138209618,US-10436789
879,Brian K. Kobilka,Brian Kobilka,https://openalex.org/A5079682203,Brian K. Kobilka,W2020601776|US-10436796,W2020601776,US-10436796
879,Brian K. Kobilka,Brian Kobilka,https://openalex.org/A5079682203,Brian K. Kobilka,W2474393700|US-10436796,W2474393700,US-10436796
879,Brian K. Kobilka,Brian Kobilka,https://openalex.org/A5079682203,Brian K. Kobilka,W1988097700|US-10436796,W1988097700,US-10436796
879,Brian K. Kobilka,Brian Kobilka,https://openalex.org/A5079682203,Brian K. Kobilka,W2113074382|US-10436796,W2113074382,US-10436796
878,Robert J. Lefkowitz,Robert J. Lefkowitz,https://openalex.org/A5080672788,Robert J. Lefkowitz,W2113074382|US-10436796,W2113074382,US-10436796
879,Brian K. Kobilka,Brian Kobilka,https://openalex.org/A5079682203,Brian K. Kobilka,W2085724886|US-10436796,W2085724886,US-10436796
879,Brian K. Kobilka,Brian Kobilka,https://openalex.org/A5079682203,Brian K. Kobilka,W2167857702|US-10436796,W2167857702,US-10436796
879,Brian K. Kobilka,Brian Kobilka,https://openalex.org/A5079682203,Brian K. Kobilka,W2006998486|US-10436796,W2006998486,US-10436796
879,Brian K. Kobilka,Brian Kobilka,https://openalex.org/A5079682203,Brian K. Kobilka,W1975641514|US-10436796,W1975641514,US-10436796
992,Jennifer A. Doudna,Jennifer A. Doudna,https://openalex.org/A5067184382,Jennifer A. Doudna,W2986644592|US-10443076,W2986644592,US-10443076
908,Shuji Nakamura,Shuji Nakamura,https://openalex.org/A5030709847,Shuji Nakamura,W1979300756|US-10446714,W1979300756,US-10446714
976,John B. Goodenough,John B. Goodenough,https://openalex.org/A5088016695,John B. Goodenough,W2801742943|US-10446845,W2801742943,US-10446845
976,John B. Goodenough,John B. Goodenough,https://openalex.org/A5088016695,John B. Goodenough,W2559982261|US-10446845,W2559982261,US-10446845
987,Charles M. Rice,Charles M. Rice,https://openalex.org/A5019683467,Charles M. Rice,W2117083188|US-10450355,W2117083188,US-10450355
802,Andrew Z. Fire,Andrew Z. Fire,https://openalex.org/A5057231025,Andrew Fire,W1978398372|US-10450368,W1978398372,US-10450368
802,Andrew Z. Fire,Andrew Z. Fire,https://openalex.org/A5057231025,Andrew Fire,W2289942604|US-10450368,W2289942604,US-10450368
1015,Carolyn R. Bertozzi,Carolyn Bertozzi,https://openalex.org/A5088409133,Carolyn R. Bertozzi,W1982936666|US-10451632,W1982936666,US-10451632
1015,Carolyn R. Bertozzi,Carolyn Bertozzi,https://openalex.org/A5088409133,Carolyn R. Bertozzi,W2303199669|US-10451632,W2303199669,US-10451632
908,Shuji Nakamura,Shuji Nakamura,https://openalex.org/A5030709847,Shuji Nakamura,W2067384691|US-10454010,W2067384691,US-10454010
908,Shuji Nakamura,Shuji Nakamura,https://openalex.org/A5030709847,Shuji Nakamura,W2086657067|US-10454010,W2086657067,US-10454010
155,Robert B. Laughlin,Robert B. Laughlin,https://openalex.org/A5051731365,R. B. Laughlin,W2740297833|US-10458721,W2740297833,US-10458721
1029,Moungi G. Bawendi,Moungi Bawendi,https://openalex.org/A5108389294,Moungi G. Bawendi,W2031019507|US-10465073,W2031019507,US-10465073
795,Robert H. Grubbs,Robert H. Grubbs,https://openalex.org/A5078597191,Robert H. Grubbs,W2981035667|US-10468722,W2981035667,US-10468722
795,Robert H. Grubbs,Robert H. Grubbs,https://openalex.org/A5078597191,Robert H. Grubbs,W2902699996|US-10468722,W2902699996,US-10468722
449,Phillip A. Sharp,Phillip A. Sharp,https://openalex.org/A5022945869,Phillip A. Sharp,W2145638174|US-10472625,W2145638174,US-10472625
449,Phillip A. Sharp,Phillip A. Sharp,https://openalex.org/A5022945869,Phillip A. Sharp,W2166903671|US-10472625,W2166903671,US-10472625
932,Sir J. Fraser Stoddart,Sir J. Fraser Stoddart,https://openalex.org/A5027688873,J. Fraser Stoddart,W2319442421|US-10479758,W2319442421,US-10479758
908,Shuji Nakamura,Shuji Nakamura,https://openalex.org/A5030709847,Shuji Nakamura,W2210582713|US-10480719,W2210582713,US-10480719
406,David Baltimore,David Baltimore,https://openalex.org/A5042763205,David Baltimore,W2956269432|US-10481158,W2956269432,US-10481158
406,David Baltimore,David Baltimore,https://openalex.org/A5042763205,David Baltimore,W2966730819|US-10481158,W2966730819,US-10481158
406,David Baltimore,David Baltimore,https://openalex.org/A5042763205,David Baltimore,W2806140964|US-10481158,W2806140964,US-10481158
757,Koichi Tanaka,Koichi Tanaka,https://openalex.org/A5009335876,Kōichi Tanaka,W2081223445|US-10481163,W2081223445,US-10481163
757,Koichi Tanaka,Koichi Tanaka,https://openalex.org/A5009335876,Kōichi Tanaka,W2055319410|US-10481163,W2055319410,US-10481163
992,Jennifer A. Doudna,Jennifer A. Doudna,https://openalex.org/A5067184382,Jennifer A. Doudna,W2986644592|US-10487341,W2986644592,US-10487341
976,John B. Goodenough,John B. Goodenough,https://openalex.org/A5088016695,John B. Goodenough,W2559982261|US-10490360,W2559982261,US-10490360
976,John B. Goodenough,John B. Goodenough,https://openalex.org/A5088016695,John B. Goodenough,W2801742943|US-10490360,W2801742943,US-10490360
992,Jennifer A. Doudna,Jennifer A. Doudna,https://openalex.org/A5067184382,Jennifer A. Doudna,W2030974598|US-10494620,W2030974598,US-10494620
908,Shuji Nakamura,Shuji Nakamura,https://openalex.org/A5030709847,Shuji Nakamura,W2210353299|US-10495268,W2210353299,US-10495268
932,Sir J. Fraser Stoddart,Sir J. Fraser Stoddart,https://openalex.org/A5027688873,J. Fraser Stoddart,W2603554001|US-10500218,W2603554001,US-10500218
831,Roger Y. Tsien,Roger Y. Tsien,https://openalex.org/A5109193097,Roger Y. Tsien,W2487189262|US-10501502,W2487189262,US-10501502
992,Jennifer A. Doudna,Jennifer A. Doudna,https://openalex.org/A5067184382,Jennifer A. Doudna,W2149402050|US-10508298,W2149402050,US-10508298
976,John B. Goodenough,John B. Goodenough,https://openalex.org/A5088016695,John B. Goodenough,W2559982261|US-10511055,W2559982261,US-10511055
976,John B. Goodenough,John B. Goodenough,https://openalex.org/A5088016695,John B. Goodenough,W2801742943|US-10511055,W2801742943,US-10511055
795,Robert H. Grubbs,Robert H. Grubbs,https://openalex.org/A5078597191,Robert H. Grubbs,W2035221061|US-10513531,W2035221061,US-10513531
795,Robert H. Grubbs,Robert H. Grubbs,https://openalex.org/A5078597191,Robert H. Grubbs,W2951982916|US-10513531,W2951982916,US-10513531
795,Robert H. Grubbs,Robert H. Grubbs,https://openalex.org/A5078597191,Robert H. Grubbs,W1944484547|US-10513531,W1944484547,US-10513531
992,Jennifer A. Doudna,Jennifer A. Doudna,https://openalex.org/A5067184382,Jennifer A. Doudna,W2986644592|US-10513712,W2986644592,US-10513712
963,Frances H. Arnold,Frances H. Arnold,https://openalex.org/A5043841592,Frances H. Arnold,W2129133279|US-10513719,W2129133279,US-10513719
963,Frances H. Arnold,Frances H. Arnold,https://openalex.org/A5043841592,Frances H. Arnold,W2465873216|US-10513719,W2465873216,US-10513719
875,Shinya Yamanaka,Shinya Yamanaka,https://openalex.org/A5081862387,Shinya Yamanaka,W2143229579|US-10519425,W2143229579,US-10519425
875,Shinya Yamanaka,Shinya Yamanaka,https://openalex.org/A5081862387,Shinya Yamanaka,W1978173381|US-10519425,W1978173381,US-10519425
875,Shinya Yamanaka,Shinya Yamanaka,https://openalex.org/A5081862387,Shinya Yamanaka,W4252095421|US-10519425,W4252095421,US-10519425
875,Shinya Yamanaka,Shinya Yamanaka,https://openalex.org/A5081862387,Shinya Yamanaka,W2053911973|US-10519425,W2053911973,US-10519425
875,Shinya Yamanaka,Shinya Yamanaka,https://openalex.org/A5081862387,Shinya Yamanaka,W1997544887|US-10519425,W1997544887,US-10519425
875,Shinya Yamanaka,Shinya Yamanaka,https://openalex.org/A5081862387,Shinya Yamanaka,W2081620485|US-10519425,W2081620485,US-10519425
875,Shinya Yamanaka,Shinya Yamanaka,https://openalex.org/A5081862387,Shinya Yamanaka,W2897807665|US-10519425,W2897807665,US-10519425
875,Shinya Yamanaka,Shinya Yamanaka,https://openalex.org/A5081862387,Shinya Yamanaka,W2032570745|US-10519425,W2032570745,US-10519425
992,Jennifer A. Doudna,Jennifer A. Doudna,https://openalex.org/A5067184382,Jennifer A. Doudna,W2986644592|US-10519467,W2986644592,US-10519467
879,Brian K. Kobilka,Brian Kobilka,https://openalex.org/A5079682203,Brian K. Kobilka,W2130179503|US-10520516,W2130179503,US-10520516
879,Brian K. Kobilka,Brian Kobilka,https://openalex.org/A5079682203,Brian K. Kobilka,W2952362253|US-10520516,W2952362253,US-10520516
992,Jennifer A. Doudna,Jennifer A. Doudna,https://openalex.org/A5067184382,Jennifer A. Doudna,W2149402050|US-10526591,W2149402050,US-10526591
992,Jennifer A. Doudna,Jennifer A. Doudna,https://openalex.org/A5067184382,Jennifer A. Doudna,W2986644592|US-10526619,W2986644592,US-10526619
875,Shinya Yamanaka,Shinya Yamanaka,https://openalex.org/A5081862387,Shinya Yamanaka,W2074435893|US-10533185,W2074435893,US-10533185
992,Jennifer A. Doudna,Jennifer A. Doudna,https://openalex.org/A5067184382,Jennifer A. Doudna,W2986644592|US-10533190,W2986644592,US-10533190
1051,Michel H. Devoret,Michel H. Devoret,https://openalex.org/A5089631322,Michel Devoret,W2057109031|US-10541659,W2057109031,US-10541659
455,Peter C. Doherty,Peter C. Doherty,https://openalex.org/A5074692390,Peter C. Doherty,W1989483194|US-10543268,W1989483194,US-10543268
972,Gregg L. Semenza,Gregg L. Semenza,https://openalex.org/A5051276665,Gregg L. Semenza,W2106146695|US-10548860,W2106146695,US-10548860
831,Roger Y. Tsien,Roger Y. Tsien,https://openalex.org/A5109193097,Roger Y. Tsien,W1043004949|US-10550379,W1043004949,US-10550379
992,Jennifer A. Doudna,Jennifer A. Doudna,https://openalex.org/A5067184382,Jennifer A. Doudna,W2986644592|US-10550407,W2986644592,US-10550407
976,John B. Goodenough,John B. Goodenough,https://openalex.org/A5088016695,John B. Goodenough,W2076968595|US-10553866,W2076968595,US-10553866
152,Steven Chu,Steven Chu,https://openalex.org/A5001967033,Steven Chu,W2994382210|US-10555721,W2994382210,US-10555721
1049,Shimon Sakaguchi,Shimon Sakaguchi,https://openalex.org/A5025764166,Shimon Sakaguchi,W2164386968|US-10555978,W2164386968,US-10555978
843,Ada E. Yonath,Ada E. Yonath,https://openalex.org/A5016847667,Ada Yonath,W2470149719|US-10556934,W2470149719,US-10556934
843,Ada E. Yonath,Ada E. Yonath,https://openalex.org/A5016847667,Ada Yonath,W2740577420|US-10556934,W2740577420,US-10556934
843,Ada E. Yonath,Ada E. Yonath,https://openalex.org/A5016847667,Ada Yonath,W2168046582|US-10556934,W2168046582,US-10556934
406,David Baltimore,David Baltimore,https://openalex.org/A5042763205,David Baltimore,W1987739153|US-10563225,W1987739153,US-10563225
254,Paul Berg,Paul Berg,https://openalex.org/A5110714596,Paul Berg,W1987739153|US-10563225,W1987739153,US-10563225
992,Jennifer A. Doudna,Jennifer A. Doudna,https://openalex.org/A5067184382,Jennifer A. Doudna,W1987739153|US-10563225,W1987739153,US-10563225
992,Jennifer A. Doudna,Jennifer A. Doudna,https://openalex.org/A5067184382,Jennifer A. Doudna,W2986644592|US-10563227,W2986644592,US-10563227
796,Richard R. Schrock,Richard R. Schrock,https://openalex.org/A5079660000,Richard R. Schrock,W2095481098|US-10569261,W2095481098,US-10569261
796,Richard R. Schrock,Richard R. Schrock,https://openalex.org/A5079660000,Richard R. Schrock,W2013260995|US-10569261,W2013260995,US-10569261
796,Richard R. Schrock,Richard R. Schrock,https://openalex.org/A5079660000,Richard R. Schrock,W2033447654|US-10569261,W2033447654,US-10569261
796,Richard R. Schrock,Richard R. Schrock,https://openalex.org/A5079660000,Richard R. Schrock,W1978194271|US-10569261,W1978194271,US-10569261
992,Jennifer A. Doudna,Jennifer A. Doudna,https://openalex.org/A5067184382,Jennifer A. Doudna,W2897700601|US-10570415,W2897700601,US-10570415
992,Jennifer A. Doudna,Jennifer A. Doudna,https://openalex.org/A5067184382,Jennifer A. Doudna,W2563361853|US-10570415,W2563361853,US-10570415
992,Jennifer A. Doudna,Jennifer A. Doudna,https://openalex.org/A5067184382,Jennifer A. Doudna,W2986644592|US-10570419,W2986644592,US-10570419
231,Robert Burns Woodward,Robert B. Woodward,https://openalex.org/A5020822146,R. B. Woodward,W4315631572|US-10574450,W4315631572,US-10574450
416,Hamilton O. Smith,Hamilton O. Smith,https://openalex.org/A5076771387,Hamilton O. Smith,W1971439989|US-10577629,W1971439989,US-10577629
992,Jennifer A. Doudna,Jennifer A. Doudna,https://openalex.org/A5067184382,Jennifer A. Doudna,W2986644592|US-10577631,W2986644592,US-10577631
128,Gerd Binnig,Gerd Binnig,https://openalex.org/A5071169826,G. Binnig,W2424965067|US-10579935,W2424965067,US-10579935
932,Sir J. Fraser Stoddart,Sir J. Fraser Stoddart,https://openalex.org/A5027688873,J. Fraser Stoddart,W3010859159|US-10583147,W3010859159,US-10583147
1049,Shimon Sakaguchi,Shimon Sakaguchi,https://openalex.org/A5025764166,Shimon Sakaguchi,W2164386968|US-10588925,W2164386968,US-10588925
802,Andrew Z. Fire,Andrew Z. Fire,https://openalex.org/A5057231025,Andrew Fire,W1978398372|US-10588960,W1978398372,US-10588960
849,Andre Geim,Andre Geim,https://openalex.org/A5058357018,A. K. Geǐm,W2744419399|US-10591554,W2744419399,US-10591554
1029,Moungi G. Bawendi,Moungi Bawendi,https://openalex.org/A5108389294,Moungi G. Bawendi,W1591086206|US-10593902,W1591086206,US-10593902
259,Aaron Klug,Aaron Klug,https://openalex.org/A5106084352,Aaron Klug,W1995146753|US-10596227,W1995146753,US-10596227
831,Roger Y. Tsien,Roger Y. Tsien,https://openalex.org/A5109193097,Roger Y. Tsien,W4361849062|US-10596259,W4361849062,US-10596259
831,Roger Y. Tsien,Roger Y. Tsien,https://openalex.org/A5109193097,Roger Y. Tsien,W4361874436|US-10596259,W4361874436,US-10596259
831,Roger Y. Tsien,Roger Y. Tsien,https://openalex.org/A5109193097,Roger Y. Tsien,W4361849217|US-10596259,W4361849217,US-10596259
831,Roger Y. Tsien,Roger Y. Tsien,https://openalex.org/A5109193097,Roger Y. Tsien,W4361849306|US-10596259,W4361849306,US-10596259
831,Roger Y. Tsien,Roger Y. Tsien,https://openalex.org/A5109193097,Roger Y. Tsien,W4361874440|US-10596259,W4361874440,US-10596259
831,Roger Y. Tsien,Roger Y. Tsien,https://openalex.org/A5109193097,Roger Y. Tsien,W4361973939|US-10596259,W4361973939,US-10596259
831,Roger Y. Tsien,Roger Y. Tsien,https://openalex.org/A5109193097,Roger Y. Tsien,W4361973779|US-10596259,W4361973779,US-10596259
831,Roger Y. Tsien,Roger Y. Tsien,https://openalex.org/A5109193097,Roger Y. Tsien,W2081109998|US-10596259,W2081109998,US-10596259
831,Roger Y. Tsien,Roger Y. Tsien,https://openalex.org/A5109193097,Roger Y. Tsien,W4361973936|US-10596259,W4361973936,US-10596259
831,Roger Y. Tsien,Roger Y. Tsien,https://openalex.org/A5109193097,Roger Y. Tsien,W4361874589|US-10596259,W4361874589,US-10596259
831,Roger Y. Tsien,Roger Y. Tsien,https://openalex.org/A5109193097,Roger Y. Tsien,W4361849342|US-10596259,W4361849342,US-10596259
831,Roger Y. Tsien,Roger Y. Tsien,https://openalex.org/A5109193097,Roger Y. Tsien,W4361849238|US-10596259,W4361849238,US-10596259
831,Roger Y. Tsien,Roger Y. Tsien,https://openalex.org/A5109193097,Roger Y. Tsien,W4361874475|US-10596259,W4361874475,US-10596259
831,Roger Y. Tsien,Roger Y. Tsien,https://openalex.org/A5109193097,Roger Y. Tsien,W4361849297|US-10596259,W4361849297,US-10596259
1055,Omar M. Yaghi,Omar M. Yaghi,https://openalex.org/A5044268160,Omar M. Yaghi,W2273815525|US-10597408,W2273815525,US-10597408
1039,David Baker,David Baker,https://openalex.org/A5053192926,David Baker,W2209424705|US-10597466,W2209424705,US-10597466
992,Jennifer A. Doudna,Jennifer A. Doudna,https://openalex.org/A5067184382,Jennifer A. Doudna,W2986644592|US-10597680,W2986644592,US-10597680
803,Craig C. Mello,Craig C. Mello,https://openalex.org/A5029315886,Craig C. Mello,W4241434797|US-10604754,W4241434797,US-10604754
795,Robert H. Grubbs,Robert H. Grubbs,https://openalex.org/A5078597191,Robert H. Grubbs,W1919942720|US-10608280,W1919942720,US-10608280
795,Robert H. Grubbs,Robert H. Grubbs,https://openalex.org/A5078597191,Robert H. Grubbs,W909557875|US-10608280,W909557875,US-10608280
795,Robert H. Grubbs,Robert H. Grubbs,https://openalex.org/A5078597191,Robert H. Grubbs,W2612955044|US-10608280,W2612955044,US-10608280
992,Jennifer A. Doudna,Jennifer A. Doudna,https://openalex.org/A5067184382,Jennifer A. Doudna,W2986644592|US-10612045,W2986644592,US-10612045
963,Frances H. Arnold,Frances H. Arnold,https://openalex.org/A5043841592,Frances H. Arnold,W2890944115|US-10612056,W2890944115,US-10612056
963,Frances H. Arnold,Frances H. Arnold,https://openalex.org/A5043841592,Frances H. Arnold,W2465873216|US-10612056,W2465873216,US-10612056
963,Frances H. Arnold,Frances H. Arnold,https://openalex.org/A5043841592,Frances H. Arnold,W4234620178|US-10612056,W4234620178,US-10612056
963,Frances H. Arnold,Frances H. Arnold,https://openalex.org/A5043841592,Frances H. Arnold,W4232570386|US-10612056,W4232570386,US-10612056
1049,Shimon Sakaguchi,Shimon Sakaguchi,https://openalex.org/A5025764166,Shimon Sakaguchi,W2164386968|US-10624933,W2164386968,US-10624933
879,Brian K. Kobilka,Brian Kobilka,https://openalex.org/A5079682203,Brian K. Kobilka,W2474393700|US-10626154,W2474393700,US-10626154
879,Brian K. Kobilka,Brian Kobilka,https://openalex.org/A5079682203,Brian K. Kobilka,W2167857702|US-10626154,W2167857702,US-10626154
879,Brian K. Kobilka,Brian Kobilka,https://openalex.org/A5079682203,Brian K. Kobilka,W2085724886|US-10626154,W2085724886,US-10626154
879,Brian K. Kobilka,Brian Kobilka,https://openalex.org/A5079682203,Brian K. Kobilka,W1998273363|US-10626154,W1998273363,US-10626154
879,Brian K. Kobilka,Brian Kobilka,https://openalex.org/A5079682203,Brian K. Kobilka,W1988097700|US-10626154,W1988097700,US-10626154
879,Brian K. Kobilka,Brian Kobilka,https://openalex.org/A5079682203,Brian K. Kobilka,W2130179503|US-10626154,W2130179503,US-10626154
879,Brian K. Kobilka,Brian Kobilka,https://openalex.org/A5079682203,Brian K. Kobilka,W2041211150|US-10626154,W2041211150,US-10626154
879,Brian K. Kobilka,Brian Kobilka,https://openalex.org/A5079682203,Brian K. Kobilka,W2020601776|US-10626154,W2020601776,US-10626154
879,Brian K. Kobilka,Brian Kobilka,https://openalex.org/A5079682203,Brian K. Kobilka,W2952362253|US-10626154,W2952362253,US-10626154
992,Jennifer A. Doudna,Jennifer A. Doudna,https://openalex.org/A5067184382,Jennifer A. Doudna,W2986644592|US-10626419,W2986644592,US-10626419
992,Jennifer A. Doudna,Jennifer A. Doudna,https://openalex.org/A5067184382,Jennifer A. Doudna,W2149402050|US-10633642,W2149402050,US-10633642
802,Andrew Z. Fire,Andrew Z. Fire,https://openalex.org/A5057231025,Andrew Fire,W2148224382|US-10633655,W2148224382,US-10633655
449,Phillip A. Sharp,Phillip A. Sharp,https://openalex.org/A5022945869,Phillip A. Sharp,W2166903671|US-10633656,W2166903671,US-10633656
449,Phillip A. Sharp,Phillip A. Sharp,https://openalex.org/A5022945869,Phillip A. Sharp,W2145638174|US-10633656,W2145638174,US-10633656
1038,Geoffrey Hinton,Geoffrey Hinton,https://openalex.org/A5108093963,Geoffrey E. Hinton,W1800356822|US-10635972,W1800356822,US-10635972
879,Brian K. Kobilka,Brian Kobilka,https://openalex.org/A5079682203,Brian K. Kobilka,W2530428195|US-10640527,W2530428195,US-10640527
992,Jennifer A. Doudna,Jennifer A. Doudna,https://openalex.org/A5067184382,Jennifer A. Doudna,W2986644592|US-10640791,W2986644592,US-10640791
1055,Omar M. Yaghi,Omar M. Yaghi,https://openalex.org/A5044268160,Omar M. Yaghi,W2606549030|US-10640954,W2606549030,US-10640954
986,Michael Houghton,Michael Houghton,https://openalex.org/A5090612228,Michael Houghton,W1969486048|US-10641780,W1969486048,US-10641780
795,Robert H. Grubbs,Robert H. Grubbs,https://openalex.org/A5078597191,Robert H. Grubbs,W2022192042|US-10646432,W2022192042,US-10646432
795,Robert H. Grubbs,Robert H. Grubbs,https://openalex.org/A5078597191,Robert H. Grubbs,W2762918039|US-10646505,W2762918039,US-10646505
879,Brian K. Kobilka,Brian Kobilka,https://openalex.org/A5079682203,Brian K. Kobilka,W2161093993|US-10647738,W2161093993,US-10647738
1038,Geoffrey Hinton,Geoffrey Hinton,https://openalex.org/A5108093963,Geoffrey E. Hinton,W1821462560|US-10650328,W1821462560,US-10650328
849,Andre Geim,Andre Geim,https://openalex.org/A5058357018,A. K. Geǐm,W2037504047|US-10651490,W2037504047,US-10651490
1040,Demis Hassabis,Demis Hassabis,https://openalex.org/A5005349213,Demis Hassabis,W2594466397|US-10664753,W2594466397,US-10664753
724,Eric R. Kandel,Eric Kandel,https://openalex.org/A5034071817,Eric R. Kandel,W1909310686|US-10668061,W1909310686,US-10668061
992,Jennifer A. Doudna,Jennifer A. Doudna,https://openalex.org/A5067184382,Jennifer A. Doudna,W2986644592|US-10669560,W2986644592,US-10669560
922,Paul Modrich,Paul Modrich,https://openalex.org/A5060041272,Paul Modrich,W1980282046|US-10676476,W1980282046,US-10676476
987,Charles M. Rice,Charles M. Rice,https://openalex.org/A5019683467,Charles M. Rice,W2166378435|US-10676521,W2166378435,US-10676521
992,Jennifer A. Doudna,Jennifer A. Doudna,https://openalex.org/A5067184382,Jennifer A. Doudna,W2986644592|US-10676759,W2986644592,US-10676759
878,Robert J. Lefkowitz,Robert J. Lefkowitz,https://openalex.org/A5080672788,Robert J. Lefkowitz,W2597685695|US-10682397,W2597685695,US-10682397
1015,Carolyn R. Bertozzi,Carolyn Bertozzi,https://openalex.org/A5088409133,Carolyn R. Bertozzi,W1979491356|US-10683527,W1979491356,US-10683527
1055,Omar M. Yaghi,Omar M. Yaghi,https://openalex.org/A5044268160,Omar M. Yaghi,W4383340944|US-10683644,W4383340944,US-10683644
1055,Omar M. Yaghi,Omar M. Yaghi,https://openalex.org/A5044268160,Omar M. Yaghi,W2606549030|US-10683644,W2606549030,US-10683644
908,Shuji Nakamura,Shuji Nakamura,https://openalex.org/A5030709847,Shuji Nakamura,W2152030340|US-10685835,W2152030340,US-10685835
908,Shuji Nakamura,Shuji Nakamura,https://openalex.org/A5030709847,Shuji Nakamura,W2264572625|US-10685835,W2264572625,US-10685835
849,Andre Geim,Andre Geim,https://openalex.org/A5058357018,A. K. Geǐm,W2167267527|US-10692977,W2167267527,US-10692977
850,Konstantin Novoselov,Konstantin Novoselov,https://openalex.org/A5072248970,Kostya S. Novoselov,W2167267527|US-10692977,W2167267527,US-10692977
849,Andre Geim,Andre Geim,https://openalex.org/A5058357018,A. K. Geǐm,W2098269095|US-10692977,W2098269095,US-10692977
850,Konstantin Novoselov,Konstantin Novoselov,https://openalex.org/A5072248970,Kostya S. Novoselov,W2098269095|US-10692977,W2098269095,US-10692977
978,Akira Yoshino,Akira Yoshino,https://openalex.org/A5103185273,Akira Yoshino,W3186661938|US-10693189,W3186661938,US-10693189
406,David Baltimore,David Baltimore,https://openalex.org/A5042763205,David Baltimore,W2030692386|US-10696984,W2030692386,US-10696984
406,David Baltimore,David Baltimore,https://openalex.org/A5042763205,David Baltimore,W2074713417|US-10696984,W2074713417,US-10696984
879,Brian K. Kobilka,Brian Kobilka,https://openalex.org/A5079682203,Brian K. Kobilka,W2512819857|US-10702498,W2512819857,US-10702498
879,Brian K. Kobilka,Brian Kobilka,https://openalex.org/A5079682203,Brian K. Kobilka,W4377020166|US-10702498,W4377020166,US-10702498
992,Jennifer A. Doudna,Jennifer A. Doudna,https://openalex.org/A5067184382,Jennifer A. Doudna,W2161606262|US-10711257,W2161606262,US-10711257
992,Jennifer A. Doudna,Jennifer A. Doudna,https://openalex.org/A5067184382,Jennifer A. Doudna,W2062008243|US-10711257,W2062008243,US-10711257
1038,Geoffrey Hinton,Geoffrey Hinton,https://openalex.org/A5108093963,Geoffrey E. Hinton,W2581624817|US-10719761,W2581624817,US-10719761
795,Robert H. Grubbs,Robert H. Grubbs,https://openalex.org/A5078597191,Robert H. Grubbs,W2981035667|US-10720666,W2981035667,US-10720666
795,Robert H. Grubbs,Robert H. Grubbs,https://openalex.org/A5078597191,Robert H. Grubbs,W2902699996|US-10720666,W2902699996,US-10720666
843,Ada E. Yonath,Ada E. Yonath,https://openalex.org/A5016847667,Ada Yonath,W2740577420|US-10723770,W2740577420,US-10723770
843,Ada E. Yonath,Ada E. Yonath,https://openalex.org/A5016847667,Ada Yonath,W2470149719|US-10723770,W2470149719,US-10723770
843,Ada E. Yonath,Ada E. Yonath,https://openalex.org/A5016847667,Ada Yonath,W2168046582|US-10723770,W2168046582,US-10723770
875,Shinya Yamanaka,Shinya Yamanaka,https://openalex.org/A5081862387,Shinya Yamanaka,W2114698242|US-10731133,W2114698242,US-10731133
803,Craig C. Mello,Craig C. Mello,https://openalex.org/A5029315886,Craig C. Mello,W2141573080|US-10731155,W2141573080,US-10731155
795,Robert H. Grubbs,Robert H. Grubbs,https://openalex.org/A5078597191,Robert H. Grubbs,W4235024652|US-10732321,W4235024652,US-10732321
795,Robert H. Grubbs,Robert H. Grubbs,https://openalex.org/A5078597191,Robert H. Grubbs,W2111839013|US-10732321,W2111839013,US-10732321
795,Robert H. Grubbs,Robert H. Grubbs,https://openalex.org/A5078597191,Robert H. Grubbs,W1999517925|US-10732321,W1999517925,US-10732321
795,Robert H. Grubbs,Robert H. Grubbs,https://openalex.org/A5078597191,Robert H. Grubbs,W2334839322|US-10732321,W2334839322,US-10732321
795,Robert H. Grubbs,Robert H. Grubbs,https://openalex.org/A5078597191,Robert H. Grubbs,W4239642175|US-10732321,W4239642175,US-10732321
932,Sir J. Fraser Stoddart,Sir J. Fraser Stoddart,https://openalex.org/A5027688873,J. Fraser Stoddart,W2528030659|US-10745418,W2528030659,US-10745418
1015,Carolyn R. Bertozzi,Carolyn Bertozzi,https://openalex.org/A5088409133,Carolyn R. Bertozzi,W1983639577|US-10745464,W1983639577,US-10745464
1015,Carolyn R. Bertozzi,Carolyn Bertozzi,https://openalex.org/A5088409133,Carolyn R. Bertozzi,W1979108979|US-10745464,W1979108979,US-10745464
1015,Carolyn R. Bertozzi,Carolyn Bertozzi,https://openalex.org/A5088409133,Carolyn R. Bertozzi,W1979491356|US-10745464,W1979491356,US-10745464
280,George A. Olah,George A. Olah,https://openalex.org/A5071446330,George A. Olah,W2313025981|US-10751689,W2313025981,US-10751689
963,Frances H. Arnold,Frances H. Arnold,https://openalex.org/A5043841592,Frances H. Arnold,W2798059242|US-10752927,W2798059242,US-10752927
963,Frances H. Arnold,Frances H. Arnold,https://openalex.org/A5043841592,Frances H. Arnold,W2465873216|US-10752927,W2465873216,US-10752927
978,Akira Yoshino,Akira Yoshino,https://openalex.org/A5103185273,Akira Yoshino,W3186661938|US-10756394,W3186661938,US-10756394
1029,Moungi G. Bawendi,Moungi Bawendi,https://openalex.org/A5108389294,Moungi G. Bawendi,W2588704542|US-10758633,W2588704542,US-10758633
1015,Carolyn R. Bertozzi,Carolyn Bertozzi,https://openalex.org/A5088409133,Carolyn R. Bertozzi,W1990812268|US-10760046,W1990812268,US-10760046
1055,Omar M. Yaghi,Omar M. Yaghi,https://openalex.org/A5044268160,Omar M. Yaghi,W2621033144|US-10766908,W2621033144,US-10766908
1055,Omar M. Yaghi,Omar M. Yaghi,https://openalex.org/A5044268160,Omar M. Yaghi,W4250468494|US-10766911,W4250468494,US-10766911
1055,Omar M. Yaghi,Omar M. Yaghi,https://openalex.org/A5044268160,Omar M. Yaghi,W2986592825|US-10766911,W2986592825,US-10766911
958,James P. Allison,James P. Allison,https://openalex.org/A5047117233,James P. Allison,W2111877246|US-10768170,W2111877246,US-10768170
992,Jennifer A. Doudna,Jennifer A. Doudna,https://openalex.org/A5067184382,Jennifer A. Doudna,W2986644592|US-10774344,W2986644592,US-10774344
1040,Demis Hassabis,Demis Hassabis,https://openalex.org/A5005349213,Demis Hassabis,W2964295739|US-10776670,W2964295739,US-10776670
1051,Michel H. Devoret,Michel H. Devoret,https://openalex.org/A5089631322,Michel Devoret,W2563912444|US-10776709,W2563912444,US-10776709
879,Brian K. Kobilka,Brian Kobilka,https://openalex.org/A5079682203,Brian K. Kobilka,W4377020166|US-10780078,W4377020166,US-10780078
879,Brian K. Kobilka,Brian Kobilka,https://openalex.org/A5079682203,Brian K. Kobilka,W2512819857|US-10780078,W2512819857,US-10780078
795,Robert H. Grubbs,Robert H. Grubbs,https://openalex.org/A5078597191,Robert H. Grubbs,W1944484547|US-10781221,W1944484547,US-10781221
1039,David Baker,David Baker,https://openalex.org/A5053192926,David Baker,W2018339027|US-10782295,W2018339027,US-10782295
412,Andrew V. Schally,Andrew V. Schally,https://openalex.org/A5068739269,Andrew V. Schally,W1905132822|US-10786536,W1905132822,US-10786536
879,Brian K. Kobilka,Brian Kobilka,https://openalex.org/A5079682203,Brian K. Kobilka,W2595112061|US-10793589,W2595112061,US-10793589
992,Jennifer A. Doudna,Jennifer A. Doudna,https://openalex.org/A5067184382,Jennifer A. Doudna,W2030974598|US-10793842,W2030974598,US-10793842
992,Jennifer A. Doudna,Jennifer A. Doudna,https://openalex.org/A5067184382,Jennifer A. Doudna,W2041131616|US-10793842,W2041131616,US-10793842
992,Jennifer A. Doudna,Jennifer A. Doudna,https://openalex.org/A5067184382,Jennifer A. Doudna,W2986644592|US-10793878,W2986644592,US-10793878
1029,Moungi G. Bawendi,Moungi Bawendi,https://openalex.org/A5108389294,Moungi G. Bawendi,W2204662937|US-10794771,W2204662937,US-10794771
795,Robert H. Grubbs,Robert H. Grubbs,https://openalex.org/A5078597191,Robert H. Grubbs,W2065226798|US-10799613,W2065226798,US-10799613
743,K. Barry Sharpless,K. Barry Sharpless,https://openalex.org/A5077401880,K. Barry Sharpless,W2088846561|US-10800749,W2088846561,US-10800749
743,K. Barry Sharpless,K. Barry Sharpless,https://openalex.org/A5077401880,K. Barry Sharpless,W2023160409|US-10800749,W2023160409,US-10800749
795,Robert H. Grubbs,Robert H. Grubbs,https://openalex.org/A5078597191,Robert H. Grubbs,W2595573133|US-10800797,W2595573133,US-10800797
965,Sir Gregory P. Winter,Sir Gregory P. Winter,https://openalex.org/A5113550627,Greg Winter,W2056973302|US-10800813,W2056973302,US-10800813
1040,Demis Hassabis,Demis Hassabis,https://openalex.org/A5005349213,Demis Hassabis,W4294619240|US-10803884,W4294619240,US-10803884
1040,Demis Hassabis,Demis Hassabis,https://openalex.org/A5005349213,Demis Hassabis,W2769810959|US-10803884,W2769810959,US-10803884
976,John B. Goodenough,John B. Goodenough,https://openalex.org/A5088016695,John B. Goodenough,W2559982261|US-10804040,W2559982261,US-10804040
1029,Moungi G. Bawendi,Moungi Bawendi,https://openalex.org/A5108389294,Moungi G. Bawendi,W2275009423|US-10807865,W2275009423,US-10807865
1029,Moungi G. Bawendi,Moungi Bawendi,https://openalex.org/A5108389294,Moungi G. Bawendi,W2518501236|US-10807865,W2518501236,US-10807865
879,Brian K. Kobilka,Brian Kobilka,https://openalex.org/A5079682203,Brian K. Kobilka,W2626371516|US-10808003,W2626371516,US-10808003
802,Andrew Z. Fire,Andrew Z. Fire,https://openalex.org/A5057231025,Andrew Fire,W1978398372|US-10815295,W1978398372,US-10815295
406,David Baltimore,David Baltimore,https://openalex.org/A5042763205,David Baltimore,W2911644242|US-10816554,W2911644242,US-10816554
1039,David Baker,David Baker,https://openalex.org/A5053192926,David Baker,W2559856762|US-10818377,W2559856762,US-10818377
1055,Omar M. Yaghi,Omar M. Yaghi,https://openalex.org/A5044268160,Omar M. Yaghi,W4213239257|US-10821417,W4213239257,US-10821417
1055,Omar M. Yaghi,Omar M. Yaghi,https://openalex.org/A5044268160,Omar M. Yaghi,W2606451696|US-10821417,W2606451696,US-10821417
971,Sir Peter J. Ratcliffe,Sir Peter J. Ratcliffe,https://openalex.org/A5064727417,Peter J. Ratcliffe,W2102158172|US-10822587,W2102158172,US-10822587
835,Elizabeth H. Blackburn,Elizabeth H. Blackburn,https://openalex.org/A5064437582,Elizabeth H. Blackburn,W4236588865|US-10822606,W4236588865,US-10822606
932,Sir J. Fraser Stoddart,Sir J. Fraser Stoddart,https://openalex.org/A5027688873,J. Fraser Stoddart,W2129128202|US-10828255,W2129128202,US-10828255
963,Frances H. Arnold,Frances H. Arnold,https://openalex.org/A5043841592,Frances H. Arnold,W2796309353|US-10829792,W2796309353,US-10829792
1052,John M. Martinis,John M. Martinis,https://openalex.org/A5043106778,John M. Martinis,W2203542361|US-10832156,W2203542361,US-10832156
1052,John M. Martinis,John M. Martinis,https://openalex.org/A5043106778,John M. Martinis,W2758259983|US-10832156,W2758259983,US-10832156
906,Isamu Akasaki,Isamu Akasaki,https://openalex.org/A5081597179,Isamu Akasaki,W2247308255|US-10833223,W2247308255,US-10833223
1049,Shimon Sakaguchi,Shimon Sakaguchi,https://openalex.org/A5025764166,Shimon Sakaguchi,W2164386968|US-10835559,W2164386968,US-10835559
958,James P. Allison,James P. Allison,https://openalex.org/A5047117233,James P. Allison,W2516619560|US-10836827,W2516619560,US-10836827
1040,Demis Hassabis,Demis Hassabis,https://openalex.org/A5005349213,Demis Hassabis,W2724169821|US-10839293,W2724169821,US-10839293
1040,Demis Hassabis,Demis Hassabis,https://openalex.org/A5005349213,Demis Hassabis,W2964174623|US-10839293,W2964174623,US-10839293
802,Andrew Z. Fire,Andrew Z. Fire,https://openalex.org/A5057231025,Andrew Fire,W1978398372|US-10849970,W1978398372,US-10849970
1039,David Baker,David Baker,https://openalex.org/A5053192926,David Baker,W2963418941|US-10851135,W2963418941,US-10851135
1015,Carolyn R. Bertozzi,Carolyn Bertozzi,https://openalex.org/A5088409133,Carolyn R. Bertozzi,W1989418439|US-10851174,W1989418439,US-10851174
992,Jennifer A. Doudna,Jennifer A. Doudna,https://openalex.org/A5067184382,Jennifer A. Doudna,W2801459452|US-10851367,W2801459452,US-10851367
1027,Ferenc Krausz,Ferenc Krausz,https://openalex.org/A5049801219,Ferenc Krausz,W2312624929|US-10855049,W2312624929,US-10855049
1027,Ferenc Krausz,Ferenc Krausz,https://openalex.org/A5049801219,Ferenc Krausz,W1971940971|US-10855049,W1971940971,US-10855049
1027,Ferenc Krausz,Ferenc Krausz,https://openalex.org/A5049801219,Ferenc Krausz,W4206180888|US-10855049,W4206180888,US-10855049
1027,Ferenc Krausz,Ferenc Krausz,https://openalex.org/A5049801219,Ferenc Krausz,W2531345107|US-10855049,W2531345107,US-10855049
795,Robert H. Grubbs,Robert H. Grubbs,https://openalex.org/A5078597191,Robert H. Grubbs,W2978972275|US-10857530,W2978972275,US-10857530
795,Robert H. Grubbs,Robert H. Grubbs,https://openalex.org/A5078597191,Robert H. Grubbs,W2254859514|US-10857530,W2254859514,US-10857530
795,Robert H. Grubbs,Robert H. Grubbs,https://openalex.org/A5078597191,Robert H. Grubbs,W2950023300|US-10857530,W2950023300,US-10857530
795,Robert H. Grubbs,Robert H. Grubbs,https://openalex.org/A5078597191,Robert H. Grubbs,W2596594932|US-10857530,W2596594932,US-10857530
795,Robert H. Grubbs,Robert H. Grubbs,https://openalex.org/A5078597191,Robert H. Grubbs,W2331956320|US-10857530,W2331956320,US-10857530
992,Jennifer A. Doudna,Jennifer A. Doudna,https://openalex.org/A5067184382,Jennifer A. Doudna,W2149402050|US-10858639,W2149402050,US-10858639
1040,Demis Hassabis,Demis Hassabis,https://openalex.org/A5005349213,Demis Hassabis,W2964295739|US-10860895,W2964295739,US-10860895
1052,John M. Martinis,John M. Martinis,https://openalex.org/A5043106778,John M. Martinis,W2211717363|US-10867258,W2211717363,US-10867258
970,William G. Kaelin Jr,William G. Kaelin Jr,https://openalex.org/A5088456751,William G. Kaelin,W2997732097|US-10870651,W2997732097,US-10870651
965,Sir Gregory P. Winter,Sir Gregory P. Winter,https://openalex.org/A5113550627,Greg Winter,W2056973302|US-10870679,W2056973302,US-10870679
406,David Baltimore,David Baltimore,https://openalex.org/A5042763205,David Baltimore,W2135135539|US-10876118,W2135135539,US-10876118
406,David Baltimore,David Baltimore,https://openalex.org/A5042763205,David Baltimore,W2160724571|US-10876118,W2160724571,US-10876118
406,David Baltimore,David Baltimore,https://openalex.org/A5042763205,David Baltimore,W2135135539|US-10876133,W2135135539,US-10876133
1015,Carolyn R. Bertozzi,Carolyn Bertozzi,https://openalex.org/A5088409133,Carolyn R. Bertozzi,W2417424384|US-10876143,W2417424384,US-10876143
986,Michael Houghton,Michael Houghton,https://openalex.org/A5090612228,Michael Houghton,W2057292812|US-10881726,W2057292812,US-10881726
986,Michael Houghton,Michael Houghton,https://openalex.org/A5090612228,Michael Houghton,W2789618179|US-10881726,W2789618179,US-10881726
986,Michael Houghton,Michael Houghton,https://openalex.org/A5090612228,Michael Houghton,W2766725373|US-10881726,W2766725373,US-10881726
986,Michael Houghton,Michael Houghton,https://openalex.org/A5090612228,Michael Houghton,W2003928321|US-10881727,W2003928321,US-10881727
986,Michael Houghton,Michael Houghton,https://openalex.org/A5090612228,Michael Houghton,W2789618179|US-10881727,W2789618179,US-10881727
986,Michael Houghton,Michael Houghton,https://openalex.org/A5090612228,Michael Houghton,W2970032913|US-10881727,W2970032913,US-10881727
879,Brian K. Kobilka,Brian Kobilka,https://openalex.org/A5079682203,Brian K. Kobilka,W2896732634|US-10889609,W2896732634,US-10889609
879,Brian K. Kobilka,Brian Kobilka,https://openalex.org/A5079682203,Brian K. Kobilka,W2337397325|US-10889609,W2337397325,US-10889609
965,Sir Gregory P. Winter,Sir Gregory P. Winter,https://openalex.org/A5113550627,Greg Winter,W1984714846|US-10894808,W1984714846,US-10894808
965,Sir Gregory P. Winter,Sir Gregory P. Winter,https://openalex.org/A5113550627,Greg Winter,W2056973302|US-10894808,W2056973302,US-10894808
992,Jennifer A. Doudna,Jennifer A. Doudna,https://openalex.org/A5067184382,Jennifer A. Doudna,W2986644592|US-10900054,W2986644592,US-10900054
910,Stefan W. Hell,Stefan W. Hell,https://openalex.org/A5088219208,Stefan W. Hell,W2806414412|US-10900901,W2806414412,US-10900901
442,Joseph E. Murray,Joseph E. Murray,https://openalex.org/A5101854206,Joseph A. Murray,W2264162621|US-10900964,W2264162621,US-10900964
152,Steven Chu,Steven Chu,https://openalex.org/A5001967033,Steven Chu,W2884728742|US-10905401,W2884728742,US-10905401
155,Robert B. Laughlin,Robert B. Laughlin,https://openalex.org/A5051731365,R. B. Laughlin,W2740297833|US-10907513,W2740297833,US-10907513
1028,Anne L’Huillier,Anne L’Huillier,https://openalex.org/A5087194862,A. L’Huillier,W2765287380|US-10908026,W2765287380,US-10908026
910,Stefan W. Hell,Stefan W. Hell,https://openalex.org/A5088219208,Stefan W. Hell,W2806414412|US-10908089,W2806414412,US-10908089
795,Robert H. Grubbs,Robert H. Grubbs,https://openalex.org/A5078597191,Robert H. Grubbs,W2241149129|US-10913723,W2241149129,US-10913723
743,K. Barry Sharpless,K. Barry Sharpless,https://openalex.org/A5077401880,K. Barry Sharpless,W2088846561|US-10913726,W2088846561,US-10913726
743,K. Barry Sharpless,K. Barry Sharpless,https://openalex.org/A5077401880,K. Barry Sharpless,W2023160409|US-10913726,W2023160409,US-10913726
1015,Carolyn R. Bertozzi,Carolyn Bertozzi,https://openalex.org/A5088409133,Carolyn R. Bertozzi,W1982936666|US-10914742,W1982936666,US-10914742
1015,Carolyn R. Bertozzi,Carolyn Bertozzi,https://openalex.org/A5088409133,Carolyn R. Bertozzi,W2303199669|US-10914742,W2303199669,US-10914742
795,Robert H. Grubbs,Robert H. Grubbs,https://openalex.org/A5078597191,Robert H. Grubbs,W2241149129|US-10919860,W2241149129,US-10919860
795,Robert H. Grubbs,Robert H. Grubbs,https://openalex.org/A5078597191,Robert H. Grubbs,W2035221061|US-10919917,W2035221061,US-10919917
795,Robert H. Grubbs,Robert H. Grubbs,https://openalex.org/A5078597191,Robert H. Grubbs,W2951982916|US-10919917,W2951982916,US-10919917
1039,David Baker,David Baker,https://openalex.org/A5053192926,David Baker,W2260617737|US-10920217,W2260617737,US-10920217
795,Robert H. Grubbs,Robert H. Grubbs,https://openalex.org/A5078597191,Robert H. Grubbs,W2098155996|US-10927065,W2098155996,US-10927065
795,Robert H. Grubbs,Robert H. Grubbs,https://openalex.org/A5078597191,Robert H. Grubbs,W1944484547|US-10927065,W1944484547,US-10927065
977,M. Stanley Whittingham,M. Stanley Whittingham,https://openalex.org/A5023061999,M. Stanley Whittingham,W2972341275|US-10927465,W2972341275,US-10927465
963,Frances H. Arnold,Frances H. Arnold,https://openalex.org/A5043841592,Frances H. Arnold,W2905500176|US-10934531,W2905500176,US-10934531
1053,Susumu Kitagawa,Susumu Kitagawa,https://openalex.org/A5028281315,Susumu Kitagawa,W2799678261|US-10941166,W2799678261,US-10941166
757,Koichi Tanaka,Koichi Tanaka,https://openalex.org/A5009335876,Koichi Tanaka,W2981023841|US-10942190,W2981023841,US-10942190
795,Robert H. Grubbs,Robert H. Grubbs,https://openalex.org/A5078597191,Robert H. Grubbs,W2022192042|US-10945946,W2022192042,US-10945946
449,Phillip A. Sharp,Phillip A. Sharp,https://openalex.org/A5022945869,Phillip A. Sharp,W2246543456|US-10946035,W2246543456,US-10946035
449,Phillip A. Sharp,Phillip A. Sharp,https://openalex.org/A5022945869,Phillip A. Sharp,W2087718006|US-10946035,W2087718006,US-10946035
449,Phillip A. Sharp,Phillip A. Sharp,https://openalex.org/A5022945869,Phillip A. Sharp,W2141172277|US-10946035,W2141172277,US-10946035
280,George A. Olah,George A. Olah,https://openalex.org/A5071446330,George A. Olah,W2313025981|US-10953384,W2313025981,US-10953384
992,Jennifer A. Doudna,Jennifer A. Doudna,https://openalex.org/A5067184382,Jennifer A. Doudna,W2062008243|US-10954498,W2062008243,US-10954498
992,Jennifer A. Doudna,Jennifer A. Doudna,https://openalex.org/A5067184382,Jennifer A. Doudna,W2161606262|US-10954498,W2161606262,US-10954498
449,Phillip A. Sharp,Phillip A. Sharp,https://openalex.org/A5022945869,Phillip A. Sharp,W2337281386|US-10954514,W2337281386,US-10954514
932,Sir J. Fraser Stoddart,Sir J. Fraser Stoddart,https://openalex.org/A5027688873,J. Fraser Stoddart,W3036845545|US-10961343,W3036845545,US-10961343
910,Stefan W. Hell,Stefan W. Hell,https://openalex.org/A5088219208,Stefan W. Hell,W2806414412|US-10962479,W2806414412,US-10962479
802,Andrew Z. Fire,Andrew Z. Fire,https://openalex.org/A5057231025,Andrew Fire,W1978398372|US-10968255,W1978398372,US-10968255
795,Robert H. Grubbs,Robert H. Grubbs,https://openalex.org/A5078597191,Robert H. Grubbs,W2241149129|US-10975038,W2241149129,US-10975038
795,Robert H. Grubbs,Robert H. Grubbs,https://openalex.org/A5078597191,Robert H. Grubbs,W2070279440|US-10975038,W2070279440,US-10975038
743,K. Barry Sharpless,K. Barry Sharpless,https://openalex.org/A5077401880,K. Barry Sharpless,W1965780953|US-10975123,W1965780953,US-10975123
977,M. Stanley Whittingham,M. Stanley Whittingham,https://openalex.org/A5023061999,M. Stanley Whittingham,W2727670264|US-10978709,W2727670264,US-10978709
795,Robert H. Grubbs,Robert H. Grubbs,https://openalex.org/A5078597191,Robert H. Grubbs,W2241149129|US-10981878,W2241149129,US-10981878
802,Andrew Z. Fire,Andrew Z. Fire,https://openalex.org/A5057231025,Andrew Fire,W2148224382|US-10982211,W2148224382,US-10982211
992,Jennifer A. Doudna,Jennifer A. Doudna,https://openalex.org/A5067184382,Jennifer A. Doudna,W2986644592|US-10982230,W2986644592,US-10982230
992,Jennifer A. Doudna,Jennifer A. Doudna,https://openalex.org/A5067184382,Jennifer A. Doudna,W2986644592|US-10982231,W2986644592,US-10982231
908,Shuji Nakamura,Shuji Nakamura,https://openalex.org/A5030709847,Shuji Nakamura,W2264572625|US-10985285,W2264572625,US-10985285
908,Shuji Nakamura,Shuji Nakamura,https://openalex.org/A5030709847,Shuji Nakamura,W1979300756|US-10985293,W1979300756,US-10985293
1039,David Baker,David Baker,https://openalex.org/A5053192926,David Baker,W2345914382|US-10988514,W2345914382,US-10988514
1039,David Baker,David Baker,https://openalex.org/A5053192926,David Baker,W2904947448|US-10988514,W2904947448,US-10988514
1039,David Baker,David Baker,https://openalex.org/A5053192926,David Baker,W2950464686|US-10988759,W2950464686,US-10988759
1039,David Baker,David Baker,https://openalex.org/A5053192926,David Baker,W2608686842|US-10988759,W2608686842,US-10988759
992,Jennifer A. Doudna,Jennifer A. Doudna,https://openalex.org/A5067184382,Jennifer A. Doudna,W2986644592|US-10988780,W2986644592,US-10988780
992,Jennifer A. Doudna,Jennifer A. Doudna,https://openalex.org/A5067184382,Jennifer A. Doudna,W2986644592|US-10988782,W2986644592,US-10988782
795,Robert H. Grubbs,Robert H. Grubbs,https://openalex.org/A5078597191,Robert H. Grubbs,W2903706344|US-10995049,W2903706344,US-10995049
795,Robert H. Grubbs,Robert H. Grubbs,https://openalex.org/A5078597191,Robert H. Grubbs,W2555224455|US-10995105,W2555224455,US-10995105
795,Robert H. Grubbs,Robert H. Grubbs,https://openalex.org/A5078597191,Robert H. Grubbs,W1944484547|US-10995105,W1944484547,US-10995105
1052,John M. Martinis,John M. Martinis,https://openalex.org/A5043106778,John M. Martinis,W3156619533|US-10998486,W3156619533,US-10998486
1052,John M. Martinis,John M. Martinis,https://openalex.org/A5043106778,John M. Martinis,W3112842167|US-10998486,W3112842167,US-10998486
1052,John M. Martinis,John M. Martinis,https://openalex.org/A5043106778,John M. Martinis,W3171376167|US-10998486,W3171376167,US-10998486
992,Jennifer A. Doudna,Jennifer A. Doudna,https://openalex.org/A5067184382,Jennifer A. Doudna,W2986644592|US-11001863,W2986644592,US-11001863
976,John B. Goodenough,John B. Goodenough,https://openalex.org/A5088016695,John B. Goodenough,W1968846125|US-11005127,W1968846125,US-11005127
992,Jennifer A. Doudna,Jennifer A. Doudna,https://openalex.org/A5067184382,Jennifer A. Doudna,W2986644592|US-11008589,W2986644592,US-11008589
992,Jennifer A. Doudna,Jennifer A. Doudna,https://openalex.org/A5067184382,Jennifer A. Doudna,W2986644592|US-11008590,W2986644592,US-11008590
963,Frances H. Arnold,Frances H. Arnold,https://openalex.org/A5043841592,Frances H. Arnold,W2517883330|US-11008596,W2517883330,US-11008596
253,Georg Wittig,Georg Wittig,https://openalex.org/A5086359715,Georg Wittig,W2921912214|US-11013100,W2921912214,US-11013100
1055,Omar M. Yaghi,Omar M. Yaghi,https://openalex.org/A5044268160,Omar M. Yaghi,W4226238759|US-11014068,W4226238759,US-11014068
1055,Omar M. Yaghi,Omar M. Yaghi,https://openalex.org/A5044268160,Omar M. Yaghi,W1968896148|US-11014068,W1968896148,US-11014068
1055,Omar M. Yaghi,Omar M. Yaghi,https://openalex.org/A5044268160,Omar M. Yaghi,W2128962229|US-11014068,W2128962229,US-11014068
1055,Omar M. Yaghi,Omar M. Yaghi,https://openalex.org/A5044268160,Omar M. Yaghi,W2141939342|US-11014068,W2141939342,US-11014068
1055,Omar M. Yaghi,Omar M. Yaghi,https://openalex.org/A5044268160,Omar M. Yaghi,W2072170322|US-11014068,W2072170322,US-11014068
1055,Omar M. Yaghi,Omar M. Yaghi,https://openalex.org/A5044268160,Omar M. Yaghi,W2950075111|US-11014068,W2950075111,US-11014068
796,Richard R. Schrock,Richard R. Schrock,https://openalex.org/A5079660000,Richard R. Schrock,W2307044127|US-11020730,W2307044127,US-11020730
796,Richard R. Schrock,Richard R. Schrock,https://openalex.org/A5079660000,Richard R. Schrock,W2580674650|US-11020730,W2580674650,US-11020730
1039,David Baker,David Baker,https://openalex.org/A5053192926,David Baker,W3087379792|US-11021535,W3087379792,US-11021535
442,Joseph E. Murray,Joseph E. Murray,https://openalex.org/A5101854206,Joseph A. Murray,W2901720224|US-11026887,W2901720224,US-11026887
992,Jennifer A. Doudna,Jennifer A. Doudna,https://openalex.org/A5067184382,Jennifer A. Doudna,W2986644592|US-11028412,W2986644592,US-11028412
1052,John M. Martinis,John M. Martinis,https://openalex.org/A5043106778,John M. Martinis,W4220692008|US-11038094,W4220692008,US-11038094
1052,John M. Martinis,John M. Martinis,https://openalex.org/A5043106778,John M. Martinis,W3144950882|US-11038094,W3144950882,US-11038094
861,Bruce A. Beutler,Bruce A. Beutler,https://openalex.org/A5059140393,Bruce Beutler,W4283693854|US-11040959,W4283693854,US-11040959
861,Bruce A. Beutler,Bruce A. Beutler,https://openalex.org/A5059140393,Bruce Beutler,W4243141279|US-11040959,W4243141279,US-11040959
861,Bruce A. Beutler,Bruce A. Beutler,https://openalex.org/A5059140393,Bruce Beutler,W2894628232|US-11040959,W2894628232,US-11040959
861,Bruce A. Beutler,Bruce A. Beutler,https://openalex.org/A5059140393,Bruce Beutler,W4313356087|US-11040959,W4313356087,US-11040959
861,Bruce A. Beutler,Bruce A. Beutler,https://openalex.org/A5059140393,Bruce Beutler,W2920668714|US-11040959,W2920668714,US-11040959
449,Phillip A. Sharp,Phillip A. Sharp,https://openalex.org/A5022945869,Phillip A. Sharp,W2337281386|US-11041173,W2337281386,US-11041173
751,H. Robert Horvitz,H. Robert Horvitz,https://openalex.org/A5075093223,H. Robert Horvitz,W2135607950|US-11041204,W2135607950,US-11041204
1015,Carolyn R. Bertozzi,Carolyn Bertozzi,https://openalex.org/A5088409133,Carolyn R. Bertozzi,W2516162681|US-11041850,W2516162681,US-11041850
879,Brian K. Kobilka,Brian Kobilka,https://openalex.org/A5079682203,Brian K. Kobilka,W2130179503|US-11041868,W2130179503,US-11041868
879,Brian K. Kobilka,Brian Kobilka,https://openalex.org/A5079682203,Brian K. Kobilka,W2952362253|US-11041868,W2952362253,US-11041868
757,Koichi Tanaka,Koichi Tanaka,https://openalex.org/A5009335876,,W2987703065|US-11047862,W2987703065,US-11047862
976,John B. Goodenough,John B. Goodenough,https://openalex.org/A5088016695,John B. Goodenough,W2559982261|US-11049667,W2559982261,US-11049667
795,Robert H. Grubbs,Robert H. Grubbs,https://openalex.org/A5078597191,Robert H. Grubbs,W1860598299|US-11053209,W1860598299,US-11053209
795,Robert H. Grubbs,Robert H. Grubbs,https://openalex.org/A5078597191,Robert H. Grubbs,W4210503034|US-11053209,W4210503034,US-11053209
795,Robert H. Grubbs,Robert H. Grubbs,https://openalex.org/A5078597191,Robert H. Grubbs,W2978972275|US-11053209,W2978972275,US-11053209
795,Robert H. Grubbs,Robert H. Grubbs,https://openalex.org/A5078597191,Robert H. Grubbs,W2008184645|US-11053209,W2008184645,US-11053209
795,Robert H. Grubbs,Robert H. Grubbs,https://openalex.org/A5078597191,Robert H. Grubbs,W2822258165|US-11053209,W2822258165,US-11053209
795,Robert H. Grubbs,Robert H. Grubbs,https://openalex.org/A5078597191,Robert H. Grubbs,W2622225311|US-11053209,W2622225311,US-11053209
795,Robert H. Grubbs,Robert H. Grubbs,https://openalex.org/A5078597191,Robert H. Grubbs,W2685416739|US-11053209,W2685416739,US-11053209
795,Robert H. Grubbs,Robert H. Grubbs,https://openalex.org/A5078597191,Robert H. Grubbs,W2590065362|US-11053356,W2590065362,US-11053356
1015,Carolyn R. Bertozzi,Carolyn Bertozzi,https://openalex.org/A5088409133,Carolyn R. Bertozzi,W1979491356|US-11053529,W1979491356,US-11053529
1055,Omar M. Yaghi,Omar M. Yaghi,https://openalex.org/A5044268160,Omar M. Yaghi,W4383340944|US-11059838,W4383340944,US-11059838
1055,Omar M. Yaghi,Omar M. Yaghi,https://openalex.org/A5044268160,Omar M. Yaghi,W2805913616|US-11059838,W2805913616,US-11059838
992,Jennifer A. Doudna,Jennifer A. Doudna,https://openalex.org/A5067184382,Jennifer A. Doudna,W2149402050|US-11060078,W2149402050,US-11060078
1025,Drew Weissman,Drew Weissman,https://openalex.org/A5068253145,Drew Weissman,W2071136305|US-11060107,W2071136305,US-11060107
1024,Katalin Karikó,Katalin Karikó,https://openalex.org/A5030598859,Katalin Karikó,W2071136305|US-11060107,W2071136305,US-11060107
1024,Katalin Karikó,Katalin Karikó,https://openalex.org/A5030598859,Katalin Karikó,W191828198|US-11060107,W191828198,US-11060107
1025,Drew Weissman,Drew Weissman,https://openalex.org/A5068253145,Drew Weissman,W191828198|US-11060107,W191828198,US-11060107
795,Robert H. Grubbs,Robert H. Grubbs,https://openalex.org/A5078597191,Robert H. Grubbs,W2902699996|US-11069921,W2902699996,US-11069921
795,Robert H. Grubbs,Robert H. Grubbs,https://openalex.org/A5078597191,Robert H. Grubbs,W2981035667|US-11069921,W2981035667,US-11069921
908,Shuji Nakamura,Shuji Nakamura,https://openalex.org/A5030709847,Shuji Nakamura,W4237579941|US-11070031,W4237579941,US-11070031
802,Andrew Z. Fire,Andrew Z. Fire,https://openalex.org/A5057231025,Andrew Fire,W1978398372|US-11071783,W1978398372,US-11071783
284,Robert F. Curl Jr.,Robert F. Curl Jr.,https://openalex.org/A5050630131,R. F. Curl,W2775128528|US-11073469,W2775128528,US-11073469
1029,Moungi G. Bawendi,Moungi Bawendi,https://openalex.org/A5108389294,Moungi G. Bawendi,W2606668319|US-11077213,W2606668319,US-11077213
1029,Moungi G. Bawendi,Moungi Bawendi,https://openalex.org/A5108389294,Moungi G. Bawendi,W2554994428|US-11077213,W2554994428,US-11077213
1039,David Baker,David Baker,https://openalex.org/A5053192926,David Baker,W2209424705|US-11078300,W2209424705,US-11078300
757,Koichi Tanaka,Koichi Tanaka,https://openalex.org/A5009335876,,W2987703065|US-11085928,W2987703065,US-11085928
1049,Shimon Sakaguchi,Shimon Sakaguchi,https://openalex.org/A5025764166,Shimon Sakaguchi,W2164386968|US-11090343,W2164386968,US-11090343
932,Sir J. Fraser Stoddart,Sir J. Fraser Stoddart,https://openalex.org/A5027688873,J. Fraser Stoddart,W2529956853|US-11091443,W2529956853,US-11091443
908,Shuji Nakamura,Shuji Nakamura,https://openalex.org/A5030709847,Shuji Nakamura,W2583628853|US-11095097,W2583628853,US-11095097
795,Robert H. Grubbs,Robert H. Grubbs,https://openalex.org/A5078597191,Robert H. Grubbs,W1944484547|US-11104693,W1944484547,US-11104693
795,Robert H. Grubbs,Robert H. Grubbs,https://openalex.org/A5078597191,Robert H. Grubbs,W2555224455|US-11104693,W2555224455,US-11104693
1051,Michel H. Devoret,Michel H. Devoret,https://openalex.org/A5089631322,Michel Devoret,W2318003196|US-11106991,W2318003196,US-11106991
992,Jennifer A. Doudna,Jennifer A. Doudna,https://openalex.org/A5067184382,Jennifer A. Doudna,W2897700601|US-11118224,W2897700601,US-11118224
992,Jennifer A. Doudna,Jennifer A. Doudna,https://openalex.org/A5067184382,Jennifer A. Doudna,W2774271421|US-11118224,W2774271421,US-11118224
992,Jennifer A. Doudna,Jennifer A. Doudna,https://openalex.org/A5067184382,Jennifer A. Doudna,W2787024379|US-11118224,W2787024379,US-11118224
449,Phillip A. Sharp,Phillip A. Sharp,https://openalex.org/A5022945869,Phillip A. Sharp,W2337281386|US-11124796,W2337281386,US-11124796
1029,Moungi G. Bawendi,Moungi Bawendi,https://openalex.org/A5108389294,Moungi G. Bawendi,W2116318323|US-11125739,W2116318323,US-11125739
406,David Baltimore,David Baltimore,https://openalex.org/A5042763205,David Baltimore,W2911644242|US-11125755,W2911644242,US-11125755
406,David Baltimore,David Baltimore,https://openalex.org/A5042763205,David Baltimore,W2911644242|US-11125756,W2911644242,US-11125756
1003,David W.C. MacMillan,David W.C. MacMillan,https://openalex.org/A5025805979,David W. C. MacMillan,W2549436288|US-11136349,W2549436288,US-11136349
1039,David Baker,David Baker,https://openalex.org/A5053192926,David Baker,W2950464686|US-11136573,W2950464686,US-11136573
1039,David Baker,David Baker,https://openalex.org/A5053192926,David Baker,W2608686842|US-11136573,W2608686842,US-11136573
757,Koichi Tanaka,Koichi Tanaka,https://openalex.org/A5009335876,,W2987703065|US-11137406,W2987703065,US-11137406
1051,Michel H. Devoret,Michel H. Devoret,https://openalex.org/A5089631322,Michel Devoret,W1963850823|US-11139424,W1963850823,US-11139424
1025,Drew Weissman,Drew Weissman,https://openalex.org/A5068253145,Drew Weissman,W2973308780|US-11141478,W2973308780,US-11141478
1025,Drew Weissman,Drew Weissman,https://openalex.org/A5068253145,Drew Weissman,W4313431755|US-11141478,W4313431755,US-11141478
1025,Drew Weissman,Drew Weissman,https://openalex.org/A5068253145,Drew Weissman,W4220934545|US-11141478,W4220934545,US-11141478
1025,Drew Weissman,Drew Weissman,https://openalex.org/A5068253145,Drew Weissman,W3092544928|US-11141478,W3092544928,US-11141478
1025,Drew Weissman,Drew Weissman,https://openalex.org/A5068253145,Drew Weissman,W3044651071|US-11141478,W3044651071,US-11141478
1039,David Baker,David Baker,https://openalex.org/A5053192926,David Baker,W2610869016|US-11142577,W2610869016,US-11142577
1039,David Baker,David Baker,https://openalex.org/A5053192926,David Baker,W3031717962|US-11147867,W3031717962,US-11147867
1039,David Baker,David Baker,https://openalex.org/A5053192926,David Baker,W3136996287|US-11147867,W3136996287,US-11147867
932,Sir J. Fraser Stoddart,Sir J. Fraser Stoddart,https://openalex.org/A5027688873,J. Fraser Stoddart,W2339470726|US-11155554,W2339470726,US-11155554
155,Robert B. Laughlin,Robert B. Laughlin,https://openalex.org/A5051731365,R. B. Laughlin,W2740297833|US-11156385,W2740297833,US-11156385
836,Carol W. Greider,Carol W. Greider,https://openalex.org/A5041730448,Carol W. Greider,W2181289826|US-11156599,W2181289826,US-11156599
879,Brian K. Kobilka,Brian Kobilka,https://openalex.org/A5079682203,Brian K. Kobilka,W2113074382|US-11162953,W2113074382,US-11162953
878,Robert J. Lefkowitz,Robert J. Lefkowitz,https://openalex.org/A5080672788,Robert J. Lefkowitz,W2113074382|US-11162953,W2113074382,US-11162953
879,Brian K. Kobilka,Brian Kobilka,https://openalex.org/A5079682203,Brian K. Kobilka,W2020601776|US-11162953,W2020601776,US-11162953
879,Brian K. Kobilka,Brian Kobilka,https://openalex.org/A5079682203,Brian K. Kobilka,W2474393700|US-11162953,W2474393700,US-11162953
879,Brian K. Kobilka,Brian Kobilka,https://openalex.org/A5079682203,Brian K. Kobilka,W1975641514|US-11162953,W1975641514,US-11162953
879,Brian K. Kobilka,Brian Kobilka,https://openalex.org/A5079682203,Brian K. Kobilka,W2167857702|US-11162953,W2167857702,US-11162953
879,Brian K. Kobilka,Brian Kobilka,https://openalex.org/A5079682203,Brian K. Kobilka,W2085724886|US-11162953,W2085724886,US-11162953
879,Brian K. Kobilka,Brian Kobilka,https://openalex.org/A5079682203,Brian K. Kobilka,W2006998486|US-11162953,W2006998486,US-11162953
879,Brian K. Kobilka,Brian Kobilka,https://openalex.org/A5079682203,Brian K. Kobilka,W2167857702|US-11162954,W2167857702,US-11162954
879,Brian K. Kobilka,Brian Kobilka,https://openalex.org/A5079682203,Brian K. Kobilka,W2020601776|US-11162954,W2020601776,US-11162954
879,Brian K. Kobilka,Brian Kobilka,https://openalex.org/A5079682203,Brian K. Kobilka,W1975641514|US-11162954,W1975641514,US-11162954
879,Brian K. Kobilka,Brian Kobilka,https://openalex.org/A5079682203,Brian K. Kobilka,W2113074382|US-11162954,W2113074382,US-11162954
878,Robert J. Lefkowitz,Robert J. Lefkowitz,https://openalex.org/A5080672788,Robert J. Lefkowitz,W2113074382|US-11162954,W2113074382,US-11162954
879,Brian K. Kobilka,Brian Kobilka,https://openalex.org/A5079682203,Brian K. Kobilka,W2085724886|US-11162954,W2085724886,US-11162954
879,Brian K. Kobilka,Brian Kobilka,https://openalex.org/A5079682203,Brian K. Kobilka,W2474393700|US-11162954,W2474393700,US-11162954
879,Brian K. Kobilka,Brian Kobilka,https://openalex.org/A5079682203,Brian K. Kobilka,W2006998486|US-11162954,W2006998486,US-11162954
908,Shuji Nakamura,Shuji Nakamura,https://openalex.org/A5030709847,Shuji Nakamura,W2264572625|US-11164997,W2264572625,US-11164997
908,Shuji Nakamura,Shuji Nakamura,https://openalex.org/A5030709847,Shuji Nakamura,W2580391899|US-11164997,W2580391899,US-11164997
908,Shuji Nakamura,Shuji Nakamura,https://openalex.org/A5030709847,Shuji Nakamura,W2549206821|US-11164997,W2549206821,US-11164997
908,Shuji Nakamura,Shuji Nakamura,https://openalex.org/A5030709847,Shuji Nakamura,W2319711816|US-11164997,W2319711816,US-11164997
976,John B. Goodenough,John B. Goodenough,https://openalex.org/A5088016695,John B. Goodenough,W2801742943|US-11177474,W2801742943,US-11177474
976,John B. Goodenough,John B. Goodenough,https://openalex.org/A5088016695,John B. Goodenough,W2559982261|US-11177474,W2559982261,US-11177474
795,Robert H. Grubbs,Robert H. Grubbs,https://openalex.org/A5078597191,Robert H. Grubbs,W2902699996|US-11177512,W2902699996,US-11177512
992,Jennifer A. Doudna,Jennifer A. Doudna,https://openalex.org/A5067184382,Jennifer A. Doudna,W2910047861|US-11180778,W2910047861,US-11180778
992,Jennifer A. Doudna,Jennifer A. Doudna,https://openalex.org/A5067184382,Jennifer A. Doudna,W2030974598|US-11180792,W2030974598,US-11180792
986,Michael Houghton,Michael Houghton,https://openalex.org/A5090612228,Michael Houghton,W2003928321|US-11186615,W2003928321,US-11186615
986,Michael Houghton,Michael Houghton,https://openalex.org/A5090612228,Michael Houghton,W2970032913|US-11186615,W2970032913,US-11186615
986,Michael Houghton,Michael Houghton,https://openalex.org/A5090612228,Michael Houghton,W2533264018|US-11186615,W2533264018,US-11186615
986,Michael Houghton,Michael Houghton,https://openalex.org/A5090612228,Michael Houghton,W2789618179|US-11186615,W2789618179,US-11186615
992,Jennifer A. Doudna,Jennifer A. Doudna,https://openalex.org/A5067184382,Jennifer A. Doudna,W2986644592|US-11186849,W2986644592,US-11186849
1052,John M. Martinis,John M. Martinis,https://openalex.org/A5043106778,John M. Martinis,W2211717363|US-11188849,W2211717363,US-11188849
1039,David Baker,David Baker,https://openalex.org/A5053192926,David Baker,W3031717962|US-11191727,W3031717962,US-11191727
1039,David Baker,David Baker,https://openalex.org/A5053192926,David Baker,W3136996287|US-11191727,W3136996287,US-11191727
835,Elizabeth H. Blackburn,Elizabeth H. Blackburn,https://openalex.org/A5064437582,Elizabeth H. Blackburn,W2129198998|US-11193169,W2129198998,US-11193169
449,Phillip A. Sharp,Phillip A. Sharp,https://openalex.org/A5022945869,Phillip A. Sharp,W2337281386|US-11197467,W2337281386,US-11197467
958,James P. Allison,James P. Allison,https://openalex.org/A5047117233,James P. Allison,W2964432225|US-11198735,W2964432225,US-11198735
992,Jennifer A. Doudna,Jennifer A. Doudna,https://openalex.org/A5067184382,Jennifer A. Doudna,W2041131616|US-11208638,W2041131616,US-11208638
884,James E. Rothman,James E. Rothman,https://openalex.org/A5107942278,James E. Rothman,W2997807949|US-11209367,W2997807949,US-11209367
723,Paul Greengard,Paul Greengard,https://openalex.org/A5052825834,Paul Greengard,W2140732346|US-11213534,W2140732346,US-11213534
908,Shuji Nakamura,Shuji Nakamura,https://openalex.org/A5030709847,Shuji Nakamura,W2319711816|US-11217722,W2319711816,US-11217722
908,Shuji Nakamura,Shuji Nakamura,https://openalex.org/A5030709847,Shuji Nakamura,W2264572625|US-11217722,W2264572625,US-11217722
1051,Michel H. Devoret,Michel H. Devoret,https://openalex.org/A5089631322,Michel Devoret,W2513756889|US-11223355,W2513756889,US-11223355
875,Shinya Yamanaka,Shinya Yamanaka,https://openalex.org/A5081862387,Shinya Yamanaka,W2114698242|US-11225642,W2114698242,US-11225642
795,Robert H. Grubbs,Robert H. Grubbs,https://openalex.org/A5078597191,Robert H. Grubbs,W2098155996|US-11230520,W2098155996,US-11230520
795,Robert H. Grubbs,Robert H. Grubbs,https://openalex.org/A5078597191,Robert H. Grubbs,W1944484547|US-11230520,W1944484547,US-11230520
757,Koichi Tanaka,Koichi Tanaka,https://openalex.org/A5009335876,Kōichi Tanaka,W3047068025|US-11231413,W3047068025,US-11231413
757,Koichi Tanaka,Koichi Tanaka,https://openalex.org/A5009335876,Kōichi Tanaka,W1994237116|US-11231413,W1994237116,US-11231413
757,Koichi Tanaka,Koichi Tanaka,https://openalex.org/A5009335876,Koichi Tanaka,W2582243730|US-11231413,W2582243730,US-11231413
757,Koichi Tanaka,Koichi Tanaka,https://openalex.org/A5009335876,Kōichi Tanaka,W2785757836|US-11231413,W2785757836,US-11231413
1024,Katalin Karikó,Katalin Karikó,https://openalex.org/A5030598859,Katalin Karikó,W2584249987|US-11241490,W2584249987,US-11241490
1025,Drew Weissman,Drew Weissman,https://openalex.org/A5068253145,Drew Weissman,W2584249987|US-11241490,W2584249987,US-11241490
992,Jennifer A. Doudna,Jennifer A. Doudna,https://openalex.org/A5067184382,Jennifer A. Doudna,W2986644592|US-11242543,W2986644592,US-11242543
1052,John M. Martinis,John M. Martinis,https://openalex.org/A5043106778,John M. Martinis,W2482126025|US-11244240,W2482126025,US-11244240
802,Andrew Z. Fire,Andrew Z. Fire,https://openalex.org/A5057231025,Andrew Fire,W1978398372|US-11246920,W1978398372,US-11246920
1039,David Baker,David Baker,https://openalex.org/A5053192926,David Baker,W2052937459|US-11248027,W2052937459,US-11248027
795,Robert H. Grubbs,Robert H. Grubbs,https://openalex.org/A5078597191,Robert H. Grubbs,W2902699996|US-11251420,W2902699996,US-11251420
977,M. Stanley Whittingham,M. Stanley Whittingham,https://openalex.org/A5023061999,M. Stanley Whittingham,W3158913888|US-11251430,W3158913888,US-11251430
977,M. Stanley Whittingham,M. Stanley Whittingham,https://openalex.org/A5023061999,M. Stanley Whittingham,W2808263055|US-11251430,W2808263055,US-11251430
977,M. Stanley Whittingham,M. Stanley Whittingham,https://openalex.org/A5023061999,M. Stanley Whittingham,W2320142788|US-11251430,W2320142788,US-11251430
977,M. Stanley Whittingham,M. Stanley Whittingham,https://openalex.org/A5023061999,M. Stanley Whittingham,W3164008079|US-11251430,W3164008079,US-11251430
977,M. Stanley Whittingham,M. Stanley Whittingham,https://openalex.org/A5023061999,M. Stanley Whittingham,W3127025478|US-11251430,W3127025478,US-11251430
743,K. Barry Sharpless,K. Barry Sharpless,https://openalex.org/A5077401880,K. Barry Sharpless,W4233442807|US-11254702,W4233442807,US-11254702
743,K. Barry Sharpless,K. Barry Sharpless,https://openalex.org/A5077401880,K. Barry Sharpless,W2783966133|US-11254702,W2783966133,US-11254702
455,Peter C. Doherty,Peter C. Doherty,https://openalex.org/A5074692390,Peter C. Doherty,W4210997720|US-11254733,W4210997720,US-11254733
850,Konstantin Novoselov,Konstantin Novoselov,https://openalex.org/A5072248970,Kostya S. Novoselov,W2103157103|US-11254799,W2103157103,US-11254799
992,Jennifer A. Doudna,Jennifer A. Doudna,https://openalex.org/A5067184382,Jennifer A. Doudna,W2101749257|US-11254933,W2101749257,US-11254933
992,Jennifer A. Doudna,Jennifer A. Doudna,https://openalex.org/A5067184382,Jennifer A. Doudna,W2160051211|US-11254933,W2160051211,US-11254933
909,Eric Betzig,Eric Betzig,https://openalex.org/A5048568518,Eric Betzig,W2168283408|US-11262306,W2168283408,US-11262306
1051,Michel H. Devoret,Michel H. Devoret,https://openalex.org/A5089631322,Michel Devoret,W2524327158|US-11263546,W2524327158,US-11263546
1051,Michel H. Devoret,Michel H. Devoret,https://openalex.org/A5089631322,Michel Devoret,W2199284176|US-11263546,W2199284176,US-11263546
1051,Michel H. Devoret,Michel H. Devoret,https://openalex.org/A5089631322,Michel Devoret,W1963850823|US-11264554,W1963850823,US-11264554
932,Sir J. Fraser Stoddart,Sir J. Fraser Stoddart,https://openalex.org/A5027688873,J. Fraser Stoddart,W1964026771|US-11267979,W1964026771,US-11267979
757,Koichi Tanaka,Koichi Tanaka,https://openalex.org/A5009335876,Kōichi Tanaka,W1994237116|US-11268965,W1994237116,US-11268965
757,Koichi Tanaka,Koichi Tanaka,https://openalex.org/A5009335876,Koichi Tanaka,W2582243730|US-11268965,W2582243730,US-11268965
757,Koichi Tanaka,Koichi Tanaka,https://openalex.org/A5009335876,Kōichi Tanaka,W3047068025|US-11268965,W3047068025,US-11268965
757,Koichi Tanaka,Koichi Tanaka,https://openalex.org/A5009335876,Koichi Tanaka,W4380883282|US-11268965,W4380883282,US-11268965
757,Koichi Tanaka,Koichi Tanaka,https://openalex.org/A5009335876,Kōichi Tanaka,W2785757836|US-11268965,W2785757836,US-11268965
992,Jennifer A. Doudna,Jennifer A. Doudna,https://openalex.org/A5067184382,Jennifer A. Doudna,W2986644592|US-11274318,W2986644592,US-11274318
1015,Carolyn R. Bertozzi,Carolyn Bertozzi,https://openalex.org/A5088409133,Carolyn R. Bertozzi,W1968222033|US-11278554,W1968222033,US-11278554
1015,Carolyn R. Bertozzi,Carolyn Bertozzi,https://openalex.org/A5088409133,Carolyn R. Bertozzi,W2009304941|US-11278554,W2009304941,US-11278554
879,Brian K. Kobilka,Brian Kobilka,https://openalex.org/A5079682203,Brian K. Kobilka,W2589203336|US-11279726,W2589203336,US-11279726
963,Frances H. Arnold,Frances H. Arnold,https://openalex.org/A5043841592,Frances H. Arnold,W2465873216|US-11279959,W2465873216,US-11279959
908,Shuji Nakamura,Shuji Nakamura,https://openalex.org/A5030709847,Shuji Nakamura,W4239270029|US-11286419,W4239270029,US-11286419
977,M. Stanley Whittingham,M. Stanley Whittingham,https://openalex.org/A5023061999,M. Stanley Whittingham,W2799667365|US-11289700,W2799667365,US-11289700
1029,Moungi G. Bawendi,Moungi Bawendi,https://openalex.org/A5108389294,Moungi G. Bawendi,W2801493974|US-11292778,W2801493974,US-11292778
1029,Moungi G. Bawendi,Moungi Bawendi,https://openalex.org/A5108389294,Moungi G. Bawendi,W2747738259|US-11292778,W2747738259,US-11292778
992,Jennifer A. Doudna,Jennifer A. Doudna,https://openalex.org/A5067184382,Jennifer A. Doudna,W2986644592|US-11293034,W2986644592,US-11293034
992,Jennifer A. Doudna,Jennifer A. Doudna,https://openalex.org/A5067184382,Jennifer A. Doudna,W2149402050|US-11299755,W2149402050,US-11299755
1040,Demis Hassabis,Demis Hassabis,https://openalex.org/A5005349213,Demis Hassabis,W2964389652|US-11302446,W2964389652,US-11302446
1040,Demis Hassabis,Demis Hassabis,https://openalex.org/A5005349213,Demis Hassabis,W3159743235|US-11302446,W3159743235,US-11302446
795,Robert H. Grubbs,Robert H. Grubbs,https://openalex.org/A5078597191,Robert H. Grubbs,W2035221061|US-11312733,W2035221061,US-11312733
795,Robert H. Grubbs,Robert H. Grubbs,https://openalex.org/A5078597191,Robert H. Grubbs,W2951982916|US-11312733,W2951982916,US-11312733
795,Robert H. Grubbs,Robert H. Grubbs,https://openalex.org/A5078597191,Robert H. Grubbs,W1944484547|US-11312733,W1944484547,US-11312733
986,Michael Houghton,Michael Houghton,https://openalex.org/A5090612228,Michael Houghton,W2057292812|US-11324818,W2057292812,US-11324818
986,Michael Houghton,Michael Houghton,https://openalex.org/A5090612228,Michael Houghton,W2789618179|US-11324818,W2789618179,US-11324818
987,Charles M. Rice,Charles M. Rice,https://openalex.org/A5019683467,Charles M. Rice,W2166378435|US-11325966,W2166378435,US-11325966
1040,Demis Hassabis,Demis Hassabis,https://openalex.org/A5005349213,Demis Hassabis,W2964295739|US-11328183,W2964295739,US-11328183
963,Frances H. Arnold,Frances H. Arnold,https://openalex.org/A5043841592,Frances H. Arnold,W2512006250|US-11332729,W2512006250,US-11332729
963,Frances H. Arnold,Frances H. Arnold,https://openalex.org/A5043841592,Frances H. Arnold,W2735805466|US-11332729,W2735805466,US-11332729
992,Jennifer A. Doudna,Jennifer A. Doudna,https://openalex.org/A5067184382,Jennifer A. Doudna,W2986644592|US-11332761,W2986644592,US-11332761
1039,David Baker,David Baker,https://openalex.org/A5053192926,David Baker,W3136996287|US-11338033,W3136996287,US-11338033
1039,David Baker,David Baker,https://openalex.org/A5053192926,David Baker,W3031717962|US-11338033,W3031717962,US-11338033
757,Koichi Tanaka,Koichi Tanaka,https://openalex.org/A5009335876,Kōichi Tanaka,W2022633444|US-11345745,W2022633444,US-11345745
879,Brian K. Kobilka,Brian Kobilka,https://openalex.org/A5079682203,Brian K. Kobilka,W1490029082|US-11352422,W1490029082,US-11352422
879,Brian K. Kobilka,Brian Kobilka,https://openalex.org/A5079682203,Brian K. Kobilka,W2051994079|US-11352422,W2051994079,US-11352422
1038,Geoffrey Hinton,Geoffrey Hinton,https://openalex.org/A5108093963,Geoffrey E. Hinton,W3005680577|US-11354778,W3005680577,US-11354778
1038,Geoffrey Hinton,Geoffrey Hinton,https://openalex.org/A5108093963,Geoffrey E. Hinton,W3034978746|US-11354778,W3034978746,US-11354778
1040,Demis Hassabis,Demis Hassabis,https://openalex.org/A5005349213,Demis Hassabis,W2963117534|US-11354823,W2963117534,US-11354823
1040,Demis Hassabis,Demis Hassabis,https://openalex.org/A5005349213,Demis Hassabis,W2736019926|US-11354823,W2736019926,US-11354823
1040,Demis Hassabis,Demis Hassabis,https://openalex.org/A5005349213,Demis Hassabis,W2786897815|US-11354823,W2786897815,US-11354823
803,Craig C. Mello,Craig C. Mello,https://openalex.org/A5029315886,Craig C. Mello,W4241434797|US-11359196,W4241434797,US-11359196
743,K. Barry Sharpless,K. Barry Sharpless,https://openalex.org/A5077401880,K. Barry Sharpless,W1965780953|US-11365220,W1965780953,US-11365220
152,Steven Chu,Steven Chu,https://openalex.org/A5001967033,Steven Chu,W2994382210|US-11369343,W2994382210,US-11369343
1055,Omar M. Yaghi,Omar M. Yaghi,https://openalex.org/A5044268160,Omar M. Yaghi,W4250468494|US-11370805,W4250468494,US-11370805
1055,Omar M. Yaghi,Omar M. Yaghi,https://openalex.org/A5044268160,Omar M. Yaghi,W2986592825|US-11370805,W2986592825,US-11370805
987,Charles M. Rice,Charles M. Rice,https://openalex.org/A5019683467,Charles M. Rice,W2610442760|US-11370830,W2610442760,US-11370830
987,Charles M. Rice,Charles M. Rice,https://openalex.org/A5019683467,Charles M. Rice,W3017709209|US-11370830,W3017709209,US-11370830
996,Robert B. Wilson,Robert B. Wilson,https://openalex.org/A5084961278,Robert B. Wilson,W2038103422|US-11371041,W2038103422,US-11371041
992,Jennifer A. Doudna,Jennifer A. Doudna,https://openalex.org/A5067184382,Jennifer A. Doudna,W2897700601|US-11371062,W2897700601,US-11371062
992,Jennifer A. Doudna,Jennifer A. Doudna,https://openalex.org/A5067184382,Jennifer A. Doudna,W2911354827|US-11371062,W2911354827,US-11371062
992,Jennifer A. Doudna,Jennifer A. Doudna,https://openalex.org/A5067184382,Jennifer A. Doudna,W2912596499|US-11371062,W2912596499,US-11371062
992,Jennifer A. Doudna,Jennifer A. Doudna,https://openalex.org/A5067184382,Jennifer A. Doudna,W2563361853|US-11371062,W2563361853,US-11371062
992,Jennifer A. Doudna,Jennifer A. Doudna,https://openalex.org/A5067184382,Jennifer A. Doudna,W4214518133|US-11371062,W4214518133,US-11371062
743,K. Barry Sharpless,K. Barry Sharpless,https://openalex.org/A5077401880,K. Barry Sharpless,W1965780953|US-11371994,W1965780953,US-11371994
992,Jennifer A. Doudna,Jennifer A. Doudna,https://openalex.org/A5067184382,Jennifer A. Doudna,W3042599313|US-11377646,W3042599313,US-11377646
992,Jennifer A. Doudna,Jennifer A. Doudna,https://openalex.org/A5067184382,Jennifer A. Doudna,W4310075481|US-11377646,W4310075481,US-11377646
992,Jennifer A. Doudna,Jennifer A. Doudna,https://openalex.org/A5067184382,Jennifer A. Doudna,W3188582333|US-11377646,W3188582333,US-11377646
987,Charles M. Rice,Charles M. Rice,https://openalex.org/A5019683467,Charles M. Rice,W4306352969|US-11382919,W4306352969,US-11382919
1038,Geoffrey Hinton,Geoffrey Hinton,https://openalex.org/A5108093963,Geoffrey E. Hinton,W3005680577|US-11386302,W3005680577,US-11386302
1038,Geoffrey Hinton,Geoffrey Hinton,https://openalex.org/A5110248343,Geoffrey E. Hinton,W3036982689|US-11386302,W3036982689,US-11386302
1038,Geoffrey Hinton,Geoffrey Hinton,https://openalex.org/A5108093963,Geoffrey E. Hinton,W3034978746|US-11386302,W3034978746,US-11386302
1040,Demis Hassabis,Demis Hassabis,https://openalex.org/A5005349213,Demis Hassabis,W4294619240|US-11386914,W4294619240,US-11386914
1040,Demis Hassabis,Demis Hassabis,https://openalex.org/A5005349213,Demis Hassabis,W2769810959|US-11386914,W2769810959,US-11386914
813,Oliver Smithies,Oliver Smithies,https://openalex.org/A5070335657,Oliver Smithies,W2588300742|US-11389439,W2588300742,US-11389439
1025,Drew Weissman,Drew Weissman,https://openalex.org/A5068253145,Drew Weissman,W81209440|US-11389547,W81209440,US-11389547
1024,Katalin Karikó,Katalin Karikó,https://openalex.org/A5030598859,Katalin Karikó,W81209440|US-11389547,W81209440,US-11389547
1039,David Baker,David Baker,https://openalex.org/A5053192926,David Baker,W1996142946|US-11393556,W1996142946,US-11393556
992,Jennifer A. Doudna,Jennifer A. Doudna,https://openalex.org/A5067184382,Jennifer A. Doudna,W2986644592|US-11401532,W2986644592,US-11401532
831,Roger Y. Tsien,Roger Y. Tsien,https://openalex.org/A5109193097,Roger Y. Tsien,W2293288999|US-11406721,W2293288999,US-11406721
795,Robert H. Grubbs,Robert H. Grubbs,https://openalex.org/A5078597191,Robert H. Grubbs,W2790256702|US-11407726,W2790256702,US-11407726
449,Phillip A. Sharp,Phillip A. Sharp,https://openalex.org/A5022945869,Phillip A. Sharp,W2337281386|US-11407985,W2337281386,US-11407985
1027,Ferenc Krausz,Ferenc Krausz,https://openalex.org/A5049801219,Ferenc Krausz,W2980620722|US-11408724,W2980620722,US-11408724
911,William E. Moerner,William E. Moerner,https://openalex.org/A5068018832,W. E. Moerner,W1987785330|US-11408814,W1987785330,US-11408814
908,Shuji Nakamura,Shuji Nakamura,https://openalex.org/A5030709847,Shuji Nakamura,W2264572625|US-11411137,W2264572625,US-11411137
1052,John M. Martinis,John M. Martinis,https://openalex.org/A5043106778,John M. Martinis,W2072571693|US-11411159,W2072571693,US-11411159
1052,John M. Martinis,John M. Martinis,https://openalex.org/A5043106778,John M. Martinis,W1498083180|US-11422890,W1498083180,US-11422890
1038,Geoffrey Hinton,Geoffrey Hinton,https://openalex.org/A5108093963,Geoffrey E. Hinton,W1821462560|US-11423337,W1821462560,US-11423337
971,Sir Peter J. Ratcliffe,Sir Peter J. Ratcliffe,https://openalex.org/A5064727417,Peter J. Ratcliffe,W2102158172|US-11427869,W2102158172,US-11427869
1039,David Baker,David Baker,https://openalex.org/A5053192926,David Baker,W2789780246|US-11439664,W2789780246,US-11439664
795,Robert H. Grubbs,Robert H. Grubbs,https://openalex.org/A5078597191,Robert H. Grubbs,W2595573133|US-11447508,W2595573133,US-11447508
992,Jennifer A. Doudna,Jennifer A. Doudna,https://openalex.org/A5067184382,Jennifer A. Doudna,W2787024379|US-11447824,W2787024379,US-11447824
992,Jennifer A. Doudna,Jennifer A. Doudna,https://openalex.org/A5067184382,Jennifer A. Doudna,W2897700601|US-11447824,W2897700601,US-11447824
992,Jennifer A. Doudna,Jennifer A. Doudna,https://openalex.org/A5067184382,Jennifer A. Doudna,W2774271421|US-11447824,W2774271421,US-11447824
1052,John M. Martinis,John M. Martinis,https://openalex.org/A5043106778,John M. Martinis,W2748822299|US-11450938,W2748822299,US-11450938
779,Aaron Ciechanover,Aaron Ciechanover,https://openalex.org/A5087180436,Aaron Ciechanover,W1545671766|US-11452759,W1545671766,US-11452759
779,Aaron Ciechanover,Aaron Ciechanover,https://openalex.org/A5087180436,Aaron Ciechanover,W2035592354|US-11452759,W2035592354,US-11452759
992,Jennifer A. Doudna,Jennifer A. Doudna,https://openalex.org/A5067184382,Jennifer A. Doudna,W2986644592|US-11473108,W2986644592,US-11473108
1027,Ferenc Krausz,Ferenc Krausz,https://openalex.org/A5049801219,Ferenc Krausz,W1975478437|US-11474414,W1975478437,US-11474414
1039,David Baker,David Baker,https://openalex.org/A5053192926,David Baker,W2921658973|US-11479760,W2921658973,US-11479760
992,Jennifer A. Doudna,Jennifer A. Doudna,https://openalex.org/A5067184382,Jennifer A. Doudna,W2986644592|US-11479794,W2986644592,US-11479794
976,John B. Goodenough,John B. Goodenough,https://openalex.org/A5088016695,John B. Goodenough,W3003856351|US-11482708,W3003856351,US-11482708
879,Brian K. Kobilka,Brian Kobilka,https://openalex.org/A5079682203,Brian K. Kobilka,W2512819857|US-11484525,W2512819857,US-11484525
879,Brian K. Kobilka,Brian Kobilka,https://openalex.org/A5079682203,Brian K. Kobilka,W4377020166|US-11484525,W4377020166,US-11484525
1039,David Baker,David Baker,https://openalex.org/A5053192926,David Baker,W2132184418|US-11485759,W2132184418,US-11485759
992,Jennifer A. Doudna,Jennifer A. Doudna,https://openalex.org/A5067184382,Jennifer A. Doudna,W2949115842|US-11485760,W2949115842,US-11485760
992,Jennifer A. Doudna,Jennifer A. Doudna,https://openalex.org/A5067184382,Jennifer A. Doudna,W2951382289|US-11485760,W2951382289,US-11485760
992,Jennifer A. Doudna,Jennifer A. Doudna,https://openalex.org/A5067184382,Jennifer A. Doudna,W2892064753|US-11485760,W2892064753,US-11485760
992,Jennifer A. Doudna,Jennifer A. Doudna,https://openalex.org/A5067184382,Jennifer A. Doudna,W2608046931|US-11485760,W2608046931,US-11485760
1049,Shimon Sakaguchi,Shimon Sakaguchi,https://openalex.org/A5025764166,Shimon Sakaguchi,W1971595657|US-11505605,W1971595657,US-11505605
1038,Geoffrey Hinton,Geoffrey Hinton,https://openalex.org/A5108093963,Geoffrey E. Hinton,W2972467188|US-11508167,W2972467188,US-11508167
1038,Geoffrey Hinton,Geoffrey Hinton,https://openalex.org/A5108093963,Geoffrey E. Hinton,W3034700465|US-11508167,W3034700465,US-11508167
1003,David W.C. MacMillan,David W.C. MacMillan,https://openalex.org/A5025805979,David W. C. MacMillan,W2950064991|US-11512071,W2950064991,US-11512071
879,Brian K. Kobilka,Brian Kobilka,https://openalex.org/A5079682203,Brian K. Kobilka,W2766770031|US-11524975,W2766770031,US-11524975
963,Frances H. Arnold,Frances H. Arnold,https://openalex.org/A5043841592,Frances H. Arnold,W4245442409|US-11525123,W4245442409,US-11525123
992,Jennifer A. Doudna,Jennifer A. Doudna,https://openalex.org/A5067184382,Jennifer A. Doudna,W3188582333|US-11530398,W3188582333,US-11530398
908,Shuji Nakamura,Shuji Nakamura,https://openalex.org/A5030709847,Shuji Nakamura,W2802546198|US-11532922,W2802546198,US-11532922
908,Shuji Nakamura,Shuji Nakamura,https://openalex.org/A5030709847,Shuji Nakamura,W771888021|US-11532922,W771888021,US-11532922
908,Shuji Nakamura,Shuji Nakamura,https://openalex.org/A5030709847,Shuji Nakamura,W2790184331|US-11532922,W2790184331,US-11532922
908,Shuji Nakamura,Shuji Nakamura,https://openalex.org/A5030709847,Shuji Nakamura,W2772241248|US-11532922,W2772241248,US-11532922
416,Hamilton O. Smith,Hamilton O. Smith,https://openalex.org/A5076771387,Hamilton O. Smith,W1971439989|US-11542529,W1971439989,US-11542529
1049,Shimon Sakaguchi,Shimon Sakaguchi,https://openalex.org/A5025764166,Shimon Sakaguchi,W2164386968|US-11547732,W2164386968,US-11547732
1039,David Baker,David Baker,https://openalex.org/A5053192926,David Baker,W2484511493|US-11548923,W2484511493,US-11548923
992,Jennifer A. Doudna,Jennifer A. Doudna,https://openalex.org/A5067184382,Jennifer A. Doudna,W2986644592|US-11549127,W2986644592,US-11549127
1027,Ferenc Krausz,Ferenc Krausz,https://openalex.org/A5049801219,Ferenc Krausz,W2531345107|US-11552442,W2531345107,US-11552442
795,Robert H. Grubbs,Robert H. Grubbs,https://openalex.org/A5078597191,Robert H. Grubbs,W2022192042|US-11554094,W2022192042,US-11554094
757,Koichi Tanaka,Koichi Tanaka,https://openalex.org/A5009335876,,W2987703065|US-11561228,W2987703065,US-11561228
1052,John M. Martinis,John M. Martinis,https://openalex.org/A5043106778,John M. Martinis,W2295362082|US-11562280,W2295362082,US-11562280
1052,John M. Martinis,John M. Martinis,https://openalex.org/A5043106778,John M. Martinis,W2356565615|US-11562280,W2356565615,US-11562280
907,Hiroshi Amano,Hiroshi Amano,https://openalex.org/A5048399593,Hiroshi Amano,W1992008879|US-11563139,W1992008879,US-11563139
906,Isamu Akasaki,Isamu Akasaki,https://openalex.org/A5081597179,Isamu Akasaki,W1992008879|US-11563139,W1992008879,US-11563139
907,Hiroshi Amano,Hiroshi Amano,https://openalex.org/A5048399593,Hiroshi Amano,W4235933164|US-11563139,W4235933164,US-11563139
906,Isamu Akasaki,Isamu Akasaki,https://openalex.org/A5081597179,Isamu Akasaki,W4235933164|US-11563139,W4235933164,US-11563139
41,James Chadwick,James Chadwick,https://openalex.org/A5042900711,James Chadwick,W4311578560|US-11572360,W4311578560,US-11572360
995,Paul R. Milgrom,Paul R. Milgrom,https://openalex.org/A5054280613,Paul Milgrom,W2564670833|US-11574358,W2564670833,US-11574358
995,Paul R. Milgrom,Paul R. Milgrom,https://openalex.org/A5054280613,Paul Milgrom,W2571380762|US-11574358,W2571380762,US-11574358
995,Paul R. Milgrom,Paul R. Milgrom,https://openalex.org/A5054280613,Paul Milgrom,W3125331433|US-11574358,W3125331433,US-11574358
986,Michael Houghton,Michael Houghton,https://openalex.org/A5090612228,Michael Houghton,W2789618179|US-11576967,W2789618179,US-11576967
986,Michael Houghton,Michael Houghton,https://openalex.org/A5090612228,Michael Houghton,W2970032913|US-11576967,W2970032913,US-11576967
986,Michael Houghton,Michael Houghton,https://openalex.org/A5090612228,Michael Houghton,W2789618179|US-11576968,W2789618179,US-11576968
986,Michael Houghton,Michael Houghton,https://openalex.org/A5090612228,Michael Houghton,W2057292812|US-11576968,W2057292812,US-11576968
986,Michael Houghton,Michael Houghton,https://openalex.org/A5090612228,Michael Houghton,W2766725373|US-11576968,W2766725373,US-11576968
1049,Shimon Sakaguchi,Shimon Sakaguchi,https://openalex.org/A5025764166,Shimon Sakaguchi,W2981562915|US-11578067,W2981562915,US-11578067
992,Jennifer A. Doudna,Jennifer A. Doudna,https://openalex.org/A5067184382,Jennifer A. Doudna,W3188582333|US-11578313,W3188582333,US-11578313
770,Roderick MacKinnon,Roderick MacKinnon,https://openalex.org/A5025045433,Roderick MacKinnon,W2337576024|US-11579152,W2337576024,US-11579152
795,Robert H. Grubbs,Robert H. Grubbs,https://openalex.org/A5078597191,Robert H. Grubbs,W2902699996|US-11581582,W2902699996,US-11581582
879,Brian K. Kobilka,Brian Kobilka,https://openalex.org/A5079682203,Brian K. Kobilka,W2791945464|US-11591306,W2791945464,US-11591306
992,Jennifer A. Doudna,Jennifer A. Doudna,https://openalex.org/A5067184382,Jennifer A. Doudna,W2726053863|US-11591589,W2726053863,US-11591589
992,Jennifer A. Doudna,Jennifer A. Doudna,https://openalex.org/A5067184382,Jennifer A. Doudna,W2791406142|US-11591589,W2791406142,US-11591589
987,Charles M. Rice,Charles M. Rice,https://openalex.org/A5019683467,Charles M. Rice,W3094802392|US-11602135,W3094802392,US-11602135
273,Sidney Altman,Sidney Altman,https://openalex.org/A5003873129,Sidney Altman,W2588524741|US-11604145,W2588524741,US-11604145
795,Robert H. Grubbs,Robert H. Grubbs,https://openalex.org/A5078597191,Robert H. Grubbs,W3093521701|US-11613592,W3093521701,US-11613592
796,Richard R. Schrock,Richard R. Schrock,https://openalex.org/A5079660000,Richard R. Schrock,W3004470495|US-3932477,W3004470495,US-3932477
275,Elias James Corey,Elias James Corey,https://openalex.org/A5062182194,E. J. Corey,W3004784221|US-3943151,W3004784221,US-3943151
275,Elias James Corey,Elias James Corey,https://openalex.org/A5062182194,E. J. Corey,W2018341228|US-3943151,W2018341228,US-3943151
275,Elias James Corey,Elias James Corey,https://openalex.org/A5062182194,E. J. Corey,W1981689774|US-3943151,W1981689774,US-3943151
851,Richard F. Heck,Richard F. Heck,https://openalex.org/A5113728961,Richard F. Heck,W2183259185|US-3960932,W2183259185,US-3960932
340,Ernst Boris Chain,Ernst B. Chain,https://openalex.org/A5108629317,E. B. Chain,W2031326137|US-3977943,W2031326137,US-3977943
340,Ernst Boris Chain,Ernst B. Chain,https://openalex.org/A5108629317,E. B. Chain,W1998498230|US-3977943,W1998498230,US-3977943
340,Ernst Boris Chain,Ernst B. Chain,https://openalex.org/A5108629317,E. B. Chain,W2952626755|US-3977943,W2952626755,US-3977943
269,Charles J. Pedersen,Charles J. Pedersen,https://openalex.org/A5063677220,Charles J. Pedersen,W2053670102|US-3987061,W2053670102,US-3987061
796,Richard R. Schrock,Richard R. Schrock,https://openalex.org/A5079660000,Richard R. Schrock,W2337372828|US-3988332,W2337372828,US-3988332
851,Richard F. Heck,Richard F. Heck,https://openalex.org/A5113728961,Richard F. Heck,W2183259185|US-3988358,W2183259185,US-3988358
275,Elias James Corey,Elias James Corey,https://openalex.org/A5062182194,E. J. Corey,W1981689774|US-3992438,W1981689774,US-3992438
275,Elias James Corey,Elias James Corey,https://openalex.org/A5062182194,E. J. Corey,W2018341228|US-3992438,W2018341228,US-3992438
275,Elias James Corey,Elias James Corey,https://openalex.org/A5062182194,E. J. Corey,W3004784221|US-3992438,W3004784221,US-3992438
275,Elias James Corey,Elias James Corey,https://openalex.org/A5062182194,E. J. Corey,W2018341228|US-3992439,W2018341228,US-3992439
275,Elias James Corey,Elias James Corey,https://openalex.org/A5062182194,E. J. Corey,W2082478758|US-3992439,W2082478758,US-3992439
794,Yves Chauvin,Yves Chauvin,https://openalex.org/A5106409475,Yves Chauvin,W1601331552|US-4005047,W1601331552,US-4005047
977,M. Stanley Whittingham,M. Stanley Whittingham,https://openalex.org/A5023061999,M. Stanley Whittingham,W2023024375|US-4007055,W2023024375,US-4007055
448,Richard J. Roberts,Richard J. Roberts,https://openalex.org/A5091034547,Richard J. Roberts,W2092434347|US-4035377,W2092434347,US-4035377
977,M. Stanley Whittingham,M. Stanley Whittingham,https://openalex.org/A5023061999,M. Stanley Whittingham,W2088647797|US-4049879,W2088647797,US-4049879
237,Derek H. R. Barton,Derek Barton,https://openalex.org/A5051448810,D. H. R. BARTON,W1990724536|US-4064148,W1990724536,US-4064148
252,Herbert C. Brown,Herbert C. Brown,https://openalex.org/A5113728728,Herbert C. Brown,W4240881386|US-4078002,W4240881386,US-4078002
237,Derek H. R. Barton,Derek Barton,https://openalex.org/A5051448810,D. H. R. BARTON,W4205121607|US-4078139,W4205121607,US-4078139
977,M. Stanley Whittingham,M. Stanley Whittingham,https://openalex.org/A5023061999,M. Stanley Whittingham,W2154232712|US-4084046,W2154232712,US-4084046
977,M. Stanley Whittingham,M. Stanley Whittingham,https://openalex.org/A5023061999,M. Stanley Whittingham,W2023024375|US-4084046,W2023024375,US-4084046
977,M. Stanley Whittingham,M. Stanley Whittingham,https://openalex.org/A5023061999,M. Stanley Whittingham,W770437441|US-4084046,W770437441,US-4084046
411,Roger Guillemin,Roger Guillemin,https://openalex.org/A5061993952,Roger Guillemin,W2071310612|US-4105603,W2071310612,US-4105603
917,Satoshi Ōmura,Satoshi Ōmura,https://openalex.org/A5045164227,Satoshi Ōmura,W2162369362|US-4107297,W2162369362,US-4107297
41,James Chadwick,James Chadwick,https://openalex.org/A5042900711,James Chadwick,W4244274666|US-4112774,W4244274666,US-4112774
418,Godfrey N. Hounsfield,Godfrey N. Hounsfield,https://openalex.org/A5108463138,Godfrey N. Hounsfield,W2042776495|US-4114040,W2042776495,US-4114040
418,Godfrey N. Hounsfield,Godfrey N. Hounsfield,https://openalex.org/A5108463138,Godfrey N. Hounsfield,W2042776495|US-4115698,W2042776495,US-4115698
741,William S. Knowles,William Knowles,https://openalex.org/A5048820883,William S. Knowles,W3022651122|US-4119652,W3022651122,US-4119652
741,William S. Knowles,William Knowles,https://openalex.org/A5048820883,William S. Knowles,W4234895387|US-4119652,W4234895387,US-4119652
275,Elias James Corey,Elias James Corey,https://openalex.org/A5062182194,E. J. Corey,W2018341228|US-4122093,W2018341228,US-4122093
427,John R. Vane,John R. Vane,https://openalex.org/A5059382959,John R. Vane,W2065710903|US-4123441,W2065710903,US-4123441
741,William S. Knowles,William Knowles,https://openalex.org/A5048820883,William S. Knowles,W2073964100|US-4124533,W2073964100,US-4124533
418,Godfrey N. Hounsfield,Godfrey N. Hounsfield,https://openalex.org/A5108463138,Godfrey N. Hounsfield,W2042776495|US-4126785,W2042776495,US-4126785
1039,David Baker,David Baker,https://openalex.org/A5053192926,David Baker,W2016613716|US-4137401,W2016613716,US-4137401
418,Godfrey N. Hounsfield,Godfrey N. Hounsfield,https://openalex.org/A5108463138,Godfrey N. Hounsfield,W2042776495|US-4150294,W2042776495,US-4150294
156,Horst L. Störmer,Horst L. Störmer,https://openalex.org/A5111474378,H. L. Störmer,W2088390729|US-4163237,W2088390729,US-4163237
156,Horst L. Störmer,Horst L. Störmer,https://openalex.org/A5111474378,H. L. Störmer,W2031373432|US-4163237,W2031373432,US-4163237
97,Leo Esaki,Leo Esaki,https://openalex.org/A5086299514,L. Esaki,W2071750258|US-4163238,W2071750258,US-4163238
97,Leo Esaki,Leo Esaki,https://openalex.org/A5086299514,L. Esaki,W2036085805|US-4163238,W2036085805,US-4163238
792,John L. Hall,John L. Hall,https://openalex.org/A5009444030,J. L. Hall,W1652619769|US-4165183,W1652619769,US-4165183
851,Richard F. Heck,Richard F. Heck,https://openalex.org/A5113728961,Richard F. Heck,W2183259185|US-4175187,W2183259185,US-4175187
427,John R. Vane,John R. Vane,https://openalex.org/A5059382959,John R. Vane,W178565343|US-4181808,W178565343,US-4181808
427,John R. Vane,John R. Vane,https://openalex.org/A5059382959,John R. Vane,W2065710903|US-4181808,W2065710903,US-4181808
917,Satoshi Ōmura,Satoshi Ōmura,https://openalex.org/A5045164227,Satoshi Ōmura,W2080461374|US-4183786,W2080461374,US-4183786
418,Godfrey N. Hounsfield,Godfrey N. Hounsfield,https://openalex.org/A5108463138,Godfrey N. Hounsfield,W2042776495|US-4188541,W2042776495,US-4188541
427,John R. Vane,John R. Vane,https://openalex.org/A5059382959,John R. Vane,W178565343|US-4191691,W178565343,US-4191691
427,John R. Vane,John R. Vane,https://openalex.org/A5059382959,John R. Vane,W2065710903|US-4191691,W2065710903,US-4191691
427,John R. Vane,John R. Vane,https://openalex.org/A5059382959,John R. Vane,W2065710903|US-4192808,W2065710903,US-4192808
427,John R. Vane,John R. Vane,https://openalex.org/A5059382959,John R. Vane,W178565343|US-4192808,W178565343,US-4192808
156,Horst L. Störmer,Horst L. Störmer,https://openalex.org/A5111474378,H. L. Störmer,W2088390729|US-4194935,W2088390729,US-4194935
156,Horst L. Störmer,Horst L. Störmer,https://openalex.org/A5111474378,H. L. Störmer,W2031373432|US-4194935,W2031373432,US-4194935
156,Horst L. Störmer,Horst L. Störmer,https://openalex.org/A5111474378,H. L. Störmer,W2011875794|US-4194935,W2011875794,US-4194935
917,Satoshi Ōmura,Satoshi Ōmura,https://openalex.org/A5045164227,Satoshi Ōmura,W2510455877|US-4196266,W2510455877,US-4196266
917,Satoshi Ōmura,Satoshi Ōmura,https://openalex.org/A5045164227,Satoshi Ōmura,W2591385799|US-4196266,W2591385799,US-4196266
427,John R. Vane,John R. Vane,https://openalex.org/A5059382959,John R. Vane,W178565343|US-4196283,W178565343,US-4196283
427,John R. Vane,John R. Vane,https://openalex.org/A5059382959,John R. Vane,W2065710903|US-4196283,W2065710903,US-4196283
917,Satoshi Ōmura,Satoshi Ōmura,https://openalex.org/A5045164227,Satoshi Ōmura,W2170812185|US-4199514,W2170812185,US-4199514
729,Alan J. Heeger,Alan Heeger,https://openalex.org/A5087631107,Alan J. Heeger,W1993209440|US-4204216,W1993209440,US-4204216
731,Hideki Shirakawa,Hideki Shirakawa,https://openalex.org/A5113680723,Hideki Shirakawa,W1993209440|US-4204216,W1993209440,US-4204216
729,Alan J. Heeger,Alan Heeger,https://openalex.org/A5087631107,Alan J. Heeger,W2000407343|US-4204216,W2000407343,US-4204216
729,Alan J. Heeger,Alan Heeger,https://openalex.org/A5087631107,Alan J. Heeger,W1579657867|US-4204216,W1579657867,US-4204216
729,Alan J. Heeger,Alan Heeger,https://openalex.org/A5087631107,Alan J. Heeger,W2041653709|US-4204216,W2041653709,US-4204216
729,Alan J. Heeger,Alan Heeger,https://openalex.org/A5087631107,Alan J. Heeger,W2149497790|US-4204216,W2149497790,US-4204216
729,Alan J. Heeger,Alan Heeger,https://openalex.org/A5087631107,Alan J. Heeger,W698464|US-4204216,W698464,US-4204216
418,Godfrey N. Hounsfield,Godfrey N. Hounsfield,https://openalex.org/A5108463138,Godfrey N. Hounsfield,W2042776495|US-4206363,W2042776495,US-4206363
427,John R. Vane,John R. Vane,https://openalex.org/A5059382959,John R. Vane,W2065710903|US-4210748,W2065710903,US-4210748
427,John R. Vane,John R. Vane,https://openalex.org/A5059382959,John R. Vane,W178565343|US-4210748,W178565343,US-4210748
427,John R. Vane,John R. Vane,https://openalex.org/A5059382959,John R. Vane,W2065710903|US-4212968,W2065710903,US-4212968
427,John R. Vane,John R. Vane,https://openalex.org/A5059382959,John R. Vane,W178565343|US-4212968,W178565343,US-4212968
275,Elias James Corey,Elias James Corey,https://openalex.org/A5062182194,E. J. Corey,W3004784221|US-4214099,W3004784221,US-4214099
275,Elias James Corey,Elias James Corey,https://openalex.org/A5062182194,E. J. Corey,W1981689774|US-4214099,W1981689774,US-4214099
427,John R. Vane,John R. Vane,https://openalex.org/A5059382959,John R. Vane,W2065710903|US-4216336,W2065710903,US-4216336
729,Alan J. Heeger,Alan Heeger,https://openalex.org/A5087631107,Alan J. Heeger,W1579657867|US-4222903,W1579657867,US-4222903
729,Alan J. Heeger,Alan Heeger,https://openalex.org/A5087631107,Alan J. Heeger,W1519759364|US-4222903,W1519759364,US-4222903
729,Alan J. Heeger,Alan Heeger,https://openalex.org/A5087631107,Alan J. Heeger,W1993209440|US-4222903,W1993209440,US-4222903
731,Hideki Shirakawa,Hideki Shirakawa,https://openalex.org/A5113680723,Hideki Shirakawa,W1993209440|US-4222903,W1993209440,US-4222903
917,Satoshi Ōmura,Satoshi Ōmura,https://openalex.org/A5045164227,Satoshi Ōmura,W2100524706|US-4226879,W2100524706,US-4226879
917,Satoshi Ōmura,Satoshi Ōmura,https://openalex.org/A5045164227,Satoshi Ōmura,W2140733491|US-4226879,W2140733491,US-4226879
292,Ahmed H. Zewail,Ahmed Zewail,https://openalex.org/A5077807260,Ahmed H. Zewail,W2032152834|US-4227939,W2032152834,US-4227939
292,Ahmed H. Zewail,Ahmed Zewail,https://openalex.org/A5077807260,Ahmed H. Zewail,W2495607168|US-4227939,W2495607168,US-4227939
292,Ahmed H. Zewail,Ahmed Zewail,https://openalex.org/A5077807260,Ahmed H. Zewail,W1971403547|US-4227939,W1971403547,US-4227939
427,John R. Vane,John R. Vane,https://openalex.org/A5059382959,John R. Vane,W2065710903|US-4235998,W2065710903,US-4235998
427,John R. Vane,John R. Vane,https://openalex.org/A5059382959,John R. Vane,W178565343|US-4235998,W178565343,US-4235998
427,John R. Vane,John R. Vane,https://openalex.org/A5059382959,John R. Vane,W178565343|US-4237059,W178565343,US-4237059
427,John R. Vane,John R. Vane,https://openalex.org/A5059382959,John R. Vane,W178565343|US-4237277,W178565343,US-4237277
427,John R. Vane,John R. Vane,https://openalex.org/A5059382959,John R. Vane,W2065710903|US-4237277,W2065710903,US-4237277
1039,David Baker,David Baker,https://openalex.org/A5053192926,David Baker,W2016613716|US-4238473,W2016613716,US-4238473
427,John R. Vane,John R. Vane,https://openalex.org/A5059382959,John R. Vane,W2065710903|US-4238605,W2065710903,US-4238605
427,John R. Vane,John R. Vane,https://openalex.org/A5059382959,John R. Vane,W178565343|US-4238605,W178565343,US-4238605
427,John R. Vane,John R. Vane,https://openalex.org/A5059382959,John R. Vane,W2065710903|US-4239909,W2065710903,US-4239909
427,John R. Vane,John R. Vane,https://openalex.org/A5059382959,John R. Vane,W2065710903|US-4241205,W2065710903,US-4241205
427,John R. Vane,John R. Vane,https://openalex.org/A5059382959,John R. Vane,W178565343|US-4244875,W178565343,US-4244875
427,John R. Vane,John R. Vane,https://openalex.org/A5059382959,John R. Vane,W2065710903|US-4244875,W2065710903,US-4244875
427,John R. Vane,John R. Vane,https://openalex.org/A5059382959,John R. Vane,W2065710903|US-4245087,W2065710903,US-4245087
97,Leo Esaki,Leo Esaki,https://openalex.org/A5086299514,L. Esaki,W2071750258|US-4250515,W2071750258,US-4250515
427,John R. Vane,John R. Vane,https://openalex.org/A5059382959,John R. Vane,W2065710903|US-4259479,W2065710903,US-4259479
427,John R. Vane,John R. Vane,https://openalex.org/A5059382959,John R. Vane,W2065710903|US-4259480,W2065710903,US-4259480
427,John R. Vane,John R. Vane,https://openalex.org/A5059382959,John R. Vane,W178565343|US-4259481,W178565343,US-4259481
741,William S. Knowles,William Knowles,https://openalex.org/A5048820883,William S. Knowles,W4234895387|US-4261919,W4234895387,US-4261919
741,William S. Knowles,William Knowles,https://openalex.org/A5048820883,William S. Knowles,W3022651122|US-4261919,W3022651122,US-4261919
427,John R. Vane,John R. Vane,https://openalex.org/A5059382959,John R. Vane,W178565343|US-4262116,W178565343,US-4262116
427,John R. Vane,John R. Vane,https://openalex.org/A5059382959,John R. Vane,W2065710903|US-4262116,W2065710903,US-4262116
794,Yves Chauvin,Yves Chauvin,https://openalex.org/A5106409475,Yves Chauvin,W1987582669|US-4264515,W1987582669,US-4264515
741,William S. Knowles,William Knowles,https://openalex.org/A5048820883,William S. Knowles,W4234895387|US-4265827,W4234895387,US-4265827
741,William S. Knowles,William Knowles,https://openalex.org/A5048820883,William S. Knowles,W3022651122|US-4265827,W3022651122,US-4265827
411,Roger Guillemin,Roger Guillemin,https://openalex.org/A5061993952,Roger Guillemin,W1998656097|US-4280953,W1998656097,US-4280953
411,Roger Guillemin,Roger Guillemin,https://openalex.org/A5061993952,Roger Guillemin,W2023280507|US-4280953,W2023280507,US-4280953
411,Roger Guillemin,Roger Guillemin,https://openalex.org/A5061993952,Roger Guillemin,W4236706107|US-4280953,W4236706107,US-4280953
438,Gertrude B. Elion,Gertrude B. Elion,https://openalex.org/A5012121429,Gertrude B. Elion,W2090634114|US-4287188,W2090634114,US-4287188
427,John R. Vane,John R. Vane,https://openalex.org/A5059382959,John R. Vane,W2065710903|US-4289877,W2065710903,US-4289877
427,John R. Vane,John R. Vane,https://openalex.org/A5059382959,John R. Vane,W178565343|US-4289888,W178565343,US-4289888
741,William S. Knowles,William Knowles,https://openalex.org/A5048820883,William S. Knowles,W2229811234|US-4294989,W2229811234,US-4294989
917,Satoshi Ōmura,Satoshi Ōmura,https://openalex.org/A5045164227,Satoshi Ōmura,W2591385799|US-4296040,W2591385799,US-4296040
917,Satoshi Ōmura,Satoshi Ōmura,https://openalex.org/A5045164227,Satoshi Ōmura,W2164454938|US-4296040,W2164454938,US-4296040
184,Heinrich Otto Wieland,Heinrich Wieland,https://openalex.org/A5085975174,Heinrich Wieland,W2097938201|US-4298441,W2097938201,US-4298441
438,Gertrude B. Elion,Gertrude B. Elion,https://openalex.org/A5012121429,Gertrude B. Elion,W4244212352|US-4299823,W4244212352,US-4299823
438,Gertrude B. Elion,Gertrude B. Elion,https://openalex.org/A5012121429,Gertrude B. Elion,W2031539786|US-4299823,W2031539786,US-4299823
438,Gertrude B. Elion,Gertrude B. Elion,https://openalex.org/A5012121429,Gertrude B. Elion,W2346737118|US-4299823,W2346737118,US-4299823
438,Gertrude B. Elion,Gertrude B. Elion,https://openalex.org/A5012121429,Gertrude B. Elion,W2346737118|US-4299824,W2346737118,US-4299824
438,Gertrude B. Elion,Gertrude B. Elion,https://openalex.org/A5012121429,Gertrude B. Elion,W2031539786|US-4299824,W2031539786,US-4299824
438,Gertrude B. Elion,Gertrude B. Elion,https://openalex.org/A5012121429,Gertrude B. Elion,W4244212352|US-4299824,W4244212352,US-4299824
411,Roger Guillemin,Roger Guillemin,https://openalex.org/A5061993952,Roger Guillemin,W2093818536|US-4316891,W2093818536,US-4316891
411,Roger Guillemin,Roger Guillemin,https://openalex.org/A5061993952,Roger Guillemin,W2415441532|US-4316891,W2415441532,US-4316891
411,Roger Guillemin,Roger Guillemin,https://openalex.org/A5061993952,Roger Guillemin,W2029719386|US-4316891,W2029719386,US-4316891
411,Roger Guillemin,Roger Guillemin,https://openalex.org/A5061993952,Roger Guillemin,W1990317714|US-4316891,W1990317714,US-4316891
729,Alan J. Heeger,Alan Heeger,https://openalex.org/A5087631107,Alan J. Heeger,W1964526449|US-4321114,W1964526449,US-4321114
917,Satoshi Ōmura,Satoshi Ōmura,https://openalex.org/A5045164227,Satoshi Ōmura,W2510455877|US-4324728,W2510455877,US-4324728
917,Satoshi Ōmura,Satoshi Ōmura,https://openalex.org/A5045164227,Satoshi Ōmura,W2591385799|US-4324728,W2591385799,US-4324728
960,Arthur Ashkin,Arthur Ashkin,https://openalex.org/A5045721355,A. Ashkin,W2094525230|US-4327288,W2094525230,US-4327288
960,Arthur Ashkin,Arthur Ashkin,https://openalex.org/A5045721355,A. Ashkin,W1998772954|US-4327288,W1998772954,US-4327288
156,Horst L. Störmer,Horst L. Störmer,https://openalex.org/A5111474378,H. L. Störmer,W1971841067|US-4349796,W1971841067,US-4349796
431,César Milstein,César Milstein,https://openalex.org/A5108412595,César Milstein,W2065861447|US-4350683,W2065861447,US-4350683
431,César Milstein,César Milstein,https://openalex.org/A5108412595,César Milstein,W2070480282|US-4350683,W2070480282,US-4350683
917,Satoshi Ōmura,Satoshi Ōmura,https://openalex.org/A5045164227,Satoshi Ōmura,W2164454938|US-4353986,W2164454938,US-4353986
917,Satoshi Ōmura,Satoshi Ōmura,https://openalex.org/A5045164227,Satoshi Ōmura,W2591385799|US-4353986,W2591385799,US-4353986
142,Georges Charpak,Georges Charpak,https://openalex.org/A5003649130,G. Charpak,W1965363859|US-4376892,W1965363859,US-4376892
418,Godfrey N. Hounsfield,Godfrey N. Hounsfield,https://openalex.org/A5108463138,Godfrey N. Hounsfield,W2042776495|US-4399509,W2042776495,US-4399509
411,Roger Guillemin,Roger Guillemin,https://openalex.org/A5061993952,Roger Guillemin,W101991909|US-4409139,W101991909,US-4409139
411,Roger Guillemin,Roger Guillemin,https://openalex.org/A5061993952,Roger Guillemin,W2034704983|US-4409139,W2034704983,US-4409139
411,Roger Guillemin,Roger Guillemin,https://openalex.org/A5061993952,Roger Guillemin,W2020587675|US-4409139,W2020587675,US-4409139
961,Gérard Mourou,Gérard Mourou,https://openalex.org/A5057252770,G. Mourou,W1980315269|US-4413178,W1980315269,US-4413178
796,Richard R. Schrock,Richard R. Schrock,https://openalex.org/A5079660000,Richard R. Schrock,W2077705543|US-4427595,W2077705543,US-4427595
916,William C. Campbell,William C. Campbell,https://openalex.org/A5018339760,William C. Campbell,W2091443079|US-4430329,W2091443079,US-4430329
75,Robert Hofstadter,Robert Hofstadter,https://openalex.org/A5014383473,R. Hofstadter,W1963530333|US-4432370,W1963530333,US-4432370
75,Robert Hofstadter,Robert Hofstadter,https://openalex.org/A5014383473,R. Hofstadter,W1998168608|US-4432370,W1998168608,US-4432370
75,Robert Hofstadter,Robert Hofstadter,https://openalex.org/A5014383473,R. Hofstadter,W1986034923|US-4432370,W1986034923,US-4432370
75,Robert Hofstadter,Robert Hofstadter,https://openalex.org/A5014383473,R. Hofstadter,W2002997170|US-4432370,W2002997170,US-4432370
75,Robert Hofstadter,Robert Hofstadter,https://openalex.org/A5014383473,R. Hofstadter,W1982954701|US-4432370,W1982954701,US-4432370
75,Robert Hofstadter,Robert Hofstadter,https://openalex.org/A5014383473,R. Hofstadter,W2002381993|US-4432370,W2002381993,US-4432370
75,Robert Hofstadter,Robert Hofstadter,https://openalex.org/A5014383473,R. Hofstadter,W2133491431|US-4432370,W2133491431,US-4432370
75,Robert Hofstadter,Robert Hofstadter,https://openalex.org/A5014383473,R. Hofstadter,W2047953807|US-4432370,W2047953807,US-4432370
75,Robert Hofstadter,Robert Hofstadter,https://openalex.org/A5014383473,R. Hofstadter,W1995349887|US-4432370,W1995349887,US-4432370
75,Robert Hofstadter,Robert Hofstadter,https://openalex.org/A5014383473,R. Hofstadter,W2044030230|US-4432370,W2044030230,US-4432370
75,Robert Hofstadter,Robert Hofstadter,https://openalex.org/A5014383473,R. Hofstadter,W1973560883|US-4432370,W1973560883,US-4432370
75,Robert Hofstadter,Robert Hofstadter,https://openalex.org/A5014383473,R. Hofstadter,W2090184933|US-4432370,W2090184933,US-4432370
729,Alan J. Heeger,Alan Heeger,https://openalex.org/A5087631107,Alan J. Heeger,W1964526449|US-4442187,W1964526449,US-4442187
961,Gérard Mourou,Gérard Mourou,https://openalex.org/A5057252770,G. Mourou,W645872106|US-4446425,W645872106,US-4446425
961,Gérard Mourou,Gérard Mourou,https://openalex.org/A5057252770,G. Mourou,W3007235002|US-4446425,W3007235002,US-4446425
722,Arvid Carlsson,Arvid Carlsson,https://openalex.org/A5110564232,Arvid Carlsson,W2030338251|US-4454150,W2030338251,US-4454150
743,K. Barry Sharpless,K. Barry Sharpless,https://openalex.org/A5077401880,K. Barry Sharpless,W4249179039|US-4471130,W4249179039,US-4471130
431,César Milstein,César Milstein,https://openalex.org/A5108412595,César Milstein,W2070480282|US-4472500,W2070480282,US-4472500
449,Phillip A. Sharp,Phillip A. Sharp,https://openalex.org/A5022945869,Phillip A. Sharp,W2003686155|US-4487829,W2003686155,US-4487829
917,Satoshi Ōmura,Satoshi Ōmura,https://openalex.org/A5045164227,Satoshi Ōmura,W2162369362|US-4493845,W2162369362,US-4493845
917,Satoshi Ōmura,Satoshi Ōmura,https://openalex.org/A5045164227,Satoshi Ōmura,W4323966337|US-4493845,W4323966337,US-4493845
917,Satoshi Ōmura,Satoshi Ōmura,https://openalex.org/A5045164227,Satoshi Ōmura,W1970927873|US-4493845,W1970927873,US-4493845
917,Satoshi Ōmura,Satoshi Ōmura,https://openalex.org/A5045164227,Satoshi Ōmura,W2100524706|US-4503152,W2100524706,US-4503152
412,Andrew V. Schally,Andrew V. Schally,https://openalex.org/A5068739269,Andrew V. Schally,W1974638900|US-4505897,W1974638900,US-4505897
412,Andrew V. Schally,Andrew V. Schally,https://openalex.org/A5068739269,Andrew V. Schally,W2082048106|US-4505897,W2082048106,US-4505897
412,Andrew V. Schally,Andrew V. Schally,https://openalex.org/A5068739269,Andrew V. Schally,W1976961043|US-4505897,W1976961043,US-4505897
412,Andrew V. Schally,Andrew V. Schally,https://openalex.org/A5068739269,Andrew V. Schally,W1974638900|US-4508711,W1974638900,US-4508711
412,Andrew V. Schally,Andrew V. Schally,https://openalex.org/A5068739269,Andrew V. Schally,W2082048106|US-4508711,W2082048106,US-4508711
412,Andrew V. Schally,Andrew V. Schally,https://openalex.org/A5068739269,Andrew V. Schally,W1976961043|US-4508711,W1976961043,US-4508711
98,Ivar Giaever,Ivar Giaever,https://openalex.org/A5074066171,Ivar Giæver,W2091969311|US-4514500,W2091969311,US-4514500
741,William S. Knowles,William Knowles,https://openalex.org/A5048820883,William S. Knowles,W2229811234|US-4515731,W2229811234,US-4515731
411,Roger Guillemin,Roger Guillemin,https://openalex.org/A5061993952,Roger Guillemin,W1991121789|US-4517181,W1991121789,US-4517181
960,Arthur Ashkin,Arthur Ashkin,https://openalex.org/A5045721355,A. Ashkin,W2015768145|US-4529262,W2015768145,US-4529262
794,Yves Chauvin,Yves Chauvin,https://openalex.org/A5106409475,Yves Chauvin,W1488015240|US-4532370,W1488015240,US-4532370
794,Yves Chauvin,Yves Chauvin,https://openalex.org/A5106409475,Yves Chauvin,W1987582669|US-4533500,W1987582669,US-4533500
917,Satoshi Ōmura,Satoshi Ōmura,https://openalex.org/A5045164227,Satoshi Ōmura,W4323966337|US-4533547,W4323966337,US-4533547
917,Satoshi Ōmura,Satoshi Ōmura,https://openalex.org/A5045164227,Satoshi Ōmura,W2100524706|US-4533547,W2100524706,US-4533547
917,Satoshi Ōmura,Satoshi Ōmura,https://openalex.org/A5045164227,Satoshi Ōmura,W2113179056|US-4533547,W2113179056,US-4533547
406,David Baltimore,David Baltimore,https://openalex.org/A5042763205,David Baltimore,W2029215260|US-4543439,W2029215260,US-4543439
237,Derek H. R. Barton,Derek Barton,https://openalex.org/A5051448810,D. H. R. BARTON,W2024350039|US-4554105,W2024350039,US-4554105
255,Walter Gilbert,Walter Gilbert,https://openalex.org/A5111554935,Walter Gilbert,W2080187599|US-4563423,W2080187599,US-4563423
917,Satoshi Ōmura,Satoshi Ōmura,https://openalex.org/A5045164227,Satoshi Ōmura,W2326108258|US-4575497,W2326108258,US-4575497
917,Satoshi Ōmura,Satoshi Ōmura,https://openalex.org/A5045164227,Satoshi Ōmura,W2153562348|US-4575497,W2153562348,US-4575497
917,Satoshi Ōmura,Satoshi Ōmura,https://openalex.org/A5045164227,Satoshi Ōmura,W2320857718|US-4575497,W2320857718,US-4575497
742,Ryoji Noyori,Ryoji Noyori,https://openalex.org/A5054350731,Ryōji Noyori,W2034425716|US-4578482,W2034425716,US-4578482
411,Roger Guillemin,Roger Guillemin,https://openalex.org/A5061993952,Roger Guillemin,W2080185465|US-4585756,W2080185465,US-4585756
411,Roger Guillemin,Roger Guillemin,https://openalex.org/A5061993952,Roger Guillemin,W2008315706|US-4585756,W2008315706,US-4585756
411,Roger Guillemin,Roger Guillemin,https://openalex.org/A5061993952,Roger Guillemin,W2067126876|US-4585756,W2067126876,US-4585756
1050,John Clarke,John Clarke,https://openalex.org/A5010797318,John Clarke,W1993172140|US-4585999,W1993172140,US-4585999
1050,John Clarke,John Clarke,https://openalex.org/A5010797318,John Clarke,W2073273706|US-4585999,W2073273706,US-4585999
1050,John Clarke,John Clarke,https://openalex.org/A5010797318,John Clarke,W2087495236|US-4585999,W2087495236,US-4585999
1052,John M. Martinis,John M. Martinis,https://openalex.org/A5043106778,John M. Martinis,W2052155894|US-4585999,W2052155894,US-4585999
1050,John Clarke,John Clarke,https://openalex.org/A5010797318,John Clarke,W2052155894|US-4585999,W2052155894,US-4585999
1050,John Clarke,John Clarke,https://openalex.org/A5010797318,John Clarke,W1674765221|US-4585999,W1674765221,US-4585999
1050,John Clarke,John Clarke,https://openalex.org/A5010797318,John Clarke,W3196230137|US-4585999,W3196230137,US-4585999
460,Ferid Murad,Ferid Murad,https://openalex.org/A5113484200,Ferid Murad,W2041816050|US-4587265,W2041816050,US-4587265
1050,John Clarke,John Clarke,https://openalex.org/A5010797318,John Clarke,W2153213366|US-4588947,W2153213366,US-4588947
743,K. Barry Sharpless,K. Barry Sharpless,https://openalex.org/A5077401880,K. Barry Sharpless,W4249179039|US-4594439,W4249179039,US-4594439
753,Raymond Davis Jr.,Raymond Davis Jr.,https://openalex.org/A5109188168,R. Davis,W2949728737|US-4596819,W2949728737,US-4596819
831,Roger Y. Tsien,Roger Y. Tsien,https://openalex.org/A5109193097,Roger Y. Tsien,W1601936385|US-4603209,W1601936385,US-4603209
831,Roger Y. Tsien,Roger Y. Tsien,https://openalex.org/A5109193097,Roger Y. Tsien,W2141260882|US-4603209,W2141260882,US-4603209
411,Roger Guillemin,Roger Guillemin,https://openalex.org/A5061993952,Roger Guillemin,W2067126876|US-4605643,W2067126876,US-4605643
411,Roger Guillemin,Roger Guillemin,https://openalex.org/A5061993952,Roger Guillemin,W2079005998|US-4605643,W2079005998,US-4605643
411,Roger Guillemin,Roger Guillemin,https://openalex.org/A5061993952,Roger Guillemin,W1967169399|US-4605643,W1967169399,US-4605643
742,Ryoji Noyori,Ryoji Noyori,https://openalex.org/A5054350731,Ryōji Noyori,W2004040462|US-4605750,W2004040462,US-4605750
960,Arthur Ashkin,Arthur Ashkin,https://openalex.org/A5045721355,A. Ashkin,W2094682944|US-4606605,W2094682944,US-4606605
411,Roger Guillemin,Roger Guillemin,https://openalex.org/A5061993952,Roger Guillemin,W2080185465|US-4610976,W2080185465,US-4610976
411,Roger Guillemin,Roger Guillemin,https://openalex.org/A5061993952,Roger Guillemin,W1981039927|US-4610976,W1981039927,US-4610976
911,William E. Moerner,William E. Moerner,https://openalex.org/A5068018832,W. E. Moerner,W2054996081|US-4614116,W2054996081,US-4614116
911,William E. Moerner,William E. Moerner,https://openalex.org/A5068018832,W. E. Moerner,W2117478185|US-4614116,W2117478185,US-4614116
961,Gérard Mourou,Gérard Mourou,https://openalex.org/A5057252770,G. Mourou,W2081623882|US-4618819,W2081623882,US-4618819
961,Gérard Mourou,Gérard Mourou,https://openalex.org/A5057252770,G. Mourou,W2072154202|US-4618819,W2072154202,US-4618819
917,Satoshi Ōmura,Satoshi Ōmura,https://openalex.org/A5045164227,Satoshi Ōmura,W2100524706|US-4626547,W2100524706,US-4626547
407,Renato Dulbecco,Renato Dulbecco,https://openalex.org/A5112826065,Renato Dulbecco,W2110872750|US-4628032,W2110872750,US-4628032
407,Renato Dulbecco,Renato Dulbecco,https://openalex.org/A5112826065,Renato Dulbecco,W114550633|US-4628032,W114550633,US-4628032
795,Robert H. Grubbs,Robert H. Grubbs,https://openalex.org/A5078597191,Robert H. Grubbs,W88569982|US-4645814,W88569982,US-4645814
961,Gérard Mourou,Gérard Mourou,https://openalex.org/A5057252770,G. Mourou,W2081681921|US-4646308,W2081681921,US-4646308
917,Satoshi Ōmura,Satoshi Ōmura,https://openalex.org/A5045164227,Satoshi Ōmura,W2162369362|US-4666715,W2162369362,US-4666715
917,Satoshi Ōmura,Satoshi Ōmura,https://openalex.org/A5045164227,Satoshi Ōmura,W2100524706|US-4666715,W2100524706,US-4666715
961,Gérard Mourou,Gérard Mourou,https://openalex.org/A5057252770,G. Mourou,W2041530273|US-4667107,W2041530273,US-4667107
409,Baruch S. Blumberg,Baruch S. Blumberg,https://openalex.org/A5030590633,Baruch S. Blumberg,W2022875678|US-4673575,W2022875678,US-4673575
409,Baruch S. Blumberg,Baruch S. Blumberg,https://openalex.org/A5030590633,Baruch S. Blumberg,W1990524419|US-4673575,W1990524419,US-4673575
978,Akira Yoshino,Akira Yoshino,https://openalex.org/A5103185273,Akira Yoshino,W2026355817|US-4677375,W2026355817,US-4677375
796,Richard R. Schrock,Richard R. Schrock,https://openalex.org/A5079660000,Richard R. Schrock,W4254973905|US-4681956,W4254973905,US-4681956
796,Richard R. Schrock,Richard R. Schrock,https://openalex.org/A5079660000,Richard R. Schrock,W2953209966|US-4681956,W2953209966,US-4681956
796,Richard R. Schrock,Richard R. Schrock,https://openalex.org/A5079660000,Richard R. Schrock,W1983532547|US-4681956,W1983532547,US-4681956
278,Kary B. Mullis,Kary B. Mullis,https://openalex.org/A5073738482,Kary B. Mullis,W2050717506|US-4683194,W2050717506,US-4683194
811,Mario R. Capecchi,Mario R. Capecchi,https://openalex.org/A5065080973,Mario R. Capecchi,W1977095083|US-4687737,W1977095083,US-4687737
449,Phillip A. Sharp,Phillip A. Sharp,https://openalex.org/A5022945869,Phillip A. Sharp,W1977095083|US-4687737,W1977095083,US-4687737
742,Ryoji Noyori,Ryoji Noyori,https://openalex.org/A5054350731,Ryōji Noyori,W2313100780|US-4689426,W2313100780,US-4689426
831,Roger Y. Tsien,Roger Y. Tsien,https://openalex.org/A5109193097,Roger Y. Tsien,W2951745130|US-4689432,W2951745130,US-4689432
742,Ryoji Noyori,Ryoji Noyori,https://openalex.org/A5054350731,Ryōji Noyori,W4244141441|US-4695631,W4244141441,US-4695631
792,John L. Hall,John L. Hall,https://openalex.org/A5009444030,J. L. Hall,W1966721382|US-4700150,W1966721382,US-4700150
824,Françoise Barré-Sinoussi,Françoise Barré-Sinoussi,https://openalex.org/A5107827488,Françoise Barré‐Sinoussi,W2195453688|US-4708818,W2195453688,US-4708818
825,Luc Montagnier,Luc Montagnier,https://openalex.org/A5016871448,Luc Montagnier,W2195453688|US-4708818,W2195453688,US-4708818
825,Luc Montagnier,Luc Montagnier,https://openalex.org/A5016871448,Luc Montagnier,W2027861910|US-4708818,W2027861910,US-4708818
825,Luc Montagnier,Luc Montagnier,https://openalex.org/A5016871448,Luc Montagnier,W58215616|US-4708818,W58215616,US-4708818
824,Françoise Barré-Sinoussi,Françoise Barré-Sinoussi,https://openalex.org/A5107827488,Françoise Barré‐Sinoussi,W58215616|US-4708818,W58215616,US-4708818
824,Françoise Barré-Sinoussi,Françoise Barré-Sinoussi,https://openalex.org/A5107827488,Françoise Barré‐Sinoussi,W1977282539|US-4708818,W1977282539,US-4708818
825,Luc Montagnier,Luc Montagnier,https://openalex.org/A5016871448,Luc Montagnier,W1977282539|US-4708818,W1977282539,US-4708818
824,Françoise Barré-Sinoussi,Françoise Barré-Sinoussi,https://openalex.org/A5107827488,Françoise Barré‐Sinoussi,W2001010350|US-4708818,W2001010350,US-4708818
825,Luc Montagnier,Luc Montagnier,https://openalex.org/A5016871448,Luc Montagnier,W2001010350|US-4708818,W2001010350,US-4708818
824,Françoise Barré-Sinoussi,Françoise Barré-Sinoussi,https://openalex.org/A5107827488,Françoise Barré‐Sinoussi,W2137267461|US-4708818,W2137267461,US-4708818
825,Luc Montagnier,Luc Montagnier,https://openalex.org/A5016871448,Luc Montagnier,W2137267461|US-4708818,W2137267461,US-4708818
824,Françoise Barré-Sinoussi,Françoise Barré-Sinoussi,https://openalex.org/A5107827488,Françoise Barré‐Sinoussi,W2006710190|US-4708818,W2006710190,US-4708818
237,Derek H. R. Barton,Derek Barton,https://openalex.org/A5051448810,D. H. R. BARTON,W2019658508|US-4716226,W2019658508,US-4716226
406,David Baltimore,David Baltimore,https://openalex.org/A5042763205,David Baltimore,W2041934325|US-4719177,W2041934325,US-4719177
406,David Baltimore,David Baltimore,https://openalex.org/A5042763205,David Baltimore,W87722527|US-4719177,W87722527,US-4719177
1037,John J. Hopfield,John J. Hopfield,https://openalex.org/A5001584643,J. J. Hopfield,W2102227134|US-4719591,W2102227134,US-4719591
796,Richard R. Schrock,Richard R. Schrock,https://openalex.org/A5079660000,Richard R. Schrock,W2077705543|US-4727215,W2077705543,US-4727215
796,Richard R. Schrock,Richard R. Schrock,https://openalex.org/A5079660000,Richard R. Schrock,W1983532547|US-4727215,W1983532547,US-4727215
796,Richard R. Schrock,Richard R. Schrock,https://openalex.org/A5079660000,Richard R. Schrock,W2953209966|US-4727215,W2953209966,US-4727215
796,Richard R. Schrock,Richard R. Schrock,https://openalex.org/A5079660000,Richard R. Schrock,W4254973905|US-4727215,W4254973905,US-4727215
796,Richard R. Schrock,Richard R. Schrock,https://openalex.org/A5079660000,Richard R. Schrock,W2276404515|US-4727215,W2276404515,US-4727215
729,Alan J. Heeger,Alan Heeger,https://openalex.org/A5087631107,Alan J. Heeger,W1964526449|US-4728589,W1964526449,US-4728589
986,Michael Houghton,Michael Houghton,https://openalex.org/A5090612228,Michael Houghton,W2095199800|US-4738844,W2095199800,US-4738844
986,Michael Houghton,Michael Houghton,https://openalex.org/A5090612228,Michael Houghton,W2095199800|US-4738845,W2095199800,US-4738845
742,Ryoji Noyori,Ryoji Noyori,https://openalex.org/A5054350731,Ryōji Noyori,W3142074712|US-4739085,W3142074712,US-4739085
742,Ryoji Noyori,Ryoji Noyori,https://openalex.org/A5054350731,Ryōji Noyori,W1965873387|US-4739085,W1965873387,US-4739085
411,Roger Guillemin,Roger Guillemin,https://openalex.org/A5061993952,Roger Guillemin,W2050620572|US-4740587,W2050620572,US-4740587
411,Roger Guillemin,Roger Guillemin,https://openalex.org/A5061993952,Roger Guillemin,W1997998703|US-4740587,W1997998703,US-4740587
411,Roger Guillemin,Roger Guillemin,https://openalex.org/A5061993952,Roger Guillemin,W2093943347|US-4740587,W2093943347,US-4740587
432,Michael S. Brown,Michael S. Brown,https://openalex.org/A5079762911,Michael S. Brown,W2317786124|US-4745060,W2317786124,US-4745060
433,Joseph L. Goldstein,Joseph L. Goldstein,https://openalex.org/A5058164552,Joseph L. Goldstein,W2317786124|US-4745060,W2317786124,US-4745060
433,Joseph L. Goldstein,Joseph L. Goldstein,https://openalex.org/A5058164552,Joseph L. Goldstein,W2396147149|US-4745060,W2396147149,US-4745060
432,Michael S. Brown,Michael S. Brown,https://openalex.org/A5079762911,Michael S. Brown,W2396147149|US-4745060,W2396147149,US-4745060
432,Michael S. Brown,Michael S. Brown,https://openalex.org/A5079762911,Michael S. Brown,W2128840474|US-4745060,W2128840474,US-4745060
433,Joseph L. Goldstein,Joseph L. Goldstein,https://openalex.org/A5058164552,Joseph L. Goldstein,W2128840474|US-4745060,W2128840474,US-4745060
406,David Baltimore,David Baltimore,https://openalex.org/A5042763205,David Baltimore,W1992122389|US-4751083,W1992122389,US-4751083
986,Michael Houghton,Michael Houghton,https://openalex.org/A5090612228,Michael Houghton,W2095199800|US-4753795,W2095199800,US-4753795
255,Walter Gilbert,Walter Gilbert,https://openalex.org/A5111554935,Walter Gilbert,W2080187599|US-4758507,W2080187599,US-4758507
742,Ryoji Noyori,Ryoji Noyori,https://openalex.org/A5054350731,Ryōji Noyori,W2313100780|US-4766147,W2313100780,US-4766147
415,Daniel Nathans,Daniel Nathans,https://openalex.org/A5046735421,Daniel Nathans,W2037210916|US-4767709,W2037210916,US-4767709
941,Rainer Weiss,Rainer Weiss,https://openalex.org/A5103619207,Rainer Weiß,W4234926513|US-4769794,W4234926513,US-4769794
252,Herbert C. Brown,Herbert C. Brown,https://openalex.org/A5113728728,Herbert C. Brown,W2112565405|US-4772751,W2112565405,US-4772751
252,Herbert C. Brown,Herbert C. Brown,https://openalex.org/A5113728728,Herbert C. Brown,W2952069710|US-4772751,W2952069710,US-4772751
252,Herbert C. Brown,Herbert C. Brown,https://openalex.org/A5113728728,Herbert C. Brown,W2952500762|US-4772751,W2952500762,US-4772751
252,Herbert C. Brown,Herbert C. Brown,https://openalex.org/A5113728728,Herbert C. Brown,W2031942559|US-4772752,W2031942559,US-4772752
411,Roger Guillemin,Roger Guillemin,https://openalex.org/A5061993952,Roger Guillemin,W1278683208|US-4785079,W1278683208,US-4785079
986,Michael Houghton,Michael Houghton,https://openalex.org/A5090612228,Michael Houghton,W2095199800|US-4793995,W2095199800,US-4793995
252,Herbert C. Brown,Herbert C. Brown,https://openalex.org/A5113728728,Herbert C. Brown,W2021034686|US-4795821,W2021034686,US-4795821
742,Ryoji Noyori,Ryoji Noyori,https://openalex.org/A5054350731,Ryōji Noyori,W2604430841|US-4797506,W2604430841,US-4797506
824,Françoise Barré-Sinoussi,Françoise Barré-Sinoussi,https://openalex.org/A5107827488,Françoise Barré‐Sinoussi,W1977282539|US-4798797,W1977282539,US-4798797
825,Luc Montagnier,Luc Montagnier,https://openalex.org/A5016871448,Luc Montagnier,W1977282539|US-4798797,W1977282539,US-4798797
825,Luc Montagnier,Luc Montagnier,https://openalex.org/A5016871448,Luc Montagnier,W2046000758|US-4798797,W2046000758,US-4798797
824,Françoise Barré-Sinoussi,Françoise Barré-Sinoussi,https://openalex.org/A5107827488,Françoise Barré‐Sinoussi,W2046000758|US-4798797,W2046000758,US-4798797
729,Alan J. Heeger,Alan Heeger,https://openalex.org/A5087631107,Alan J. Heeger,W698464|US-4801512,W698464,US-4801512
729,Alan J. Heeger,Alan Heeger,https://openalex.org/A5087631107,Alan J. Heeger,W1964526449|US-4801512,W1964526449,US-4801512
831,Roger Y. Tsien,Roger Y. Tsien,https://openalex.org/A5109193097,Roger Y. Tsien,W2012539867|US-4806604,W2012539867,US-4806604
280,George A. Olah,George A. Olah,https://openalex.org/A5071446330,George A. Olah,W1988614567|US-4814544,W1988614567,US-4814544
959,Tasuku Honjo,Tasuku Honjo,https://openalex.org/A5019039647,Tasuku Honjo,W2052548411|US-4816565,W2052548411,US-4816565
959,Tasuku Honjo,Tasuku Honjo,https://openalex.org/A5019039647,Tasuku Honjo,W1977918631|US-4816565,W1977918631,US-4816565
959,Tasuku Honjo,Tasuku Honjo,https://openalex.org/A5019039647,Tasuku Honjo,W2032151689|US-4816565,W2032151689,US-4816565
825,Luc Montagnier,Luc Montagnier,https://openalex.org/A5016871448,Luc Montagnier,W2008791719|US-4839288,W2008791719,US-4839288
825,Luc Montagnier,Luc Montagnier,https://openalex.org/A5016871448,Luc Montagnier,W2039975091|US-4839288,W2039975091,US-4839288
825,Luc Montagnier,Luc Montagnier,https://openalex.org/A5016871448,Luc Montagnier,W2050489828|US-4839288,W2050489828,US-4839288
774,Richard Axel,Richard Axel,https://openalex.org/A5023563090,Richard Axel,W1963523261|US-4839293,W1963523261,US-4839293
742,Ryoji Noyori,Ryoji Noyori,https://openalex.org/A5054350731,Ryōji Noyori,W2398917088|US-4845282,W2398917088,US-4845282
742,Ryoji Noyori,Ryoji Noyori,https://openalex.org/A5054350731,Ryōji Noyori,W2345633179|US-4845282,W2345633179,US-4845282
252,Herbert C. Brown,Herbert C. Brown,https://openalex.org/A5113728728,Herbert C. Brown,W2172232214|US-4855506,W2172232214,US-4855506
252,Herbert C. Brown,Herbert C. Brown,https://openalex.org/A5113728728,Herbert C. Brown,W2952069710|US-4855506,W2952069710,US-4855506
252,Herbert C. Brown,Herbert C. Brown,https://openalex.org/A5113728728,Herbert C. Brown,W2021034686|US-4868337,W2021034686,US-4868337
252,Herbert C. Brown,Herbert C. Brown,https://openalex.org/A5113728728,Herbert C. Brown,W2952069710|US-4870177,W2952069710,US-4870177
252,Herbert C. Brown,Herbert C. Brown,https://openalex.org/A5113728728,Herbert C. Brown,W2112565405|US-4870177,W2112565405,US-4870177
252,Herbert C. Brown,Herbert C. Brown,https://openalex.org/A5113728728,Herbert C. Brown,W2952500762|US-4870177,W2952500762,US-4870177
252,Herbert C. Brown,Herbert C. Brown,https://openalex.org/A5113728728,Herbert C. Brown,W2952500762|US-4870212,W2952500762,US-4870212
743,K. Barry Sharpless,K. Barry Sharpless,https://openalex.org/A5077401880,K. Barry Sharpless,W1996798433|US-4871855,W1996798433,US-4871855
743,K. Barry Sharpless,K. Barry Sharpless,https://openalex.org/A5077401880,K. Barry Sharpless,W2949788542|US-4871855,W2949788542,US-4871855
436,Susumu Tonegawa,Susumu Tonegawa,https://openalex.org/A5038557565,Susumu Tonegawa,W2028345838|US-4873190,W2028345838,US-4873190
436,Susumu Tonegawa,Susumu Tonegawa,https://openalex.org/A5038557565,Susumu Tonegawa,W2016945436|US-4873190,W2016945436,US-4873190
436,Susumu Tonegawa,Susumu Tonegawa,https://openalex.org/A5038557565,Susumu Tonegawa,W2036509722|US-4873190,W2036509722,US-4873190
723,Paul Greengard,Paul Greengard,https://openalex.org/A5052825834,Paul Greengard,W1989193706|US-4874694,W1989193706,US-4874694
436,Susumu Tonegawa,Susumu Tonegawa,https://openalex.org/A5038557565,Susumu Tonegawa,W2016945436|US-4874845,W2016945436,US-4874845
261,Robert Bruce Merrifield,Bruce Merrifield,https://openalex.org/A5104652915,R. B. Merrifield,W2030264781|US-4879273,W2030264781,US-4879273
427,John R. Vane,John R. Vane,https://openalex.org/A5059382959,John R. Vane,W228345264|US-4883812,W228345264,US-4883812
795,Robert H. Grubbs,Robert H. Grubbs,https://openalex.org/A5078597191,Robert H. Grubbs,W88569982|US-4883851,W88569982,US-4883851
795,Robert H. Grubbs,Robert H. Grubbs,https://openalex.org/A5078597191,Robert H. Grubbs,W2034073125|US-4883851,W2034073125,US-4883851
742,Ryoji Noyori,Ryoji Noyori,https://openalex.org/A5054350731,Ryōji Noyori,W2345633179|US-4886903,W2345633179,US-4886903
742,Ryoji Noyori,Ryoji Noyori,https://openalex.org/A5054350731,Ryōji Noyori,W2040915423|US-4886903,W2040915423,US-4886903
252,Herbert C. Brown,Herbert C. Brown,https://openalex.org/A5113728728,Herbert C. Brown,W2950156927|US-4886924,W2950156927,US-4886924
252,Herbert C. Brown,Herbert C. Brown,https://openalex.org/A5113728728,Herbert C. Brown,W3022526165|US-4886924,W3022526165,US-4886924
960,Arthur Ashkin,Arthur Ashkin,https://openalex.org/A5045721355,A. Ashkin,W2113372755|US-4893886,W2113372755,US-4893886
152,Steven Chu,Steven Chu,https://openalex.org/A5001967033,Steven Chu,W2113372755|US-4893886,W2113372755,US-4893886
960,Arthur Ashkin,Arthur Ashkin,https://openalex.org/A5045721355,A. Ashkin,W2030365976|US-4893886,W2030365976,US-4893886
742,Ryoji Noyori,Ryoji Noyori,https://openalex.org/A5054350731,Ryōji Noyori,W1999134723|US-4895979,W1999134723,US-4895979
252,Herbert C. Brown,Herbert C. Brown,https://openalex.org/A5113728728,Herbert C. Brown,W2952547547|US-4895996,W2952547547,US-4895996
252,Herbert C. Brown,Herbert C. Brown,https://openalex.org/A5113728728,Herbert C. Brown,W3022526165|US-4895996,W3022526165,US-4895996
961,Gérard Mourou,Gérard Mourou,https://openalex.org/A5057252770,G. Mourou,W2467441762|US-4896119,W2467441762,US-4896119
743,K. Barry Sharpless,K. Barry Sharpless,https://openalex.org/A5077401880,K. Barry Sharpless,W2071801044|US-4900847,W2071801044,US-4900847
411,Roger Guillemin,Roger Guillemin,https://openalex.org/A5061993952,Roger Guillemin,W1278683208|US-4902782,W1278683208,US-4902782
890,Michael Levitt,Michael Levitt,https://openalex.org/A5019080704,Michael Levitt,W102580883|US-4914031,W102580883,US-4914031
909,Eric Betzig,Eric Betzig,https://openalex.org/A5048568518,Eric Betzig,W1680840469|US-4917462,W1680840469,US-4917462
909,Eric Betzig,Eric Betzig,https://openalex.org/A5048568518,Eric Betzig,W3036861237|US-4917462,W3036861237,US-4917462
909,Eric Betzig,Eric Betzig,https://openalex.org/A5048568518,Eric Betzig,W2005118009|US-4917462,W2005118009,US-4917462
909,Eric Betzig,Eric Betzig,https://openalex.org/A5048568518,Eric Betzig,W4235895367|US-4917462,W4235895367,US-4917462
909,Eric Betzig,Eric Betzig,https://openalex.org/A5048568518,Eric Betzig,W1972615885|US-4917462,W1972615885,US-4917462
909,Eric Betzig,Eric Betzig,https://openalex.org/A5048568518,Eric Betzig,W3036931018|US-4917462,W3036931018,US-4917462
909,Eric Betzig,Eric Betzig,https://openalex.org/A5048568518,Eric Betzig,W2064658330|US-4917462,W2064658330,US-4917462
909,Eric Betzig,Eric Betzig,https://openalex.org/A5048568518,Eric Betzig,W1978200017|US-4917462,W1978200017,US-4917462
184,Heinrich Otto Wieland,Heinrich Wieland,https://openalex.org/A5085975174,Heinrich Wieland,W2055186580|US-4923439,W2055186580,US-4923439
886,Thomas C. Südhof,Thomas C. Südhof,https://openalex.org/A5061921730,Thomas C. Südhof,W2001429874|US-4935363,W2001429874,US-4935363
432,Michael S. Brown,Michael S. Brown,https://openalex.org/A5079762911,Michael S. Brown,W2001429874|US-4935363,W2001429874,US-4935363
433,Joseph L. Goldstein,Joseph L. Goldstein,https://openalex.org/A5058164552,Joseph L. Goldstein,W2001429874|US-4935363,W2001429874,US-4935363
1037,John J. Hopfield,John J. Hopfield,https://openalex.org/A5001584643,J. J. Hopfield,W2167462730|US-4937872,W2167462730,US-4937872
730,Alan G. MacDiarmid,Alan MacDiarmid,https://openalex.org/A5008830363,A. G. MacDiarmid,W2059965360|US-4940640,W2059965360,US-4940640
275,Elias James Corey,Elias James Corey,https://openalex.org/A5062182194,E. J. Corey,W2055482390|US-4943635,W2055482390,US-4943635
275,Elias James Corey,Elias James Corey,https://openalex.org/A5062182194,E. J. Corey,W2952938037|US-4943635,W2952938037,US-4943635
275,Elias James Corey,Elias James Corey,https://openalex.org/A5062182194,E. J. Corey,W2082053921|US-4943635,W2082053921,US-4943635
275,Elias James Corey,Elias James Corey,https://openalex.org/A5062182194,E. J. Corey,W2950012949|US-4943635,W2950012949,US-4943635
275,Elias James Corey,Elias James Corey,https://openalex.org/A5062182194,E. J. Corey,W2084679024|US-4943635,W2084679024,US-4943635
275,Elias James Corey,Elias James Corey,https://openalex.org/A5062182194,E. J. Corey,W2038082216|US-4943635,W2038082216,US-4943635
795,Robert H. Grubbs,Robert H. Grubbs,https://openalex.org/A5078597191,Robert H. Grubbs,W2034073125|US-4945135,W2034073125,US-4945135
795,Robert H. Grubbs,Robert H. Grubbs,https://openalex.org/A5078597191,Robert H. Grubbs,W88569982|US-4945135,W88569982,US-4945135
795,Robert H. Grubbs,Robert H. Grubbs,https://openalex.org/A5078597191,Robert H. Grubbs,W88569982|US-4945141,W88569982,US-4945141
795,Robert H. Grubbs,Robert H. Grubbs,https://openalex.org/A5078597191,Robert H. Grubbs,W2034073125|US-4945141,W2034073125,US-4945141
393,Salvador E. Luria,Salvador E. Luria,https://openalex.org/A5112569841,S. E. Luria,W1613548617|US-4948735,W1613548617,US-4948735
824,Françoise Barré-Sinoussi,Françoise Barré-Sinoussi,https://openalex.org/A5107827488,Françoise Barré‐Sinoussi,W1993756066|US-4956292,W1993756066,US-4956292
411,Roger Guillemin,Roger Guillemin,https://openalex.org/A5061993952,Roger Guillemin,W1997135548|US-4956455,W1997135548,US-4956455
278,Kary B. Mullis,Kary B. Mullis,https://openalex.org/A5073738482,Kary B. Mullis,W2032118018|US-4965188,W2032118018,US-4965188
743,K. Barry Sharpless,K. Barry Sharpless,https://openalex.org/A5077401880,K. Barry Sharpless,W2949788542|US-4965364,W2949788542,US-4965364
743,K. Barry Sharpless,K. Barry Sharpless,https://openalex.org/A5077401880,K. Barry Sharpless,W1996798433|US-4965364,W1996798433,US-4965364
433,Joseph L. Goldstein,Joseph L. Goldstein,https://openalex.org/A5058164552,Joseph L. Goldstein,W2396147149|US-4966837,W2396147149,US-4966837
432,Michael S. Brown,Michael S. Brown,https://openalex.org/A5079762911,Michael S. Brown,W2396147149|US-4966837,W2396147149,US-4966837
432,Michael S. Brown,Michael S. Brown,https://openalex.org/A5079762911,Michael S. Brown,W2317786124|US-4966837,W2317786124,US-4966837
433,Joseph L. Goldstein,Joseph L. Goldstein,https://openalex.org/A5058164552,Joseph L. Goldstein,W2317786124|US-4966837,W2317786124,US-4966837
436,Susumu Tonegawa,Susumu Tonegawa,https://openalex.org/A5038557565,Susumu Tonegawa,W2016945436|US-4970296,W2016945436,US-4970296
436,Susumu Tonegawa,Susumu Tonegawa,https://openalex.org/A5038557565,Susumu Tonegawa,W2028345838|US-4970296,W2028345838,US-4970296
411,Roger Guillemin,Roger Guillemin,https://openalex.org/A5061993952,Roger Guillemin,W2085131417|US-4973577,W2085131417,US-4973577
411,Roger Guillemin,Roger Guillemin,https://openalex.org/A5061993952,Roger Guillemin,W2050620572|US-4973577,W2050620572,US-4973577
411,Roger Guillemin,Roger Guillemin,https://openalex.org/A5061993952,Roger Guillemin,W1982846808|US-4973577,W1982846808,US-4973577
997,David Julius,David Julius,https://openalex.org/A5014886042,David Julius,W2047684202|US-4977085,W2047684202,US-4977085
252,Herbert C. Brown,Herbert C. Brown,https://openalex.org/A5113728728,Herbert C. Brown,W2950214470|US-4978794,W2950214470,US-4978794
408,Howard Martin Temin,Howard M. Temin,https://openalex.org/A5111998828,Howard M. Temin,W1518023495|US-4980289,W1518023495,US-4980289
408,Howard Martin Temin,Howard M. Temin,https://openalex.org/A5111998828,Howard M. Temin,W2059533489|US-4980289,W2059533489,US-4980289
448,Richard J. Roberts,Richard J. Roberts,https://openalex.org/A5091034547,Richard J. Roberts,W2022127268|US-4983522,W2022127268,US-4983522
997,David Julius,David Julius,https://openalex.org/A5014886042,David Julius,W2026204366|US-4985352,W2026204366,US-4985352
774,Richard Axel,Richard Axel,https://openalex.org/A5023563090,Richard Axel,W2026204366|US-4985352,W2026204366,US-4985352
997,David Julius,David Julius,https://openalex.org/A5014886042,David Julius,W1964255154|US-4985352,W1964255154,US-4985352
774,Richard Axel,Richard Axel,https://openalex.org/A5023563090,Richard Axel,W1964255154|US-4985352,W1964255154,US-4985352
274,Thomas R. Cech,Thomas R. Cech,https://openalex.org/A5017573996,Thomas R. Cech,W2022449135|US-4987071,W2022449135,US-4987071
274,Thomas R. Cech,Thomas R. Cech,https://openalex.org/A5017573996,Thomas R. Cech,W2154989771|US-4987071,W2154989771,US-4987071
274,Thomas R. Cech,Thomas R. Cech,https://openalex.org/A5017573996,Thomas R. Cech,W1968282235|US-4987071,W1968282235,US-4987071
274,Thomas R. Cech,Thomas R. Cech,https://openalex.org/A5017573996,Thomas R. Cech,W2060510537|US-4987071,W2060510537,US-4987071
448,Richard J. Roberts,Richard J. Roberts,https://openalex.org/A5091034547,Richard J. Roberts,W2022127268|US-4999293,W2022127268,US-4999293
448,Richard J. Roberts,Richard J. Roberts,https://openalex.org/A5091034547,Richard J. Roberts,W1978221255|US-4999293,W1978221255,US-4999293
142,Georges Charpak,Georges Charpak,https://openalex.org/A5003649130,G. Charpak,W2056859475|US-4999500,W2056859475,US-4999500
727,Herbert Kroemer,Herbert Kroemer,https://openalex.org/A5055558095,H. Kroemer,W2034409761|US-5013683,W2034409761,US-5013683
727,Herbert Kroemer,Herbert Kroemer,https://openalex.org/A5055558095,H. Kroemer,W1973583639|US-5013683,W1973583639,US-5013683
1037,John J. Hopfield,John J. Hopfield,https://openalex.org/A5001584643,J. J. Hopfield,W1611892432|US-5016063,W1611892432,US-5016063
1037,John J. Hopfield,John J. Hopfield,https://openalex.org/A5001584643,J. J. Hopfield,W4250808650|US-5016063,W4250808650,US-5016063
1037,John J. Hopfield,John J. Hopfield,https://openalex.org/A5001584643,J. J. Hopfield,W1988394229|US-5016063,W1988394229,US-5016063
743,K. Barry Sharpless,K. Barry Sharpless,https://openalex.org/A5077401880,K. Barry Sharpless,W2117965525|US-5023342,W2117965525,US-5023342
778,Frank Wilczek,Frank Wilczek,https://openalex.org/A5091196459,Frank Wilczek,W2066340926|US-5023833,W2066340926,US-5023833
795,Robert H. Grubbs,Robert H. Grubbs,https://openalex.org/A5078597191,Robert H. Grubbs,W85270053|US-5026783,W85270053,US-5026783
729,Alan J. Heeger,Alan Heeger,https://openalex.org/A5087631107,Alan J. Heeger,W2066783506|US-5028354,W2066783506,US-5028354
729,Alan J. Heeger,Alan Heeger,https://openalex.org/A5087631107,Alan J. Heeger,W1499431398|US-5028354,W1499431398,US-5028354
824,Françoise Barré-Sinoussi,Françoise Barré-Sinoussi,https://openalex.org/A5107827488,Françoise Barré‐Sinoussi,W2035553258|US-5030714,W2035553258,US-5030714
825,Luc Montagnier,Luc Montagnier,https://openalex.org/A5016871448,Luc Montagnier,W2035553258|US-5030714,W2035553258,US-5030714
825,Luc Montagnier,Luc Montagnier,https://openalex.org/A5016871448,Luc Montagnier,W2008791719|US-5030718,W2008791719,US-5030718
825,Luc Montagnier,Luc Montagnier,https://openalex.org/A5016871448,Luc Montagnier,W2039975091|US-5030718,W2039975091,US-5030718
825,Luc Montagnier,Luc Montagnier,https://openalex.org/A5016871448,Luc Montagnier,W2050489828|US-5030718,W2050489828,US-5030718
407,Renato Dulbecco,Renato Dulbecco,https://openalex.org/A5112826065,Renato Dulbecco,W114550633|US-5032521,W114550633,US-5032521
407,Renato Dulbecco,Renato Dulbecco,https://openalex.org/A5112826065,Renato Dulbecco,W2110872750|US-5032521,W2110872750,US-5032521
824,Françoise Barré-Sinoussi,Françoise Barré-Sinoussi,https://openalex.org/A5107827488,Françoise Barré‐Sinoussi,W2035553258|US-5034511,W2035553258,US-5034511
825,Luc Montagnier,Luc Montagnier,https://openalex.org/A5016871448,Luc Montagnier,W2035553258|US-5034511,W2035553258,US-5034511
978,Akira Yoshino,Akira Yoshino,https://openalex.org/A5103185273,Akira Yoshino,W4253674740|US-5036946,W4253674740,US-5036946
274,Thomas R. Cech,Thomas R. Cech,https://openalex.org/A5017573996,Thomas R. Cech,W2052429917|US-5037746,W2052429917,US-5037746
274,Thomas R. Cech,Thomas R. Cech,https://openalex.org/A5017573996,Thomas R. Cech,W1968282235|US-5037746,W1968282235,US-5037746
274,Thomas R. Cech,Thomas R. Cech,https://openalex.org/A5017573996,Thomas R. Cech,W2025511708|US-5037746,W2025511708,US-5037746
274,Thomas R. Cech,Thomas R. Cech,https://openalex.org/A5017573996,Thomas R. Cech,W2154989771|US-5037746,W2154989771,US-5037746
274,Thomas R. Cech,Thomas R. Cech,https://openalex.org/A5017573996,Thomas R. Cech,W1969292324|US-5037746,W1969292324,US-5037746
274,Thomas R. Cech,Thomas R. Cech,https://openalex.org/A5017573996,Thomas R. Cech,W2030135048|US-5037746,W2030135048,US-5037746
274,Thomas R. Cech,Thomas R. Cech,https://openalex.org/A5017573996,Thomas R. Cech,W2022449135|US-5037746,W2022449135,US-5037746
411,Roger Guillemin,Roger Guillemin,https://openalex.org/A5061993952,Roger Guillemin,W2011775394|US-5041538,W2011775394,US-5041538
411,Roger Guillemin,Roger Guillemin,https://openalex.org/A5061993952,Roger Guillemin,W1989121649|US-5041538,W1989121649,US-5041538
411,Roger Guillemin,Roger Guillemin,https://openalex.org/A5061993952,Roger Guillemin,W2050620572|US-5041538,W2050620572,US-5041538
411,Roger Guillemin,Roger Guillemin,https://openalex.org/A5061993952,Roger Guillemin,W2093943347|US-5041538,W2093943347,US-5041538
411,Roger Guillemin,Roger Guillemin,https://openalex.org/A5061993952,Roger Guillemin,W1497588152|US-5041538,W1497588152,US-5041538
411,Roger Guillemin,Roger Guillemin,https://openalex.org/A5061993952,Roger Guillemin,W2078557739|US-5041538,W2078557739,US-5041538
411,Roger Guillemin,Roger Guillemin,https://openalex.org/A5061993952,Roger Guillemin,W2031399745|US-5041538,W2031399745,US-5041538
411,Roger Guillemin,Roger Guillemin,https://openalex.org/A5061993952,Roger Guillemin,W2085131417|US-5041538,W2085131417,US-5041538
411,Roger Guillemin,Roger Guillemin,https://openalex.org/A5061993952,Roger Guillemin,W1997998703|US-5041538,W1997998703,US-5041538
411,Roger Guillemin,Roger Guillemin,https://openalex.org/A5061993952,Roger Guillemin,W1982846808|US-5041538,W1982846808,US-5041538
831,Roger Y. Tsien,Roger Y. Tsien,https://openalex.org/A5109193097,Roger Y. Tsien,W1601936385|US-5049673,W1601936385,US-5049673
831,Roger Y. Tsien,Roger Y. Tsien,https://openalex.org/A5109193097,Roger Y. Tsien,W3036299741|US-5049673,W3036299741,US-5049673
831,Roger Y. Tsien,Roger Y. Tsien,https://openalex.org/A5109193097,Roger Y. Tsien,W2141260882|US-5049673,W2141260882,US-5049673
831,Roger Y. Tsien,Roger Y. Tsien,https://openalex.org/A5109193097,Roger Y. Tsien,W1595593492|US-5049673,W1595593492,US-5049673
156,Horst L. Störmer,Horst L. Störmer,https://openalex.org/A5111474378,H. L. Störmer,W1975767819|US-5051791,W1975767819,US-5051791
961,Gérard Mourou,Gérard Mourou,https://openalex.org/A5057252770,G. Mourou,W2011656523|US-5053696,W2011656523,US-5053696
825,Luc Montagnier,Luc Montagnier,https://openalex.org/A5016871448,Luc Montagnier,W2008791719|US-5055391,W2008791719,US-5055391
825,Luc Montagnier,Luc Montagnier,https://openalex.org/A5016871448,Luc Montagnier,W2039975091|US-5055391,W2039975091,US-5055391
448,Richard J. Roberts,Richard J. Roberts,https://openalex.org/A5091034547,Richard J. Roberts,W2009556993|US-5061628,W2009556993,US-5061628
1037,John J. Hopfield,John J. Hopfield,https://openalex.org/A5001584643,J. J. Hopfield,W4250808650|US-5063417,W4250808650,US-5063417
1037,John J. Hopfield,John J. Hopfield,https://openalex.org/A5001584643,J. J. Hopfield,W1611892432|US-5063417,W1611892432,US-5063417
1037,John J. Hopfield,John J. Hopfield,https://openalex.org/A5001584643,J. J. Hopfield,W1988394229|US-5063417,W1988394229,US-5063417
911,William E. Moerner,William E. Moerner,https://openalex.org/A5068018832,W. E. Moerner,W4321521111|US-5064264,W4321521111,US-5064264
911,William E. Moerner,William E. Moerner,https://openalex.org/A5068018832,W. E. Moerner,W3195002520|US-5064264,W3195002520,US-5064264
911,William E. Moerner,William E. Moerner,https://openalex.org/A5068018832,W. E. Moerner,W4321265799|US-5064264,W4321265799,US-5064264
911,William E. Moerner,William E. Moerner,https://openalex.org/A5068018832,W. E. Moerner,W4321518991|US-5064264,W4321518991,US-5064264
911,William E. Moerner,William E. Moerner,https://openalex.org/A5068018832,W. E. Moerner,W2462352837|US-5064264,W2462352837,US-5064264
911,William E. Moerner,William E. Moerner,https://openalex.org/A5068018832,W. E. Moerner,W1972976671|US-5064264,W1972976671,US-5064264
825,Luc Montagnier,Luc Montagnier,https://openalex.org/A5016871448,Luc Montagnier,W58215616|US-5066782,W58215616,US-5066782
824,Françoise Barré-Sinoussi,Françoise Barré-Sinoussi,https://openalex.org/A5107827488,Françoise Barré‐Sinoussi,W58215616|US-5066782,W58215616,US-5066782
825,Luc Montagnier,Luc Montagnier,https://openalex.org/A5016871448,Luc Montagnier,W2008791719|US-5066782,W2008791719,US-5066782
825,Luc Montagnier,Luc Montagnier,https://openalex.org/A5016871448,Luc Montagnier,W2039975091|US-5066782,W2039975091,US-5066782
997,David Julius,David Julius,https://openalex.org/A5014886042,David Julius,W2138006485|US-5077204,W2138006485,US-5077204
152,Steven Chu,Steven Chu,https://openalex.org/A5001967033,Steven Chu,W2477183824|US-5079169,W2477183824,US-5079169
278,Kary B. Mullis,Kary B. Mullis,https://openalex.org/A5073738482,Kary B. Mullis,W2032118018|US-5079352,W2032118018,US-5079352
138,Jerome I. Friedman,Jerome I. Friedman,https://openalex.org/A5108251783,J. Friedman,W24939450|US-5079532,W24939450,US-5079532
97,Leo Esaki,Leo Esaki,https://openalex.org/A5086299514,L. Esaki,W2043700147|US-5079601,W2043700147,US-5079601
764,Paul C. Lauterbur,Paul C. Lauterbur,https://openalex.org/A5077010419,Paul C. Lauterbur,W2084184095|US-5081992,W2084184095,US-5081992
796,Richard R. Schrock,Richard R. Schrock,https://openalex.org/A5079660000,Richard R. Schrock,W2953209966|US-5087710,W2953209966,US-5087710
796,Richard R. Schrock,Richard R. Schrock,https://openalex.org/A5079660000,Richard R. Schrock,W1983532547|US-5087710,W1983532547,US-5087710
987,Charles M. Rice,Charles M. Rice,https://openalex.org/A5019683467,Charles M. Rice,W2129192681|US-5091309,W2129192681,US-5091309
274,Thomas R. Cech,Thomas R. Cech,https://openalex.org/A5017573996,Thomas R. Cech,W1968282235|US-5093246,W1968282235,US-5093246
274,Thomas R. Cech,Thomas R. Cech,https://openalex.org/A5017573996,Thomas R. Cech,W2060510537|US-5093246,W2060510537,US-5093246
274,Thomas R. Cech,Thomas R. Cech,https://openalex.org/A5017573996,Thomas R. Cech,W2022449135|US-5093246,W2022449135,US-5093246
274,Thomas R. Cech,Thomas R. Cech,https://openalex.org/A5017573996,Thomas R. Cech,W2154989771|US-5093246,W2154989771,US-5093246
274,Thomas R. Cech,Thomas R. Cech,https://openalex.org/A5017573996,Thomas R. Cech,W1969292324|US-5093246,W1969292324,US-5093246
252,Herbert C. Brown,Herbert C. Brown,https://openalex.org/A5113728728,Herbert C. Brown,W2401768798|US-5103063,W2401768798,US-5103063
274,Thomas R. Cech,Thomas R. Cech,https://openalex.org/A5017573996,Thomas R. Cech,W2022449135|US-5116742,W2022449135,US-5116742
274,Thomas R. Cech,Thomas R. Cech,https://openalex.org/A5017573996,Thomas R. Cech,W2060510537|US-5116742,W2060510537,US-5116742
795,Robert H. Grubbs,Robert H. Grubbs,https://openalex.org/A5078597191,Robert H. Grubbs,W1992047531|US-5122574,W1992047531,US-5122574
907,Hiroshi Amano,Hiroshi Amano,https://openalex.org/A5048399593,Hiroshi Amano,W2121395191|US-5122845,W2121395191,US-5122845
906,Isamu Akasaki,Isamu Akasaki,https://openalex.org/A5081597179,Isamu Akasaki,W2121395191|US-5122845,W2121395191,US-5122845
408,Howard Martin Temin,Howard M. Temin,https://openalex.org/A5111998828,Howard M. Temin,W1518023495|US-5124263,W1518023495,US-5124263
743,K. Barry Sharpless,K. Barry Sharpless,https://openalex.org/A5077401880,K. Barry Sharpless,W2949709099|US-5126494,W2949709099,US-5126494
743,K. Barry Sharpless,K. Barry Sharpless,https://openalex.org/A5077401880,K. Barry Sharpless,W2949125269|US-5126494,W2949125269,US-5126494
743,K. Barry Sharpless,K. Barry Sharpless,https://openalex.org/A5077401880,K. Barry Sharpless,W2950102582|US-5126494,W2950102582,US-5126494
756,John B. Fenn,John B. Fenn,https://openalex.org/A5041577693,John B. Fenn,W2016297089|US-5130538,W2016297089,US-5130538
411,Roger Guillemin,Roger Guillemin,https://openalex.org/A5061993952,Roger Guillemin,W1278683208|US-5132408,W1278683208,US-5132408
411,Roger Guillemin,Roger Guillemin,https://openalex.org/A5061993952,Roger Guillemin,W2039213845|US-5132408,W2039213845,US-5132408
411,Roger Guillemin,Roger Guillemin,https://openalex.org/A5061993952,Roger Guillemin,W1973700121|US-5132408,W1973700121,US-5132408
831,Roger Y. Tsien,Roger Y. Tsien,https://openalex.org/A5109193097,Roger Y. Tsien,W1601936385|US-5134232,W1601936385,US-5134232
831,Roger Y. Tsien,Roger Y. Tsien,https://openalex.org/A5109193097,Roger Y. Tsien,W1595593492|US-5134232,W1595593492,US-5134232
824,Françoise Barré-Sinoussi,Françoise Barré-Sinoussi,https://openalex.org/A5107827488,Françoise Barré‐Sinoussi,W91196231|US-5135864,W91196231,US-5135864
825,Luc Montagnier,Luc Montagnier,https://openalex.org/A5016871448,Luc Montagnier,W58215616|US-5135864,W58215616,US-5135864
824,Françoise Barré-Sinoussi,Françoise Barré-Sinoussi,https://openalex.org/A5107827488,Françoise Barré‐Sinoussi,W58215616|US-5135864,W58215616,US-5135864
824,Françoise Barré-Sinoussi,Françoise Barré-Sinoussi,https://openalex.org/A5107827488,Françoise Barré‐Sinoussi,W2006710190|US-5135864,W2006710190,US-5135864
824,Françoise Barré-Sinoussi,Françoise Barré-Sinoussi,https://openalex.org/A5107827488,Françoise Barré‐Sinoussi,W2195453688|US-5135864,W2195453688,US-5135864
825,Luc Montagnier,Luc Montagnier,https://openalex.org/A5016871448,Luc Montagnier,W2195453688|US-5135864,W2195453688,US-5135864
825,Luc Montagnier,Luc Montagnier,https://openalex.org/A5016871448,Luc Montagnier,W2027861910|US-5135864,W2027861910,US-5135864
1039,David Baker,David Baker,https://openalex.org/A5053192926,David Baker,W2132852721|US-5140992,W2132852721,US-5140992
831,Roger Y. Tsien,Roger Y. Tsien,https://openalex.org/A5109193097,Roger Y. Tsien,W2951745130|US-5141627,W2951745130,US-5141627
831,Roger Y. Tsien,Roger Y. Tsien,https://openalex.org/A5109193097,Roger Y. Tsien,W2021840869|US-5141627,W2021840869,US-5141627
831,Roger Y. Tsien,Roger Y. Tsien,https://openalex.org/A5109193097,Roger Y. Tsien,W2012539867|US-5141627,W2012539867,US-5141627
823,Harald zur Hausen,Harald zur Hausen,https://openalex.org/A5076220155,Harald zur Hausen,W1978322849|US-5142032,W1978322849,US-5142032
796,Richard R. Schrock,Richard R. Schrock,https://openalex.org/A5079660000,Richard R. Schrock,W2046547327|US-5142073,W2046547327,US-5142073
261,Robert Bruce Merrifield,Bruce Merrifield,https://openalex.org/A5104652915,R. B. Merrifield,W2030264781|US-5143902,W2030264781,US-5143902
796,Richard R. Schrock,Richard R. Schrock,https://openalex.org/A5079660000,Richard R. Schrock,W2953209966|US-5146033,W2953209966,US-5146033
796,Richard R. Schrock,Richard R. Schrock,https://openalex.org/A5079660000,Richard R. Schrock,W1983532547|US-5146033,W1983532547,US-5146033
411,Roger Guillemin,Roger Guillemin,https://openalex.org/A5061993952,Roger Guillemin,W1278683208|US-5155214,W1278683208,US-5155214
406,David Baltimore,David Baltimore,https://openalex.org/A5042763205,David Baltimore,W2098977954|US-5159066,W2098977954,US-5159066
406,David Baltimore,David Baltimore,https://openalex.org/A5042763205,David Baltimore,W1997448640|US-5159066,W1997448640,US-5159066
743,K. Barry Sharpless,K. Barry Sharpless,https://openalex.org/A5077401880,K. Barry Sharpless,W2169587717|US-5162554,W2169587717,US-5162554
273,Sidney Altman,Sidney Altman,https://openalex.org/A5003873129,Sidney Altman,W2039997550|US-5168053,W2039997550,US-5168053
961,Gérard Mourou,Gérard Mourou,https://openalex.org/A5057252770,G. Mourou,W2071000828|US-5168069,W2071000828,US-5168069
825,Luc Montagnier,Luc Montagnier,https://openalex.org/A5016871448,Luc Montagnier,W2002784110|US-5169763,W2002784110,US-5169763
436,Susumu Tonegawa,Susumu Tonegawa,https://openalex.org/A5038557565,Susumu Tonegawa,W2071295458|US-5169938,W2071295458,US-5169938
412,Andrew V. Schally,Andrew V. Schally,https://openalex.org/A5068739269,Andrew V. Schally,W2079044750|US-5171835,W2079044750,US-5171835
412,Andrew V. Schally,Andrew V. Schally,https://openalex.org/A5068739269,Andrew V. Schally,W2073330356|US-5171835,W2073330356,US-5171835
824,Françoise Barré-Sinoussi,Françoise Barré-Sinoussi,https://openalex.org/A5107827488,Françoise Barré‐Sinoussi,W1966625144|US-5173400,W1966625144,US-5173400
825,Luc Montagnier,Luc Montagnier,https://openalex.org/A5016871448,Luc Montagnier,W1966625144|US-5173400,W1966625144,US-5173400
825,Luc Montagnier,Luc Montagnier,https://openalex.org/A5016871448,Luc Montagnier,W2049296686|US-5173400,W2049296686,US-5173400
824,Françoise Barré-Sinoussi,Françoise Barré-Sinoussi,https://openalex.org/A5107827488,Françoise Barré‐Sinoussi,W44467027|US-5173400,W44467027,US-5173400
825,Luc Montagnier,Luc Montagnier,https://openalex.org/A5016871448,Luc Montagnier,W44467027|US-5173400,W44467027,US-5173400
824,Françoise Barré-Sinoussi,Françoise Barré-Sinoussi,https://openalex.org/A5107827488,Françoise Barré‐Sinoussi,W2090079821|US-5173400,W2090079821,US-5173400
825,Luc Montagnier,Luc Montagnier,https://openalex.org/A5016871448,Luc Montagnier,W2090079821|US-5173400,W2090079821,US-5173400
252,Herbert C. Brown,Herbert C. Brown,https://openalex.org/A5113728728,Herbert C. Brown,W2401768798|US-5175371,W2401768798,US-5175371
252,Herbert C. Brown,Herbert C. Brown,https://openalex.org/A5113728728,Herbert C. Brown,W2401768798|US-5175378,W2401768798,US-5175378
411,Roger Guillemin,Roger Guillemin,https://openalex.org/A5061993952,Roger Guillemin,W2011775394|US-5182375,W2011775394,US-5182375
411,Roger Guillemin,Roger Guillemin,https://openalex.org/A5061993952,Roger Guillemin,W2093943347|US-5182375,W2093943347,US-5182375
411,Roger Guillemin,Roger Guillemin,https://openalex.org/A5061993952,Roger Guillemin,W2031399745|US-5182375,W2031399745,US-5182375
411,Roger Guillemin,Roger Guillemin,https://openalex.org/A5061993952,Roger Guillemin,W2078557739|US-5182375,W2078557739,US-5182375
411,Roger Guillemin,Roger Guillemin,https://openalex.org/A5061993952,Roger Guillemin,W2085131417|US-5182375,W2085131417,US-5182375
411,Roger Guillemin,Roger Guillemin,https://openalex.org/A5061993952,Roger Guillemin,W1989121649|US-5182375,W1989121649,US-5182375
411,Roger Guillemin,Roger Guillemin,https://openalex.org/A5061993952,Roger Guillemin,W1982846808|US-5182375,W1982846808,US-5182375
411,Roger Guillemin,Roger Guillemin,https://openalex.org/A5061993952,Roger Guillemin,W2050620572|US-5182375,W2050620572,US-5182375
411,Roger Guillemin,Roger Guillemin,https://openalex.org/A5061993952,Roger Guillemin,W1997998703|US-5182375,W1997998703,US-5182375
411,Roger Guillemin,Roger Guillemin,https://openalex.org/A5061993952,Roger Guillemin,W1497588152|US-5182375,W1497588152,US-5182375
823,Harald zur Hausen,Harald zur Hausen,https://openalex.org/A5076220155,Harald zur Hausen,W2168491219|US-5187090,W2168491219,US-5187090
823,Harald zur Hausen,Harald zur Hausen,https://openalex.org/A5076220155,Harald zur Hausen,W1512550529|US-5187090,W1512550529,US-5187090
823,Harald zur Hausen,Harald zur Hausen,https://openalex.org/A5076220155,Harald zur Hausen,W2122729738|US-5187090,W2122729738,US-5187090
1024,Katalin Karikó,Katalin Karikó,https://openalex.org/A5030598859,Katalin Karikó,W2051324974|US-5188897,W2051324974,US-5188897
1024,Katalin Karikó,Katalin Karikó,https://openalex.org/A5030598859,Katalin Karikó,W2009569049|US-5188897,W2009569049,US-5188897
436,Susumu Tonegawa,Susumu Tonegawa,https://openalex.org/A5038557565,Susumu Tonegawa,W2028345838|US-5189147,W2028345838,US-5189147
436,Susumu Tonegawa,Susumu Tonegawa,https://openalex.org/A5038557565,Susumu Tonegawa,W1979971440|US-5189147,W1979971440,US-5189147
436,Susumu Tonegawa,Susumu Tonegawa,https://openalex.org/A5038557565,Susumu Tonegawa,W2016945436|US-5189147,W2016945436,US-5189147
795,Robert H. Grubbs,Robert H. Grubbs,https://openalex.org/A5078597191,Robert H. Grubbs,W1992047531|US-5191025,W1992047531,US-5191025
729,Alan J. Heeger,Alan Heeger,https://openalex.org/A5087631107,Alan J. Heeger,W2066966637|US-5196144,W2066966637,US-5196144
729,Alan J. Heeger,Alan Heeger,https://openalex.org/A5087631107,Alan J. Heeger,W2055530262|US-5196144,W2055530262,US-5196144
729,Alan J. Heeger,Alan Heeger,https://openalex.org/A5087631107,Alan J. Heeger,W2012451621|US-5196144,W2012451621,US-5196144
412,Andrew V. Schally,Andrew V. Schally,https://openalex.org/A5068739269,Andrew V. Schally,W2055136022|US-5198533,W2055136022,US-5198533
917,Satoshi Ōmura,Satoshi Ōmura,https://openalex.org/A5045164227,Satoshi Ōmura,W4251925149|US-5206155,W4251925149,US-5206155
825,Luc Montagnier,Luc Montagnier,https://openalex.org/A5016871448,Luc Montagnier,W2049296686|US-5208321,W2049296686,US-5208321
825,Luc Montagnier,Luc Montagnier,https://openalex.org/A5016871448,Luc Montagnier,W2027203648|US-5208321,W2027203648,US-5208321
886,Thomas C. Südhof,Thomas C. Südhof,https://openalex.org/A5061921730,Thomas C. Südhof,W2001429874|US-5215910,W2001429874,US-5215910
432,Michael S. Brown,Michael S. Brown,https://openalex.org/A5079762911,Michael S. Brown,W2001429874|US-5215910,W2001429874,US-5215910
433,Joseph L. Goldstein,Joseph L. Goldstein,https://openalex.org/A5058164552,Joseph L. Goldstein,W2001429874|US-5215910,W2001429874,US-5215910
731,Hideki Shirakawa,Hideki Shirakawa,https://openalex.org/A5113680723,Hideki Shirakawa,W2084880458|US-5216102,W2084880458,US-5216102
987,Charles M. Rice,Charles M. Rice,https://openalex.org/A5019683467,Charles M. Rice,W2129192681|US-5217879,W2129192681,US-5217879
825,Luc Montagnier,Luc Montagnier,https://openalex.org/A5016871448,Luc Montagnier,W2054131227|US-5221610,W2054131227,US-5221610
286,Richard E. Smalley,Richard E. Smalley,https://openalex.org/A5015746014,R. E. Smalley,W2065424643|US-5227038,W2065424643,US-5227038
743,K. Barry Sharpless,K. Barry Sharpless,https://openalex.org/A5077401880,K. Barry Sharpless,W2163533551|US-5227543,W2163533551,US-5227543
406,David Baltimore,David Baltimore,https://openalex.org/A5042763205,David Baltimore,W1992122389|US-5230888,W1992122389,US-5230888
729,Alan J. Heeger,Alan Heeger,https://openalex.org/A5087631107,Alan J. Heeger,W2066966637|US-5232631,W2066966637,US-5232631
729,Alan J. Heeger,Alan Heeger,https://openalex.org/A5087631107,Alan J. Heeger,W2031597075|US-5232631,W2031597075,US-5232631
729,Alan J. Heeger,Alan Heeger,https://openalex.org/A5087631107,Alan J. Heeger,W2012451621|US-5232631,W2012451621,US-5232631
729,Alan J. Heeger,Alan Heeger,https://openalex.org/A5087631107,Alan J. Heeger,W2001922952|US-5232631,W2001922952,US-5232631
729,Alan J. Heeger,Alan Heeger,https://openalex.org/A5087631107,Alan J. Heeger,W1974841389|US-5232631,W1974841389,US-5232631
723,Paul Greengard,Paul Greengard,https://openalex.org/A5052825834,Paul Greengard,W2047815983|US-5242932,W2047815983,US-5242932
729,Alan J. Heeger,Alan Heeger,https://openalex.org/A5087631107,Alan J. Heeger,W1499431398|US-5246627,W1499431398,US-5246627
729,Alan J. Heeger,Alan Heeger,https://openalex.org/A5087631107,Alan J. Heeger,W2118041627|US-5246627,W2118041627,US-5246627
729,Alan J. Heeger,Alan Heeger,https://openalex.org/A5087631107,Alan J. Heeger,W1977674693|US-5246627,W1977674693,US-5246627
411,Roger Guillemin,Roger Guillemin,https://openalex.org/A5061993952,Roger Guillemin,W2040537095|US-5252718,W2040537095,US-5252718
411,Roger Guillemin,Roger Guillemin,https://openalex.org/A5061993952,Roger Guillemin,W2039213845|US-5252718,W2039213845,US-5252718
411,Roger Guillemin,Roger Guillemin,https://openalex.org/A5061993952,Roger Guillemin,W1278683208|US-5252718,W1278683208,US-5252718
411,Roger Guillemin,Roger Guillemin,https://openalex.org/A5061993952,Roger Guillemin,W1973700121|US-5252718,W1973700121,US-5252718
886,Thomas C. Südhof,Thomas C. Südhof,https://openalex.org/A5061921730,Thomas C. Südhof,W2001429874|US-5256545,W2001429874,US-5256545
432,Michael S. Brown,Michael S. Brown,https://openalex.org/A5079762911,Michael S. Brown,W2001429874|US-5256545,W2001429874,US-5256545
433,Joseph L. Goldstein,Joseph L. Goldstein,https://openalex.org/A5058164552,Joseph L. Goldstein,W2001429874|US-5256545,W2001429874,US-5256545
789,Barry J. Marshall,Barry J. Marshall,https://openalex.org/A5058569055,Barry J. Marshall,W2068597500|US-5256684,W2068597500,US-5256684
261,Robert Bruce Merrifield,Bruce Merrifield,https://openalex.org/A5104652915,R. B. Merrifield,W1991395255|US-5258454,W1991395255,US-5258454
412,Andrew V. Schally,Andrew V. Schally,https://openalex.org/A5068739269,Andrew V. Schally,W2064681333|US-5258492,W2064681333,US-5258492
743,K. Barry Sharpless,K. Barry Sharpless,https://openalex.org/A5077401880,K. Barry Sharpless,W2137534575|US-5260461,W2137534575,US-5260461
743,K. Barry Sharpless,K. Barry Sharpless,https://openalex.org/A5077401880,K. Barry Sharpless,W2005160610|US-5260461,W2005160610,US-5260461
743,K. Barry Sharpless,K. Barry Sharpless,https://openalex.org/A5077401880,K. Barry Sharpless,W2163533551|US-5260461,W2163533551,US-5260461
825,Luc Montagnier,Luc Montagnier,https://openalex.org/A5016871448,Luc Montagnier,W2039975091|US-5268265,W2039975091,US-5268265
825,Luc Montagnier,Luc Montagnier,https://openalex.org/A5016871448,Luc Montagnier,W2050489828|US-5268265,W2050489828,US-5268265
825,Luc Montagnier,Luc Montagnier,https://openalex.org/A5016871448,Luc Montagnier,W2008791719|US-5268265,W2008791719,US-5268265
152,Steven Chu,Steven Chu,https://openalex.org/A5001967033,Steven Chu,W4321262099|US-5274231,W4321262099,US-5274231
152,Steven Chu,Steven Chu,https://openalex.org/A5001967033,Steven Chu,W2046436054|US-5274231,W2046436054,US-5274231
152,Steven Chu,Steven Chu,https://openalex.org/A5001967033,Steven Chu,W2077563363|US-5274231,W2077563363,US-5274231
152,Steven Chu,Steven Chu,https://openalex.org/A5001967033,Steven Chu,W1975430715|US-5274232,W1975430715,US-5274232
152,Steven Chu,Steven Chu,https://openalex.org/A5001967033,Steven Chu,W2046436054|US-5274232,W2046436054,US-5274232
907,Hiroshi Amano,Hiroshi Amano,https://openalex.org/A5048399593,Hiroshi Amano,W2121395191|US-5278433,W2121395191,US-5278433
906,Isamu Akasaki,Isamu Akasaki,https://openalex.org/A5081597179,Isamu Akasaki,W2121395191|US-5278433,W2121395191,US-5278433
907,Hiroshi Amano,Hiroshi Amano,https://openalex.org/A5048399593,Hiroshi Amano,W2121395191|US-5281830,W2121395191,US-5281830
906,Isamu Akasaki,Isamu Akasaki,https://openalex.org/A5081597179,Isamu Akasaki,W2121395191|US-5281830,W2121395191,US-5281830
963,Frances H. Arnold,Frances H. Arnold,https://openalex.org/A5043841592,Frances H. Arnold,W2498510911|US-5283339,W2498510911,US-5283339
398,Gerald M. Edelman,Gerald M. Edelman,https://openalex.org/A5111917213,Gerald M. Edelman,W2047420229|US-5283839,W2047420229,US-5283839
280,George A. Olah,George A. Olah,https://openalex.org/A5071446330,George A. Olah,W2012727916|US-5290428,W2012727916,US-5290428
727,Herbert Kroemer,Herbert Kroemer,https://openalex.org/A5055558095,H. Kroemer,W1973583639|US-5298108,W1973583639,US-5298108
286,Richard E. Smalley,Richard E. Smalley,https://openalex.org/A5015746014,R. E. Smalley,W2065424643|US-5300203,W2065424643,US-5300203
756,John B. Fenn,John B. Fenn,https://openalex.org/A5041577693,John B. Fenn,W2016297089|US-5300771,W2016297089,US-5300771
1015,Carolyn R. Bertozzi,Carolyn Bertozzi,https://openalex.org/A5088409133,Carolyn R. Bertozzi,W2041963881|US-5304640,W2041963881,US-5304640
1015,Carolyn R. Bertozzi,Carolyn Bertozzi,https://openalex.org/A5088409133,Carolyn R. Bertozzi,W2050680553|US-5304640,W2050680553,US-5304640
825,Luc Montagnier,Luc Montagnier,https://openalex.org/A5016871448,Luc Montagnier,W2059910556|US-5306614,W2059910556,US-5306614
795,Robert H. Grubbs,Robert H. Grubbs,https://openalex.org/A5078597191,Robert H. Grubbs,W1999748098|US-5312940,W1999748098,US-5312940
795,Robert H. Grubbs,Robert H. Grubbs,https://openalex.org/A5078597191,Robert H. Grubbs,W2027629341|US-5312940,W2027629341,US-5312940
795,Robert H. Grubbs,Robert H. Grubbs,https://openalex.org/A5078597191,Robert H. Grubbs,W2051576227|US-5312940,W2051576227,US-5312940
795,Robert H. Grubbs,Robert H. Grubbs,https://openalex.org/A5078597191,Robert H. Grubbs,W2000411331|US-5312940,W2000411331,US-5312940
278,Kary B. Mullis,Kary B. Mullis,https://openalex.org/A5073738482,Kary B. Mullis,W2032118018|US-5314809,W2032118018,US-5314809
963,Frances H. Arnold,Frances H. Arnold,https://openalex.org/A5043841592,Frances H. Arnold,W2062958450|US-5316935,W2062958450,US-5316935
963,Frances H. Arnold,Frances H. Arnold,https://openalex.org/A5043841592,Frances H. Arnold,W2045680945|US-5316935,W2045680945,US-5316935
1015,Carolyn R. Bertozzi,Carolyn Bertozzi,https://openalex.org/A5088409133,Carolyn R. Bertozzi,W2050680553|US-5318890,W2050680553,US-5318890
743,K. Barry Sharpless,K. Barry Sharpless,https://openalex.org/A5077401880,K. Barry Sharpless,W2019653641|US-5321143,W2019653641,US-5321143
729,Alan J. Heeger,Alan Heeger,https://openalex.org/A5087631107,Alan J. Heeger,W2011292091|US-5331183,W2011292091,US-5331183
958,James P. Allison,James P. Allison,https://openalex.org/A5047117233,James P. Allison,W2344308657|US-5332664,W2344308657,US-5332664
961,Gérard Mourou,Gérard Mourou,https://openalex.org/A5057252770,G. Mourou,W2071000828|US-5332918,W2071000828,US-5332918
795,Robert H. Grubbs,Robert H. Grubbs,https://openalex.org/A5078597191,Robert H. Grubbs,W1999748098|US-5342909,W1999748098,US-5342909
795,Robert H. Grubbs,Robert H. Grubbs,https://openalex.org/A5078597191,Robert H. Grubbs,W2027629341|US-5342909,W2027629341,US-5342909
795,Robert H. Grubbs,Robert H. Grubbs,https://openalex.org/A5078597191,Robert H. Grubbs,W2000411331|US-5342909,W2000411331,US-5342909
795,Robert H. Grubbs,Robert H. Grubbs,https://openalex.org/A5078597191,Robert H. Grubbs,W2051576227|US-5342909,W2051576227,US-5342909
419,Baruj Benacerraf,Baruj Benacerraf,https://openalex.org/A5001497872,Baruj Benacerraf,W2170027940|US-5348878,W2170027940,US-5348878
723,Paul Greengard,Paul Greengard,https://openalex.org/A5052825834,Paul Greengard,W2047815983|US-5348963,W2047815983,US-5348963
795,Robert H. Grubbs,Robert H. Grubbs,https://openalex.org/A5078597191,Robert H. Grubbs,W2064116790|US-5352812,W2064116790,US-5352812
965,Sir Gregory P. Winter,Sir Gregory P. Winter,https://openalex.org/A5113550627,Greg Winter,W2109390566|US-5356773,W2109390566,US-5356773
406,David Baltimore,David Baltimore,https://openalex.org/A5042763205,David Baltimore,W2001481989|US-5358856,W2001481989,US-5358856
911,William E. Moerner,William E. Moerner,https://openalex.org/A5068018832,W. E. Moerner,W1966774696|US-5361148,W1966774696,US-5361148
911,William E. Moerner,William E. Moerner,https://openalex.org/A5068018832,W. E. Moerner,W4321521111|US-5361148,W4321521111,US-5361148
911,William E. Moerner,William E. Moerner,https://openalex.org/A5068018832,W. E. Moerner,W4321518702|US-5361148,W4321518702,US-5361148
911,William E. Moerner,William E. Moerner,https://openalex.org/A5068018832,W. E. Moerner,W2021498223|US-5361148,W2021498223,US-5361148
911,William E. Moerner,William E. Moerner,https://openalex.org/A5068018832,W. E. Moerner,W3000679617|US-5361148,W3000679617,US-5361148
156,Horst L. Störmer,Horst L. Störmer,https://openalex.org/A5111474378,H. L. Störmer,W2077480159|US-5363394,W2077480159,US-5363394
825,Luc Montagnier,Luc Montagnier,https://openalex.org/A5016871448,Luc Montagnier,W2039975091|US-5364933,W2039975091,US-5364933
825,Luc Montagnier,Luc Montagnier,https://openalex.org/A5016871448,Luc Montagnier,W2008791719|US-5364933,W2008791719,US-5364933
917,Satoshi Ōmura,Satoshi Ōmura,https://openalex.org/A5045164227,Satoshi Ōmura,W4251925149|US-5369021,W4251925149,US-5369021
412,Andrew V. Schally,Andrew V. Schally,https://openalex.org/A5068739269,Andrew V. Schally,W2049887725|US-5369094,W2049887725,US-5369094
412,Andrew V. Schally,Andrew V. Schally,https://openalex.org/A5068739269,Andrew V. Schally,W1985755163|US-5369094,W1985755163,US-5369094
986,Michael Houghton,Michael Houghton,https://openalex.org/A5090612228,Michael Houghton,W2151603470|US-5371017,W2151603470,US-5371017
986,Michael Houghton,Michael Houghton,https://openalex.org/A5090612228,Michael Houghton,W30960515|US-5371017,W30960515,US-5371017
986,Michael Houghton,Michael Houghton,https://openalex.org/A5090612228,Michael Houghton,W2161741847|US-5371017,W2161741847,US-5371017
986,Michael Houghton,Michael Houghton,https://openalex.org/A5090612228,Michael Houghton,W2053064416|US-5371017,W2053064416,US-5371017
986,Michael Houghton,Michael Houghton,https://openalex.org/A5090612228,Michael Houghton,W1768550738|US-5371017,W1768550738,US-5371017
986,Michael Houghton,Michael Houghton,https://openalex.org/A5090612228,Michael Houghton,W2163692778|US-5372928,W2163692778,US-5372928
986,Michael Houghton,Michael Houghton,https://openalex.org/A5090612228,Michael Houghton,W2156709593|US-5372928,W2156709593,US-5372928
824,Françoise Barré-Sinoussi,Françoise Barré-Sinoussi,https://openalex.org/A5107827488,Françoise Barré‐Sinoussi,W44467027|US-5374519,W44467027,US-5374519
825,Luc Montagnier,Luc Montagnier,https://openalex.org/A5016871448,Luc Montagnier,W44467027|US-5374519,W44467027,US-5374519
278,Kary B. Mullis,Kary B. Mullis,https://openalex.org/A5073738482,Kary B. Mullis,W2032118018|US-5374553,W2032118018,US-5374553
922,Paul Modrich,Paul Modrich,https://openalex.org/A5060041272,Paul Modrich,W2052404277|US-5376526,W2052404277,US-5376526
886,Thomas C. Südhof,Thomas C. Südhof,https://openalex.org/A5061921730,Thomas C. Südhof,W2001429874|US-5378603,W2001429874,US-5378603
432,Michael S. Brown,Michael S. Brown,https://openalex.org/A5079762911,Michael S. Brown,W2001429874|US-5378603,W2001429874,US-5378603
433,Joseph L. Goldstein,Joseph L. Goldstein,https://openalex.org/A5058164552,Joseph L. Goldstein,W2001429874|US-5378603,W2001429874,US-5378603
986,Michael Houghton,Michael Houghton,https://openalex.org/A5090612228,Michael Houghton,W2006309458|US-5378814,W2006309458,US-5378814
986,Michael Houghton,Michael Houghton,https://openalex.org/A5090612228,Michael Houghton,W2035991334|US-5378814,W2035991334,US-5378814
986,Michael Houghton,Michael Houghton,https://openalex.org/A5090612228,Michael Houghton,W2627025017|US-5378814,W2627025017,US-5378814
986,Michael Houghton,Michael Houghton,https://openalex.org/A5090612228,Michael Houghton,W2166199750|US-5378814,W2166199750,US-5378814
823,Harald zur Hausen,Harald zur Hausen,https://openalex.org/A5076220155,Harald zur Hausen,W1978322849|US-5382509,W1978322849,US-5382509
779,Aaron Ciechanover,Aaron Ciechanover,https://openalex.org/A5087180436,Aaron Ciechanover,W1483765771|US-5384255,W1483765771,US-5384255
723,Paul Greengard,Paul Greengard,https://openalex.org/A5052825834,Paul Greengard,W1979240613|US-5385915,W1979240613,US-5385915
723,Paul Greengard,Paul Greengard,https://openalex.org/A5052825834,Paul Greengard,W1984488941|US-5385915,W1984488941,US-5385915
723,Paul Greengard,Paul Greengard,https://openalex.org/A5052825834,Paul Greengard,W2009581564|US-5385915,W2009581564,US-5385915
723,Paul Greengard,Paul Greengard,https://openalex.org/A5052825834,Paul Greengard,W2018733967|US-5385915,W2018733967,US-5385915
278,Kary B. Mullis,Kary B. Mullis,https://openalex.org/A5073738482,Kary B. Mullis,W1950941757|US-5386022,W1950941757,US-5386022
986,Michael Houghton,Michael Houghton,https://openalex.org/A5090612228,Michael Houghton,W2035991334|US-5389528,W2035991334,US-5389528
986,Michael Houghton,Michael Houghton,https://openalex.org/A5090612228,Michael Houghton,W2006309458|US-5389528,W2006309458,US-5389528
986,Michael Houghton,Michael Houghton,https://openalex.org/A5090612228,Michael Houghton,W2166199750|US-5389528,W2166199750,US-5389528
986,Michael Houghton,Michael Houghton,https://openalex.org/A5090612228,Michael Houghton,W2627025017|US-5389528,W2627025017,US-5389528
909,Eric Betzig,Eric Betzig,https://openalex.org/A5048568518,Eric Betzig,W2260939984|US-5389779,W2260939984,US-5389779
890,Michael Levitt,Michael Levitt,https://openalex.org/A5019080704,Michael Levitt,W102580883|US-5397705,W102580883,US-5397705
795,Robert H. Grubbs,Robert H. Grubbs,https://openalex.org/A5078597191,Robert H. Grubbs,W2064116790|US-5403802,W2064116790,US-5403802
1024,Katalin Karikó,Katalin Karikó,https://openalex.org/A5030598859,Katalin Karikó,W2009569049|US-5405939,W2009569049,US-5405939
825,Luc Montagnier,Luc Montagnier,https://openalex.org/A5016871448,Luc Montagnier,W2049296686|US-5407811,W2049296686,US-5407811
825,Luc Montagnier,Luc Montagnier,https://openalex.org/A5016871448,Luc Montagnier,W2027203648|US-5407811,W2027203648,US-5407811
438,Gertrude B. Elion,Gertrude B. Elion,https://openalex.org/A5012121429,Gertrude B. Elion,W1558897349|US-5407925,W1558897349,US-5407925
729,Alan J. Heeger,Alan Heeger,https://openalex.org/A5087631107,Alan J. Heeger,W2057731465|US-5408109,W2057731465,US-5408109
729,Alan J. Heeger,Alan Heeger,https://openalex.org/A5087631107,Alan J. Heeger,W2063709465|US-5408109,W2063709465,US-5408109
727,Herbert Kroemer,Herbert Kroemer,https://openalex.org/A5055558095,H. Kroemer,W2063709465|US-5408109,W2063709465,US-5408109
959,Tasuku Honjo,Tasuku Honjo,https://openalex.org/A5019039647,Tasuku Honjo,W1999515470|US-5416201,W1999515470,US-5416201
813,Oliver Smithies,Oliver Smithies,https://openalex.org/A5070335657,Oliver Smithies,W1636819358|US-5416260,W1636819358,US-5416260
729,Alan J. Heeger,Alan Heeger,https://openalex.org/A5087631107,Alan J. Heeger,W2066783506|US-5418047,W2066783506,US-5418047
729,Alan J. Heeger,Alan Heeger,https://openalex.org/A5087631107,Alan J. Heeger,W1499431398|US-5418047,W1499431398,US-5418047
433,Joseph L. Goldstein,Joseph L. Goldstein,https://openalex.org/A5058164552,Joseph L. Goldstein,W1557478309|US-5420245,W1557478309,US-5420245
432,Michael S. Brown,Michael S. Brown,https://openalex.org/A5079762911,Michael S. Brown,W1557478309|US-5420245,W1557478309,US-5420245
432,Michael S. Brown,Michael S. Brown,https://openalex.org/A5079762911,Michael S. Brown,W2056942156|US-5420245,W2056942156,US-5420245
433,Joseph L. Goldstein,Joseph L. Goldstein,https://openalex.org/A5058164552,Joseph L. Goldstein,W2056942156|US-5420245,W2056942156,US-5420245
431,César Milstein,César Milstein,https://openalex.org/A5108412595,César Milstein,W2078448818|US-5426037,W2078448818,US-5426037
729,Alan J. Heeger,Alan Heeger,https://openalex.org/A5087631107,Alan J. Heeger,W1499431398|US-5427855,W1499431398,US-5427855
729,Alan J. Heeger,Alan Heeger,https://openalex.org/A5087631107,Alan J. Heeger,W2118041627|US-5427855,W2118041627,US-5427855
729,Alan J. Heeger,Alan Heeger,https://openalex.org/A5087631107,Alan J. Heeger,W1977674693|US-5427855,W1977674693,US-5427855
932,Sir J. Fraser Stoddart,Sir J. Fraser Stoddart,https://openalex.org/A5027688873,J. Fraser Stoddart,W4249291394|US-5438133,W4249291394,US-5438133
861,Bruce A. Beutler,Bruce A. Beutler,https://openalex.org/A5059140393,Bruce Beutler,W2155951093|US-5447851,W2155951093,US-5447851
729,Alan J. Heeger,Alan Heeger,https://openalex.org/A5087631107,Alan J. Heeger,W2011292091|US-5454880,W2011292091,US-5454880
426,Bengt I. Samuelsson,Bengt I. Samuelsson,https://openalex.org/A5112759205,Bengt Samuelsson,W4253359995|US-5455271,W4253359995,US-5455271
426,Bengt I. Samuelsson,Bengt I. Samuelsson,https://openalex.org/A5112759205,Bengt Samuelsson,W2290770260|US-5455271,W2290770260,US-5455271
426,Bengt I. Samuelsson,Bengt I. Samuelsson,https://openalex.org/A5112759205,Bengt Samuelsson,W2160774153|US-5455271,W2160774153,US-5455271
922,Paul Modrich,Paul Modrich,https://openalex.org/A5060041272,Paul Modrich,W1593576309|US-5459039,W1593576309,US-5459039
911,William E. Moerner,William E. Moerner,https://openalex.org/A5068018832,W. E. Moerner,W3195002520|US-5460907,W3195002520,US-5460907
911,William E. Moerner,William E. Moerner,https://openalex.org/A5068018832,W. E. Moerner,W4321265799|US-5460907,W4321265799,US-5460907
911,William E. Moerner,William E. Moerner,https://openalex.org/A5068018832,W. E. Moerner,W4321521111|US-5460907,W4321521111,US-5460907
911,William E. Moerner,William E. Moerner,https://openalex.org/A5068018832,W. E. Moerner,W4321518991|US-5460907,W4321518991,US-5460907
911,William E. Moerner,William E. Moerner,https://openalex.org/A5068018832,W. E. Moerner,W2462352837|US-5460907,W2462352837,US-5460907
911,William E. Moerner,William E. Moerner,https://openalex.org/A5068018832,W. E. Moerner,W1972976671|US-5460907,W1972976671,US-5460907
411,Roger Guillemin,Roger Guillemin,https://openalex.org/A5061993952,Roger Guillemin,W1278683208|US-5464774,W1278683208,US-5464774
411,Roger Guillemin,Roger Guillemin,https://openalex.org/A5061993952,Roger Guillemin,W1997135548|US-5464774,W1997135548,US-5464774
278,Kary B. Mullis,Kary B. Mullis,https://openalex.org/A5073738482,Kary B. Mullis,W2032118018|US-5466591,W2032118018,US-5466591
278,Kary B. Mullis,Kary B. Mullis,https://openalex.org/A5073738482,Kary B. Mullis,W1997521650|US-5468613,W1997521650,US-5468613
729,Alan J. Heeger,Alan Heeger,https://openalex.org/A5087631107,Alan J. Heeger,W2012451621|US-5470505,W2012451621,US-5470505
729,Alan J. Heeger,Alan Heeger,https://openalex.org/A5087631107,Alan J. Heeger,W2055530262|US-5470505,W2055530262,US-5470505
729,Alan J. Heeger,Alan Heeger,https://openalex.org/A5087631107,Alan J. Heeger,W2001922952|US-5470505,W2001922952,US-5470505
825,Luc Montagnier,Luc Montagnier,https://openalex.org/A5016871448,Luc Montagnier,W2049296686|US-5470702,W2049296686,US-5470702
825,Luc Montagnier,Luc Montagnier,https://openalex.org/A5016871448,Luc Montagnier,W2027203648|US-5470702,W2027203648,US-5470702
751,H. Robert Horvitz,H. Robert Horvitz,https://openalex.org/A5075093223,H. Robert Horvitz,W1869508445|US-5472871,W1869508445,US-5472871
802,Andrew Z. Fire,Andrew Z. Fire,https://openalex.org/A5057231025,Andrew Fire,W2139185517|US-5472871,W2139185517,US-5472871
909,Eric Betzig,Eric Betzig,https://openalex.org/A5048568518,Eric Betzig,W2088635523|US-5473157,W2088635523,US-5473157
406,David Baltimore,David Baltimore,https://openalex.org/A5042763205,David Baltimore,W2164488715|US-5478746,W2164488715,US-5478746
261,Robert Bruce Merrifield,Bruce Merrifield,https://openalex.org/A5104652915,R. B. Merrifield,W1990954082|US-5480867,W1990954082,US-5480867
261,Robert Bruce Merrifield,Bruce Merrifield,https://openalex.org/A5104652915,R. B. Merrifield,W2079922794|US-5480867,W2079922794,US-5480867
252,Herbert C. Brown,Herbert C. Brown,https://openalex.org/A5113728728,Herbert C. Brown,W2949709385|US-5481038,W2949709385,US-5481038
252,Herbert C. Brown,Herbert C. Brown,https://openalex.org/A5113728728,Herbert C. Brown,W2951193642|US-5481038,W2951193642,US-5481038
878,Robert J. Lefkowitz,Robert J. Lefkowitz,https://openalex.org/A5080672788,Robert J. Lefkowitz,W1966960186|US-5482835,W1966960186,US-5482835
1015,Carolyn R. Bertozzi,Carolyn Bertozzi,https://openalex.org/A5088409133,Carolyn R. Bertozzi,W2050680553|US-5484891,W2050680553,US-5484891
1015,Carolyn R. Bertozzi,Carolyn Bertozzi,https://openalex.org/A5088409133,Carolyn R. Bertozzi,W2436218925|US-5489578,W2436218925,US-5489578
1015,Carolyn R. Bertozzi,Carolyn Bertozzi,https://openalex.org/A5088409133,Carolyn R. Bertozzi,W2026314277|US-5489578,W2026314277,US-5489578
1015,Carolyn R. Bertozzi,Carolyn Bertozzi,https://openalex.org/A5088409133,Carolyn R. Bertozzi,W2077721334|US-5489578,W2077721334,US-5489578
830,Martin Chalfie,Martin Chalfie,https://openalex.org/A5074638214,Martin Chalfie,W2032579724|US-5491084,W2032579724,US-5491084
830,Martin Chalfie,Martin Chalfie,https://openalex.org/A5074638214,Martin Chalfie,W4236962085|US-5491084,W4236962085,US-5491084
1050,John Clarke,John Clarke,https://openalex.org/A5010797318,John Clarke,W2047937664|US-5491411,W2047937664,US-5491411
433,Joseph L. Goldstein,Joseph L. Goldstein,https://openalex.org/A5058164552,Joseph L. Goldstein,W1590066614|US-5498696,W1590066614,US-5498696
433,Joseph L. Goldstein,Joseph L. Goldstein,https://openalex.org/A5058164552,Joseph L. Goldstein,W2009616432|US-5498696,W2009616432,US-5498696
433,Joseph L. Goldstein,Joseph L. Goldstein,https://openalex.org/A5058164552,Joseph L. Goldstein,W2040641918|US-5498696,W2040641918,US-5498696
432,Michael S. Brown,Michael S. Brown,https://openalex.org/A5079762911,Michael S. Brown,W2040641918|US-5498696,W2040641918,US-5498696
252,Herbert C. Brown,Herbert C. Brown,https://openalex.org/A5113728728,Herbert C. Brown,W2032562238|US-5504240,W2032562238,US-5504240
729,Alan J. Heeger,Alan Heeger,https://openalex.org/A5087631107,Alan J. Heeger,W2033384025|US-5504323,W2033384025,US-5504323
241,Christian B. Anfinsen,Christian Anfinsen,https://openalex.org/A5111464295,Christian B. Anfinsen,W2038291362|US-5516642,W2038291362,US-5516642
743,K. Barry Sharpless,K. Barry Sharpless,https://openalex.org/A5077401880,K. Barry Sharpless,W2137534575|US-5516929,W2137534575,US-5516929
743,K. Barry Sharpless,K. Barry Sharpless,https://openalex.org/A5077401880,K. Barry Sharpless,W2163533551|US-5516929,W2163533551,US-5516929
743,K. Barry Sharpless,K. Barry Sharpless,https://openalex.org/A5077401880,K. Barry Sharpless,W2949709099|US-5516929,W2949709099,US-5516929
438,Gertrude B. Elion,Gertrude B. Elion,https://openalex.org/A5012121429,Gertrude B. Elion,W2074105722|US-5523084,W2074105722,US-5523084
433,Joseph L. Goldstein,Joseph L. Goldstein,https://openalex.org/A5058164552,Joseph L. Goldstein,W2040641918|US-5527690,W2040641918,US-5527690
432,Michael S. Brown,Michael S. Brown,https://openalex.org/A5079762911,Michael S. Brown,W2040641918|US-5527690,W2040641918,US-5527690
764,Paul C. Lauterbur,Paul C. Lauterbur,https://openalex.org/A5077010419,Paul C. Lauterbur,W2015319660|US-5532006,W2015319660,US-5532006
433,Joseph L. Goldstein,Joseph L. Goldstein,https://openalex.org/A5058164552,Joseph L. Goldstein,W2037480365|US-5532359,W2037480365,US-5532359
432,Michael S. Brown,Michael S. Brown,https://openalex.org/A5079762911,Michael S. Brown,W2037480365|US-5532359,W2037480365,US-5532359
433,Joseph L. Goldstein,Joseph L. Goldstein,https://openalex.org/A5058164552,Joseph L. Goldstein,W2075586004|US-5532359,W2075586004,US-5532359
432,Michael S. Brown,Michael S. Brown,https://openalex.org/A5079762911,Michael S. Brown,W2075586004|US-5532359,W2075586004,US-5532359
723,Paul Greengard,Paul Greengard,https://openalex.org/A5052825834,Paul Greengard,W2009581564|US-5538983,W2009581564,US-5538983
723,Paul Greengard,Paul Greengard,https://openalex.org/A5052825834,Paul Greengard,W1979240613|US-5538983,W1979240613,US-5538983
723,Paul Greengard,Paul Greengard,https://openalex.org/A5052825834,Paul Greengard,W2007158999|US-5538983,W2007158999,US-5538983
723,Paul Greengard,Paul Greengard,https://openalex.org/A5052825834,Paul Greengard,W2045211176|US-5538983,W2045211176,US-5538983
729,Alan J. Heeger,Alan Heeger,https://openalex.org/A5087631107,Alan J. Heeger,W2055530262|US-5540862,W2055530262,US-5540862
961,Gérard Mourou,Gérard Mourou,https://openalex.org/A5057252770,G. Mourou,W2126138815|US-5541947,W2126138815,US-5541947
252,Herbert C. Brown,Herbert C. Brown,https://openalex.org/A5113728728,Herbert C. Brown,W2065702641|US-5543569,W2065702641,US-5543569
825,Luc Montagnier,Luc Montagnier,https://openalex.org/A5016871448,Luc Montagnier,W2035318369|US-5545520,W2035318369,US-5545520
825,Luc Montagnier,Luc Montagnier,https://openalex.org/A5016871448,Luc Montagnier,W2062227071|US-5545520,W2062227071,US-5545520
825,Luc Montagnier,Luc Montagnier,https://openalex.org/A5016871448,Luc Montagnier,W2023404760|US-5545520,W2023404760,US-5545520
823,Harald zur Hausen,Harald zur Hausen,https://openalex.org/A5076220155,Harald zur Hausen,W1872557913|US-5547846,W1872557913,US-5547846
412,Andrew V. Schally,Andrew V. Schally,https://openalex.org/A5068739269,Andrew V. Schally,W2090657739|US-5550212,W2090657739,US-5550212
831,Roger Y. Tsien,Roger Y. Tsien,https://openalex.org/A5109193097,Roger Y. Tsien,W2021840869|US-5552555,W2021840869,US-5552555
831,Roger Y. Tsien,Roger Y. Tsien,https://openalex.org/A5109193097,Roger Y. Tsien,W2953251297|US-5552555,W2953251297,US-5552555
831,Roger Y. Tsien,Roger Y. Tsien,https://openalex.org/A5109193097,Roger Y. Tsien,W2012539867|US-5552555,W2012539867,US-5552555
962,Donna Strickland,Donna Strickland,https://openalex.org/A5019063503,D. Strickland,W2034978251|US-5554220,W2034978251,US-5554220
408,Howard Martin Temin,Howard M. Temin,https://openalex.org/A5111998828,Howard M. Temin,W1962739493|US-5554524,W1962739493,US-5554524
408,Howard Martin Temin,Howard M. Temin,https://openalex.org/A5111998828,Howard M. Temin,W1544399437|US-5554524,W1544399437,US-5554524
408,Howard Martin Temin,Howard M. Temin,https://openalex.org/A5111998828,Howard M. Temin,W2020450635|US-5554524,W2020450635,US-5554524
408,Howard Martin Temin,Howard M. Temin,https://openalex.org/A5111998828,Howard M. Temin,W1518023495|US-5554524,W1518023495,US-5554524
879,Brian K. Kobilka,Brian Kobilka,https://openalex.org/A5079682203,Brian K. Kobilka,W2095364526|US-5556780,W2095364526,US-5556780
729,Alan J. Heeger,Alan Heeger,https://openalex.org/A5087631107,Alan J. Heeger,W2086984994|US-5563424,W2086984994,US-5563424
729,Alan J. Heeger,Alan Heeger,https://openalex.org/A5087631107,Alan J. Heeger,W2038722182|US-5563424,W2038722182,US-5563424
457,Stanley B. Prusiner,Stanley B. Prusiner,https://openalex.org/A5066991343,Stanley B. Prusiner,W2765241621|US-5565186,W2765241621,US-5565186
457,Stanley B. Prusiner,Stanley B. Prusiner,https://openalex.org/A5066991343,Stanley B. Prusiner,W2049906745|US-5565186,W2049906745,US-5565186
457,Stanley B. Prusiner,Stanley B. Prusiner,https://openalex.org/A5066991343,Stanley B. Prusiner,W1983750916|US-5565186,W1983750916,US-5565186
457,Stanley B. Prusiner,Stanley B. Prusiner,https://openalex.org/A5066991343,Stanley B. Prusiner,W951074575|US-5565186,W951074575,US-5565186
457,Stanley B. Prusiner,Stanley B. Prusiner,https://openalex.org/A5066991343,Stanley B. Prusiner,W5365345|US-5565186,W5365345,US-5565186
457,Stanley B. Prusiner,Stanley B. Prusiner,https://openalex.org/A5066991343,Stanley B. Prusiner,W2072244190|US-5565186,W2072244190,US-5565186
457,Stanley B. Prusiner,Stanley B. Prusiner,https://openalex.org/A5066991343,Stanley B. Prusiner,W2019748604|US-5565186,W2019748604,US-5565186
457,Stanley B. Prusiner,Stanley B. Prusiner,https://openalex.org/A5066991343,Stanley B. Prusiner,W2060227896|US-5565186,W2060227896,US-5565186
457,Stanley B. Prusiner,Stanley B. Prusiner,https://openalex.org/A5066991343,Stanley B. Prusiner,W2021776289|US-5565186,W2021776289,US-5565186
457,Stanley B. Prusiner,Stanley B. Prusiner,https://openalex.org/A5066991343,Stanley B. Prusiner,W2049627175|US-5565186,W2049627175,US-5565186
457,Stanley B. Prusiner,Stanley B. Prusiner,https://openalex.org/A5066991343,Stanley B. Prusiner,W2022614447|US-5565186,W2022614447,US-5565186
457,Stanley B. Prusiner,Stanley B. Prusiner,https://openalex.org/A5066991343,Stanley B. Prusiner,W2030709944|US-5565186,W2030709944,US-5565186
457,Stanley B. Prusiner,Stanley B. Prusiner,https://openalex.org/A5066991343,Stanley B. Prusiner,W2061688435|US-5565186,W2061688435,US-5565186
457,Stanley B. Prusiner,Stanley B. Prusiner,https://openalex.org/A5066991343,Stanley B. Prusiner,W2977978275|US-5565186,W2977978275,US-5565186
457,Stanley B. Prusiner,Stanley B. Prusiner,https://openalex.org/A5066991343,Stanley B. Prusiner,W2324660492|US-5565186,W2324660492,US-5565186
457,Stanley B. Prusiner,Stanley B. Prusiner,https://openalex.org/A5066991343,Stanley B. Prusiner,W2077118428|US-5565186,W2077118428,US-5565186
457,Stanley B. Prusiner,Stanley B. Prusiner,https://openalex.org/A5066991343,Stanley B. Prusiner,W2021505439|US-5565186,W2021505439,US-5565186
457,Stanley B. Prusiner,Stanley B. Prusiner,https://openalex.org/A5066991343,Stanley B. Prusiner,W2123705849|US-5565186,W2123705849,US-5565186
457,Stanley B. Prusiner,Stanley B. Prusiner,https://openalex.org/A5066991343,Stanley B. Prusiner,W2121611717|US-5565186,W2121611717,US-5565186
457,Stanley B. Prusiner,Stanley B. Prusiner,https://openalex.org/A5066991343,Stanley B. Prusiner,W1533604120|US-5565186,W1533604120,US-5565186
457,Stanley B. Prusiner,Stanley B. Prusiner,https://openalex.org/A5066991343,Stanley B. Prusiner,W2125804459|US-5565186,W2125804459,US-5565186
457,Stanley B. Prusiner,Stanley B. Prusiner,https://openalex.org/A5066991343,Stanley B. Prusiner,W2167564565|US-5565186,W2167564565,US-5565186
457,Stanley B. Prusiner,Stanley B. Prusiner,https://openalex.org/A5066991343,Stanley B. Prusiner,W1834826994|US-5565186,W1834826994,US-5565186
457,Stanley B. Prusiner,Stanley B. Prusiner,https://openalex.org/A5066991343,Stanley B. Prusiner,W2076693005|US-5565186,W2076693005,US-5565186
457,Stanley B. Prusiner,Stanley B. Prusiner,https://openalex.org/A5066991343,Stanley B. Prusiner,W2416807128|US-5565186,W2416807128,US-5565186
457,Stanley B. Prusiner,Stanley B. Prusiner,https://openalex.org/A5066991343,Stanley B. Prusiner,W2130110018|US-5565186,W2130110018,US-5565186
457,Stanley B. Prusiner,Stanley B. Prusiner,https://openalex.org/A5066991343,Stanley B. Prusiner,W2461531905|US-5565186,W2461531905,US-5565186
457,Stanley B. Prusiner,Stanley B. Prusiner,https://openalex.org/A5066991343,Stanley B. Prusiner,W2282292093|US-5565186,W2282292093,US-5565186
457,Stanley B. Prusiner,Stanley B. Prusiner,https://openalex.org/A5066991343,Stanley B. Prusiner,W7491304|US-5565186,W7491304,US-5565186
457,Stanley B. Prusiner,Stanley B. Prusiner,https://openalex.org/A5066991343,Stanley B. Prusiner,W2132770231|US-5565186,W2132770231,US-5565186
457,Stanley B. Prusiner,Stanley B. Prusiner,https://openalex.org/A5066991343,Stanley B. Prusiner,W23615671|US-5565186,W23615671,US-5565186
457,Stanley B. Prusiner,Stanley B. Prusiner,https://openalex.org/A5066991343,Stanley B. Prusiner,W2050036217|US-5565186,W2050036217,US-5565186
457,Stanley B. Prusiner,Stanley B. Prusiner,https://openalex.org/A5066991343,Stanley B. Prusiner,W1973082063|US-5565186,W1973082063,US-5565186
457,Stanley B. Prusiner,Stanley B. Prusiner,https://openalex.org/A5066991343,Stanley B. Prusiner,W2147966233|US-5565186,W2147966233,US-5565186
457,Stanley B. Prusiner,Stanley B. Prusiner,https://openalex.org/A5066991343,Stanley B. Prusiner,W2091999218|US-5565186,W2091999218,US-5565186
457,Stanley B. Prusiner,Stanley B. Prusiner,https://openalex.org/A5066991343,Stanley B. Prusiner,W588677831|US-5565186,W588677831,US-5565186
457,Stanley B. Prusiner,Stanley B. Prusiner,https://openalex.org/A5066991343,Stanley B. Prusiner,W1970744154|US-5565186,W1970744154,US-5565186
457,Stanley B. Prusiner,Stanley B. Prusiner,https://openalex.org/A5066991343,Stanley B. Prusiner,W18452039|US-5565186,W18452039,US-5565186
457,Stanley B. Prusiner,Stanley B. Prusiner,https://openalex.org/A5066991343,Stanley B. Prusiner,W2127224817|US-5565186,W2127224817,US-5565186
457,Stanley B. Prusiner,Stanley B. Prusiner,https://openalex.org/A5066991343,Stanley B. Prusiner,W2112935003|US-5565186,W2112935003,US-5565186
827,Makoto Kobayashi,Makoto Kobayashi,https://openalex.org/A5013806545,Makoto Kobayashi,W2091405500|US-5565391,W2091405500,US-5565391
729,Alan J. Heeger,Alan Heeger,https://openalex.org/A5087631107,Alan J. Heeger,W2018487567|US-5569708,W2018487567,US-5569708
750,Sydney Brenner,Sydney Brenner,https://openalex.org/A5111910776,Sydney Brenner,W2017423606|US-5573905,W2017423606,US-5573905
750,Sydney Brenner,Sydney Brenner,https://openalex.org/A5111910776,Sydney Brenner,W2089949578|US-5573905,W2089949578,US-5573905
878,Robert J. Lefkowitz,Robert J. Lefkowitz,https://openalex.org/A5080672788,Robert J. Lefkowitz,W1527877656|US-5573908,W1527877656,US-5573908
878,Robert J. Lefkowitz,Robert J. Lefkowitz,https://openalex.org/A5080672788,Robert J. Lefkowitz,W1794062514|US-5573908,W1794062514,US-5573908
831,Roger Y. Tsien,Roger Y. Tsien,https://openalex.org/A5109193097,Roger Y. Tsien,W3036299741|US-5576433,W3036299741,US-5576433
241,Christian B. Anfinsen,Christian Anfinsen,https://openalex.org/A5111464295,Christian B. Anfinsen,W1601289231|US-5578479,W1601289231,US-5578479
241,Christian B. Anfinsen,Christian Anfinsen,https://openalex.org/A5111464295,Christian B. Anfinsen,W1493504602|US-5578479,W1493504602,US-5578479
241,Christian B. Anfinsen,Christian Anfinsen,https://openalex.org/A5111464295,Christian B. Anfinsen,W1546729302|US-5578479,W1546729302,US-5578479
825,Luc Montagnier,Luc Montagnier,https://openalex.org/A5016871448,Luc Montagnier,W2050489828|US-5580739,W2050489828,US-5580739
825,Luc Montagnier,Luc Montagnier,https://openalex.org/A5016871448,Luc Montagnier,W2059910556|US-5580739,W2059910556,US-5580739
1015,Carolyn R. Bertozzi,Carolyn Bertozzi,https://openalex.org/A5088409133,Carolyn R. Bertozzi,W2436218925|US-5580862,W2436218925,US-5580862
436,Susumu Tonegawa,Susumu Tonegawa,https://openalex.org/A5038557565,Susumu Tonegawa,W2016945436|US-5580961,W2016945436,US-5580961
836,Carol W. Greider,Carol W. Greider,https://openalex.org/A5041730448,Carol W. Greider,W2026856852|US-5583016,W2026856852,US-5583016
729,Alan J. Heeger,Alan Heeger,https://openalex.org/A5087631107,Alan J. Heeger,W2153181758|US-5585040,W2153181758,US-5585040
986,Michael Houghton,Michael Houghton,https://openalex.org/A5090612228,Michael Houghton,W30960515|US-5585258,W30960515,US-5585258
986,Michael Houghton,Michael Houghton,https://openalex.org/A5090612228,Michael Houghton,W2053064416|US-5585258,W2053064416,US-5585258
986,Michael Houghton,Michael Houghton,https://openalex.org/A5090612228,Michael Houghton,W2161741847|US-5585258,W2161741847,US-5585258
986,Michael Houghton,Michael Houghton,https://openalex.org/A5090612228,Michael Houghton,W1768550738|US-5585258,W1768550738,US-5585258
261,Robert Bruce Merrifield,Bruce Merrifield,https://openalex.org/A5104652915,R. B. Merrifield,W1988884953|US-5585353,W1988884953,US-5585353
261,Robert Bruce Merrifield,Bruce Merrifield,https://openalex.org/A5104652915,R. B. Merrifield,W2018984543|US-5585353,W2018984543,US-5585353
729,Alan J. Heeger,Alan Heeger,https://openalex.org/A5087631107,Alan J. Heeger,W1997585364|US-5589565,W1997585364,US-5589565
274,Thomas R. Cech,Thomas R. Cech,https://openalex.org/A5017573996,Thomas R. Cech,W2154989771|US-5591610,W2154989771,US-5591610
274,Thomas R. Cech,Thomas R. Cech,https://openalex.org/A5017573996,Thomas R. Cech,W2060510537|US-5591610,W2060510537,US-5591610
274,Thomas R. Cech,Thomas R. Cech,https://openalex.org/A5017573996,Thomas R. Cech,W2022449135|US-5591610,W2022449135,US-5591610
274,Thomas R. Cech,Thomas R. Cech,https://openalex.org/A5017573996,Thomas R. Cech,W1968282235|US-5591610,W1968282235,US-5591610
922,Paul Modrich,Paul Modrich,https://openalex.org/A5060041272,Paul Modrich,W2154181923|US-5591826,W2154181923,US-5591826
922,Paul Modrich,Paul Modrich,https://openalex.org/A5060041272,Paul Modrich,W2129066173|US-5591826,W2129066173,US-5591826
278,Kary B. Mullis,Kary B. Mullis,https://openalex.org/A5073738482,Kary B. Mullis,W1950941757|US-5594123,W1950941757,US-5594123
986,Michael Houghton,Michael Houghton,https://openalex.org/A5090612228,Michael Houghton,W2161741847|US-5597691,W2161741847,US-5597691
986,Michael Houghton,Michael Houghton,https://openalex.org/A5090612228,Michael Houghton,W2151603470|US-5597691,W2151603470,US-5597691
986,Michael Houghton,Michael Houghton,https://openalex.org/A5090612228,Michael Houghton,W1768550738|US-5597691,W1768550738,US-5597691
986,Michael Houghton,Michael Houghton,https://openalex.org/A5090612228,Michael Houghton,W2053064416|US-5597691,W2053064416,US-5597691
986,Michael Houghton,Michael Houghton,https://openalex.org/A5090612228,Michael Houghton,W30960515|US-5597691,W30960515,US-5597691
825,Luc Montagnier,Luc Montagnier,https://openalex.org/A5016871448,Luc Montagnier,W2039975091|US-5597896,W2039975091,US-5597896
825,Luc Montagnier,Luc Montagnier,https://openalex.org/A5016871448,Luc Montagnier,W2008791719|US-5597896,W2008791719,US-5597896
406,David Baltimore,David Baltimore,https://openalex.org/A5042763205,David Baltimore,W2421037982|US-5597898,W2421037982,US-5597898
280,George A. Olah,George A. Olah,https://openalex.org/A5071446330,George A. Olah,W2156781942|US-5599638,W2156781942,US-5599638
831,Roger Y. Tsien,Roger Y. Tsien,https://openalex.org/A5109193097,Roger Y. Tsien,W2953251297|US-5602258,W2953251297,US-5602258
831,Roger Y. Tsien,Roger Y. Tsien,https://openalex.org/A5109193097,Roger Y. Tsien,W2021840869|US-5602258,W2021840869,US-5602258
831,Roger Y. Tsien,Roger Y. Tsien,https://openalex.org/A5109193097,Roger Y. Tsien,W2012539867|US-5602258,W2012539867,US-5602258
278,Kary B. Mullis,Kary B. Mullis,https://openalex.org/A5073738482,Kary B. Mullis,W1997521650|US-5604099,W1997521650,US-5604099
911,William E. Moerner,William E. Moerner,https://openalex.org/A5068018832,W. E. Moerner,W2462352837|US-5607799,W2462352837,US-5607799
824,Françoise Barré-Sinoussi,Françoise Barré-Sinoussi,https://openalex.org/A5107827488,Françoise Barré‐Sinoussi,W2035553258|US-5610035,W2035553258,US-5610035
825,Luc Montagnier,Luc Montagnier,https://openalex.org/A5016871448,Luc Montagnier,W2035553258|US-5610035,W2035553258,US-5610035
825,Luc Montagnier,Luc Montagnier,https://openalex.org/A5016871448,Luc Montagnier,W2046000758|US-5610035,W2046000758,US-5610035
824,Françoise Barré-Sinoussi,Françoise Barré-Sinoussi,https://openalex.org/A5107827488,Françoise Barré‐Sinoussi,W2046000758|US-5610035,W2046000758,US-5610035
824,Françoise Barré-Sinoussi,Françoise Barré-Sinoussi,https://openalex.org/A5107827488,Françoise Barré‐Sinoussi,W44467027|US-5610035,W44467027,US-5610035
825,Luc Montagnier,Luc Montagnier,https://openalex.org/A5016871448,Luc Montagnier,W44467027|US-5610035,W44467027,US-5610035
824,Françoise Barré-Sinoussi,Françoise Barré-Sinoussi,https://openalex.org/A5107827488,Françoise Barré‐Sinoussi,W2090079821|US-5610035,W2090079821,US-5610035
825,Luc Montagnier,Luc Montagnier,https://openalex.org/A5016871448,Luc Montagnier,W2090079821|US-5610035,W2090079821,US-5610035
825,Luc Montagnier,Luc Montagnier,https://openalex.org/A5016871448,Luc Montagnier,W1606128184|US-5610035,W1606128184,US-5610035
825,Luc Montagnier,Luc Montagnier,https://openalex.org/A5016871448,Luc Montagnier,W2049296686|US-5610035,W2049296686,US-5610035
825,Luc Montagnier,Luc Montagnier,https://openalex.org/A5016871448,Luc Montagnier,W58215616|US-5610035,W58215616,US-5610035
824,Françoise Barré-Sinoussi,Françoise Barré-Sinoussi,https://openalex.org/A5107827488,Françoise Barré‐Sinoussi,W58215616|US-5610035,W58215616,US-5610035
824,Françoise Barré-Sinoussi,Françoise Barré-Sinoussi,https://openalex.org/A5107827488,Françoise Barré‐Sinoussi,W1977282539|US-5610035,W1977282539,US-5610035
825,Luc Montagnier,Luc Montagnier,https://openalex.org/A5016871448,Luc Montagnier,W1977282539|US-5610035,W1977282539,US-5610035
427,John R. Vane,John R. Vane,https://openalex.org/A5059382959,John R. Vane,W2033719573|US-5610177,W2033719573,US-5610177
861,Bruce A. Beutler,Bruce A. Beutler,https://openalex.org/A5059140393,Bruce Beutler,W2104057569|US-5616688,W2104057569,US-5616688
823,Harald zur Hausen,Harald zur Hausen,https://openalex.org/A5076220155,Harald zur Hausen,W1512550529|US-5618694,W1512550529,US-5618694
823,Harald zur Hausen,Harald zur Hausen,https://openalex.org/A5076220155,Harald zur Hausen,W2168491219|US-5618694,W2168491219,US-5618694
823,Harald zur Hausen,Harald zur Hausen,https://openalex.org/A5076220155,Harald zur Hausen,W2122729738|US-5618694,W2122729738,US-5618694
278,Kary B. Mullis,Kary B. Mullis,https://openalex.org/A5073738482,Kary B. Mullis,W2032118018|US-5618711,W2032118018,US-5618711
907,Hiroshi Amano,Hiroshi Amano,https://openalex.org/A5048399593,Hiroshi Amano,W2077663821|US-5620557,W2077663821,US-5620557
906,Isamu Akasaki,Isamu Akasaki,https://openalex.org/A5081597179,Isamu Akasaki,W2077663821|US-5620557,W2077663821,US-5620557
154,William D. Phillips,William D. Phillips,https://openalex.org/A5082692852,William D. Phillips,W1995957194|US-5620857,W1995957194,US-5620857
729,Alan J. Heeger,Alan Heeger,https://openalex.org/A5087631107,Alan J. Heeger,W2031597075|US-5624605,W2031597075,US-5624605
729,Alan J. Heeger,Alan Heeger,https://openalex.org/A5087631107,Alan J. Heeger,W2001922952|US-5624605,W2001922952,US-5624605
729,Alan J. Heeger,Alan Heeger,https://openalex.org/A5087631107,Alan J. Heeger,W2012451621|US-5624605,W2012451621,US-5624605
729,Alan J. Heeger,Alan Heeger,https://openalex.org/A5087631107,Alan J. Heeger,W2055530262|US-5624605,W2055530262,US-5624605
729,Alan J. Heeger,Alan Heeger,https://openalex.org/A5087631107,Alan J. Heeger,W2066966637|US-5624605,W2066966637,US-5624605
729,Alan J. Heeger,Alan Heeger,https://openalex.org/A5087631107,Alan J. Heeger,W1974841389|US-5624605,W1974841389,US-5624605
273,Sidney Altman,Sidney Altman,https://openalex.org/A5003873129,Sidney Altman,W2262545252|US-5624824,W2262545252,US-5624824
273,Sidney Altman,Sidney Altman,https://openalex.org/A5003873129,Sidney Altman,W2039997550|US-5624824,W2039997550,US-5624824
273,Sidney Altman,Sidney Altman,https://openalex.org/A5003873129,Sidney Altman,W2060654150|US-5624824,W2060654150,US-5624824
273,Sidney Altman,Sidney Altman,https://openalex.org/A5003873129,Sidney Altman,W2062469184|US-5624824,W2062469184,US-5624824
831,Roger Y. Tsien,Roger Y. Tsien,https://openalex.org/A5109193097,Roger Y. Tsien,W2061104342|US-5625048,W2061104342,US-5625048
831,Roger Y. Tsien,Roger Y. Tsien,https://openalex.org/A5109193097,Roger Y. Tsien,W2077835601|US-5625048,W2077835601,US-5625048
436,Susumu Tonegawa,Susumu Tonegawa,https://openalex.org/A5038557565,Susumu Tonegawa,W2011717162|US-5625122,W2011717162,US-5625122
729,Alan J. Heeger,Alan Heeger,https://openalex.org/A5087631107,Alan J. Heeger,W2055530262|US-5626795,W2055530262,US-5626795
729,Alan J. Heeger,Alan Heeger,https://openalex.org/A5087631107,Alan J. Heeger,W2090166574|US-5626795,W2090166574,US-5626795
863,Ralph M. Steinman,Ralph M. Steinman,https://openalex.org/A5113434905,Ralph M. Steinman,W1976695734|US-5627025,W1976695734,US-5627025
863,Ralph M. Steinman,Ralph M. Steinman,https://openalex.org/A5113434905,Ralph M. Steinman,W2040026254|US-5627025,W2040026254,US-5627025
863,Ralph M. Steinman,Ralph M. Steinman,https://openalex.org/A5113434905,Ralph M. Steinman,W1984933263|US-5627025,W1984933263,US-5627025
863,Ralph M. Steinman,Ralph M. Steinman,https://openalex.org/A5113434905,Ralph M. Steinman,W2075847325|US-5627025,W2075847325,US-5627025
837,Jack W. Szostak,Jack W. Szostak,https://openalex.org/A5023274897,Jack W. Szostak,W1970478438|US-5631146,W1970478438,US-5631146
742,Ryoji Noyori,Ryoji Noyori,https://openalex.org/A5054350731,Ryōji Noyori,W2092993934|US-5639910,W2092993934,US-5639910
278,Kary B. Mullis,Kary B. Mullis,https://openalex.org/A5073738482,Kary B. Mullis,W2032118018|US-5641864,W2032118018,US-5641864
835,Elizabeth H. Blackburn,Elizabeth H. Blackburn,https://openalex.org/A5064437582,Elizabeth H. Blackburn,W2093321566|US-5645986,W2093321566,US-5645986
835,Elizabeth H. Blackburn,Elizabeth H. Blackburn,https://openalex.org/A5064437582,Elizabeth H. Blackburn,W2119048840|US-5645986,W2119048840,US-5645986
835,Elizabeth H. Blackburn,Elizabeth H. Blackburn,https://openalex.org/A5064437582,Elizabeth H. Blackburn,W2419109048|US-5645986,W2419109048,US-5645986
1055,Omar M. Yaghi,Omar M. Yaghi,https://openalex.org/A5044268160,Omar M. Yaghi,W1990918587|US-5648508,W1990918587,US-5648508
813,Oliver Smithies,Oliver Smithies,https://openalex.org/A5070335657,Oliver Smithies,W1969883008|US-5650550,W1969883008,US-5650550
449,Phillip A. Sharp,Phillip A. Sharp,https://openalex.org/A5022945869,Phillip A. Sharp,W257454419|US-5654398,W257454419,US-5654398
961,Gérard Mourou,Gérard Mourou,https://openalex.org/A5057252770,G. Mourou,W2013565431|US-5656186,W2013565431,US-5656186
831,Roger Y. Tsien,Roger Y. Tsien,https://openalex.org/A5109193097,Roger Y. Tsien,W1983020696|US-5661035,W1983020696,US-5661035
831,Roger Y. Tsien,Roger Y. Tsien,https://openalex.org/A5109193097,Roger Y. Tsien,W2090568616|US-5661035,W2090568616,US-5661035
261,Robert Bruce Merrifield,Bruce Merrifield,https://openalex.org/A5104652915,R. B. Merrifield,W2030264781|US-5665705,W2030264781,US-5665705
261,Robert Bruce Merrifield,Bruce Merrifield,https://openalex.org/A5104652915,R. B. Merrifield,W2079922794|US-5665705,W2079922794,US-5665705
261,Robert Bruce Merrifield,Bruce Merrifield,https://openalex.org/A5104652915,R. B. Merrifield,W1990954082|US-5665705,W1990954082,US-5665705
261,Robert Bruce Merrifield,Bruce Merrifield,https://openalex.org/A5104652915,R. B. Merrifield,W1488257827|US-5665705,W1488257827,US-5665705
274,Thomas R. Cech,Thomas R. Cech,https://openalex.org/A5017573996,Thomas R. Cech,W2042841971|US-5667969,W2042841971,US-5667969
825,Luc Montagnier,Luc Montagnier,https://openalex.org/A5016871448,Luc Montagnier,W2002784110|US-5672689,W2002784110,US-5672689
825,Luc Montagnier,Luc Montagnier,https://openalex.org/A5016871448,Luc Montagnier,W2416431436|US-5672689,W2416431436,US-5672689
406,David Baltimore,David Baltimore,https://openalex.org/A5042763205,David Baltimore,W1999730476|US-5674680,W1999730476,US-5674680
406,David Baltimore,David Baltimore,https://openalex.org/A5042763205,David Baltimore,W2006266639|US-5674680,W2006266639,US-5674680
735,Leland H. Hartwell,Leland Hartwell,https://openalex.org/A5112821745,Leland H. Hartwell,W2037728125|US-5674996,W2037728125,US-5674996
825,Luc Montagnier,Luc Montagnier,https://openalex.org/A5016871448,Luc Montagnier,W2113661501|US-5677123,W2113661501,US-5677123
825,Luc Montagnier,Luc Montagnier,https://openalex.org/A5016871448,Luc Montagnier,W2431668950|US-5677123,W2431668950,US-5677123
939,Michael Rosbash,Michael Rosbash,https://openalex.org/A5068402917,Michael Rosbash,W2020662133|US-5679566,W2020662133,US-5679566
825,Luc Montagnier,Luc Montagnier,https://openalex.org/A5016871448,Luc Montagnier,W2431668950|US-5688646,W2431668950,US-5688646
825,Luc Montagnier,Luc Montagnier,https://openalex.org/A5016871448,Luc Montagnier,W2397896877|US-5688646,W2397896877,US-5688646
825,Luc Montagnier,Luc Montagnier,https://openalex.org/A5016871448,Luc Montagnier,W2113661501|US-5688646,W2113661501,US-5688646
922,Paul Modrich,Paul Modrich,https://openalex.org/A5060041272,Paul Modrich,W2129066173|US-5693470,W2129066173,US-5693470
922,Paul Modrich,Paul Modrich,https://openalex.org/A5060041272,Paul Modrich,W2154181923|US-5693470,W2154181923,US-5693470
835,Elizabeth H. Blackburn,Elizabeth H. Blackburn,https://openalex.org/A5064437582,Elizabeth H. Blackburn,W2093321566|US-5695932,W2093321566,US-5695932
835,Elizabeth H. Blackburn,Elizabeth H. Blackburn,https://openalex.org/A5064437582,Elizabeth H. Blackburn,W2419109048|US-5695932,W2419109048,US-5695932
986,Michael Houghton,Michael Houghton,https://openalex.org/A5090612228,Michael Houghton,W2159680643|US-5698390,W2159680643,US-5698390
825,Luc Montagnier,Luc Montagnier,https://openalex.org/A5016871448,Luc Montagnier,W2062227071|US-5698392,W2062227071,US-5698392
825,Luc Montagnier,Luc Montagnier,https://openalex.org/A5016871448,Luc Montagnier,W2035318369|US-5698392,W2035318369,US-5698392
997,David Julius,David Julius,https://openalex.org/A5014886042,David Julius,W2038500073|US-5698766,W2038500073,US-5698766
907,Hiroshi Amano,Hiroshi Amano,https://openalex.org/A5048399593,Hiroshi Amano,W2121395191|US-5700713,W2121395191,US-5700713
906,Isamu Akasaki,Isamu Akasaki,https://openalex.org/A5081597179,Isamu Akasaki,W2121395191|US-5700713,W2121395191,US-5700713
742,Ryoji Noyori,Ryoji Noyori,https://openalex.org/A5054350731,Ryōji Noyori,W2061611706|US-5700833,W2061611706,US-5700833
742,Ryoji Noyori,Ryoji Noyori,https://openalex.org/A5054350731,Ryōji Noyori,W2112229817|US-5700833,W2112229817,US-5700833
346,Paul Hermann Müller,Paul Müller,https://openalex.org/A5106076646,Paul Müller,W2081543059|US-5703021,W2081543059,US-5703021
824,Françoise Barré-Sinoussi,Françoise Barré-Sinoussi,https://openalex.org/A5107827488,Françoise Barré‐Sinoussi,W2035553258|US-5705612,W2035553258,US-5705612
825,Luc Montagnier,Luc Montagnier,https://openalex.org/A5016871448,Luc Montagnier,W2035553258|US-5705612,W2035553258,US-5705612
986,Michael Houghton,Michael Houghton,https://openalex.org/A5090612228,Michael Houghton,W1977677882|US-5709995,W1977677882,US-5709995
986,Michael Houghton,Michael Houghton,https://openalex.org/A5090612228,Michael Houghton,W2010372912|US-5709995,W2010372912,US-5709995
986,Michael Houghton,Michael Houghton,https://openalex.org/A5090612228,Michael Houghton,W2244894619|US-5709995,W2244894619,US-5709995
986,Michael Houghton,Michael Houghton,https://openalex.org/A5090612228,Michael Houghton,W2159680643|US-5712088,W2159680643,US-5712088
986,Michael Houghton,Michael Houghton,https://openalex.org/A5090612228,Michael Houghton,W1768550738|US-5712145,W1768550738,US-5712145
986,Michael Houghton,Michael Houghton,https://openalex.org/A5090612228,Michael Houghton,W30960515|US-5712145,W30960515,US-5712145
986,Michael Houghton,Michael Houghton,https://openalex.org/A5090612228,Michael Houghton,W2161741847|US-5712145,W2161741847,US-5712145
986,Michael Houghton,Michael Houghton,https://openalex.org/A5090612228,Michael Houghton,W2053064416|US-5712145,W2053064416,US-5712145
986,Michael Houghton,Michael Houghton,https://openalex.org/A5090612228,Michael Houghton,W2151603470|US-5712145,W2151603470,US-5712145
795,Robert H. Grubbs,Robert H. Grubbs,https://openalex.org/A5078597191,Robert H. Grubbs,W2034103722|US-5712361,W2034103722,US-5712361
441,Harold E. Varmus,Harold E. Varmus,https://openalex.org/A5023586836,Harold Varmus,W2040687166|US-5714329,W2040687166,US-5714329
261,Robert Bruce Merrifield,Bruce Merrifield,https://openalex.org/A5104652915,R. B. Merrifield,W2018984543|US-5714467,W2018984543,US-5714467
261,Robert Bruce Merrifield,Bruce Merrifield,https://openalex.org/A5104652915,R. B. Merrifield,W1988884953|US-5714467,W1988884953,US-5714467
986,Michael Houghton,Michael Houghton,https://openalex.org/A5090612228,Michael Houghton,W2159680643|US-5714596,W2159680643,US-5714596
911,William E. Moerner,William E. Moerner,https://openalex.org/A5068018832,W. E. Moerner,W2152504150|US-5719690,W2152504150,US-5719690
275,Elias James Corey,Elias James Corey,https://openalex.org/A5062182194,E. J. Corey,W2953127000|US-5721362,W2953127000,US-5721362
965,Sir Gregory P. Winter,Sir Gregory P. Winter,https://openalex.org/A5113550627,Greg Winter,W2172238481|US-5723287,W2172238481,US-5723287
750,Sydney Brenner,Sydney Brenner,https://openalex.org/A5111910776,Sydney Brenner,W2089949578|US-5723598,W2089949578,US-5723598
750,Sydney Brenner,Sydney Brenner,https://openalex.org/A5111910776,Sydney Brenner,W2017423606|US-5723598,W2017423606,US-5723598
794,Yves Chauvin,Yves Chauvin,https://openalex.org/A5106409475,Yves Chauvin,W2064916460|US-5723712,W2064916460,US-5723712
273,Sidney Altman,Sidney Altman,https://openalex.org/A5003873129,Sidney Altman,W2062469184|US-5728521,W2062469184,US-5728521
273,Sidney Altman,Sidney Altman,https://openalex.org/A5003873129,Sidney Altman,W2060654150|US-5728521,W2060654150,US-5728521
273,Sidney Altman,Sidney Altman,https://openalex.org/A5003873129,Sidney Altman,W2039997550|US-5728521,W2039997550,US-5728521
795,Robert H. Grubbs,Robert H. Grubbs,https://openalex.org/A5078597191,Robert H. Grubbs,W1999748098|US-5728917,W1999748098,US-5728917
419,Baruj Benacerraf,Baruj Benacerraf,https://openalex.org/A5001497872,Baruj Benacerraf,W1968486392|US-5733550,W1968486392,US-5733550
419,Baruj Benacerraf,Baruj Benacerraf,https://openalex.org/A5001497872,Baruj Benacerraf,W2005002454|US-5733550,W2005002454,US-5733550
419,Baruj Benacerraf,Baruj Benacerraf,https://openalex.org/A5001497872,Baruj Benacerraf,W2034412416|US-5733550,W2034412416,US-5733550
1002,Benjamin List,Benjamin List,https://openalex.org/A5040055598,Benjamin List,W2086518019|US-5733757,W2086518019,US-5733757
1002,Benjamin List,Benjamin List,https://openalex.org/A5040055598,Benjamin List,W2026658529|US-5733757,W2026658529,US-5733757
1002,Benjamin List,Benjamin List,https://openalex.org/A5040055598,Benjamin List,W1556223086|US-5733757,W1556223086,US-5733757
1002,Benjamin List,Benjamin List,https://openalex.org/A5040055598,Benjamin List,W2062784766|US-5733757,W2062784766,US-5733757
907,Hiroshi Amano,Hiroshi Amano,https://openalex.org/A5048399593,Hiroshi Amano,W2121395191|US-5733796,W2121395191,US-5733796
906,Isamu Akasaki,Isamu Akasaki,https://openalex.org/A5081597179,Isamu Akasaki,W2121395191|US-5733796,W2121395191,US-5733796
878,Robert J. Lefkowitz,Robert J. Lefkowitz,https://openalex.org/A5080672788,Robert J. Lefkowitz,W1966960186|US-5739029,W1966960186,US-5739029
446,Edmond H. Fischer,Edmond H. Fischer,https://openalex.org/A5038922448,Edmond H. Fischer,W107680893|US-5739278,W107680893,US-5739278
446,Edmond H. Fischer,Edmond H. Fischer,https://openalex.org/A5038922448,Edmond H. Fischer,W2094077760|US-5739278,W2094077760,US-5739278
861,Bruce A. Beutler,Bruce A. Beutler,https://openalex.org/A5059140393,Bruce Beutler,W2104057569|US-5741484,W2104057569,US-5741484
830,Martin Chalfie,Martin Chalfie,https://openalex.org/A5074638214,Martin Chalfie,W2032579724|US-5741668,W2032579724,US-5741668
769,Peter Agre,Peter Agre,https://openalex.org/A5017989879,Peter Agre,W2084179773|US-5741671,W2084179773,US-5741671
769,Peter Agre,Peter Agre,https://openalex.org/A5017989879,Peter Agre,W2064775637|US-5741671,W2064775637,US-5741671
769,Peter Agre,Peter Agre,https://openalex.org/A5017989879,Peter Agre,W1506193493|US-5741671,W1506193493,US-5741671
769,Peter Agre,Peter Agre,https://openalex.org/A5017989879,Peter Agre,W1992011277|US-5741671,W1992011277,US-5741671
769,Peter Agre,Peter Agre,https://openalex.org/A5017989879,Peter Agre,W2042279757|US-5741671,W2042279757,US-5741671
769,Peter Agre,Peter Agre,https://openalex.org/A5017989879,Peter Agre,W1988296977|US-5741671,W1988296977,US-5741671
769,Peter Agre,Peter Agre,https://openalex.org/A5017989879,Peter Agre,W2052922251|US-5741671,W2052922251,US-5741671
769,Peter Agre,Peter Agre,https://openalex.org/A5017989879,Peter Agre,W2016441295|US-5741671,W2016441295,US-5741671
769,Peter Agre,Peter Agre,https://openalex.org/A5017989879,Peter Agre,W1582185217|US-5741671,W1582185217,US-5741671
769,Peter Agre,Peter Agre,https://openalex.org/A5017989879,Peter Agre,W2041600167|US-5741671,W2041600167,US-5741671
769,Peter Agre,Peter Agre,https://openalex.org/A5017989879,Peter Agre,W2136288803|US-5741671,W2136288803,US-5741671
769,Peter Agre,Peter Agre,https://openalex.org/A5017989879,Peter Agre,W2075260239|US-5741671,W2075260239,US-5741671
769,Peter Agre,Peter Agre,https://openalex.org/A5017989879,Peter Agre,W2032654272|US-5741671,W2032654272,US-5741671
769,Peter Agre,Peter Agre,https://openalex.org/A5017989879,Peter Agre,W2182697993|US-5741671,W2182697993,US-5741671
769,Peter Agre,Peter Agre,https://openalex.org/A5017989879,Peter Agre,W2238082471|US-5741671,W2238082471,US-5741671
769,Peter Agre,Peter Agre,https://openalex.org/A5017989879,Peter Agre,W1834531680|US-5741671,W1834531680,US-5741671
963,Frances H. Arnold,Frances H. Arnold,https://openalex.org/A5043841592,Frances H. Arnold,W1994240720|US-5741691,W1994240720,US-5741691
986,Michael Houghton,Michael Houghton,https://openalex.org/A5090612228,Michael Houghton,W2166199750|US-5747044,W2166199750,US-5747044
986,Michael Houghton,Michael Houghton,https://openalex.org/A5090612228,Michael Houghton,W2035991334|US-5747044,W2035991334,US-5747044
986,Michael Houghton,Michael Houghton,https://openalex.org/A5090612228,Michael Houghton,W2627025017|US-5747044,W2627025017,US-5747044
986,Michael Houghton,Michael Houghton,https://openalex.org/A5090612228,Michael Houghton,W2006309458|US-5747044,W2006309458,US-5747044
824,Françoise Barré-Sinoussi,Françoise Barré-Sinoussi,https://openalex.org/A5107827488,Françoise Barré‐Sinoussi,W2035553258|US-5747242,W2035553258,US-5747242
825,Luc Montagnier,Luc Montagnier,https://openalex.org/A5016871448,Luc Montagnier,W2035553258|US-5747242,W2035553258,US-5747242
986,Michael Houghton,Michael Houghton,https://openalex.org/A5090612228,Michael Houghton,W2627025017|US-5750350,W2627025017,US-5750350
986,Michael Houghton,Michael Houghton,https://openalex.org/A5090612228,Michael Houghton,W2166199750|US-5750350,W2166199750,US-5750350
986,Michael Houghton,Michael Houghton,https://openalex.org/A5090612228,Michael Houghton,W2035991334|US-5750350,W2035991334,US-5750350
986,Michael Houghton,Michael Houghton,https://openalex.org/A5090612228,Michael Houghton,W2006309458|US-5750350,W2006309458,US-5750350
457,Stanley B. Prusiner,Stanley B. Prusiner,https://openalex.org/A5066991343,Stanley B. Prusiner,W2018675827|US-5750361,W2018675827,US-5750361
457,Stanley B. Prusiner,Stanley B. Prusiner,https://openalex.org/A5066991343,Stanley B. Prusiner,W201006271|US-5750361,W201006271,US-5750361
457,Stanley B. Prusiner,Stanley B. Prusiner,https://openalex.org/A5066991343,Stanley B. Prusiner,W1483860409|US-5750361,W1483860409,US-5750361
457,Stanley B. Prusiner,Stanley B. Prusiner,https://openalex.org/A5066991343,Stanley B. Prusiner,W1974556420|US-5750361,W1974556420,US-5750361
457,Stanley B. Prusiner,Stanley B. Prusiner,https://openalex.org/A5066991343,Stanley B. Prusiner,W204422148|US-5750361,W204422148,US-5750361
457,Stanley B. Prusiner,Stanley B. Prusiner,https://openalex.org/A5066991343,Stanley B. Prusiner,W2061150431|US-5750361,W2061150431,US-5750361
457,Stanley B. Prusiner,Stanley B. Prusiner,https://openalex.org/A5066991343,Stanley B. Prusiner,W2027062533|US-5750361,W2027062533,US-5750361
457,Stanley B. Prusiner,Stanley B. Prusiner,https://openalex.org/A5066991343,Stanley B. Prusiner,W1839118167|US-5750361,W1839118167,US-5750361
457,Stanley B. Prusiner,Stanley B. Prusiner,https://openalex.org/A5066991343,Stanley B. Prusiner,W1983750916|US-5750361,W1983750916,US-5750361
457,Stanley B. Prusiner,Stanley B. Prusiner,https://openalex.org/A5066991343,Stanley B. Prusiner,W19600178|US-5750361,W19600178,US-5750361
457,Stanley B. Prusiner,Stanley B. Prusiner,https://openalex.org/A5066991343,Stanley B. Prusiner,W2032604948|US-5750361,W2032604948,US-5750361
457,Stanley B. Prusiner,Stanley B. Prusiner,https://openalex.org/A5066991343,Stanley B. Prusiner,W2049627175|US-5750361,W2049627175,US-5750361
457,Stanley B. Prusiner,Stanley B. Prusiner,https://openalex.org/A5066991343,Stanley B. Prusiner,W2072404596|US-5750361,W2072404596,US-5750361
457,Stanley B. Prusiner,Stanley B. Prusiner,https://openalex.org/A5066991343,Stanley B. Prusiner,W2917159021|US-5750361,W2917159021,US-5750361
457,Stanley B. Prusiner,Stanley B. Prusiner,https://openalex.org/A5066991343,Stanley B. Prusiner,W2087611759|US-5750361,W2087611759,US-5750361
457,Stanley B. Prusiner,Stanley B. Prusiner,https://openalex.org/A5066991343,Stanley B. Prusiner,W2138768135|US-5750361,W2138768135,US-5750361
457,Stanley B. Prusiner,Stanley B. Prusiner,https://openalex.org/A5066991343,Stanley B. Prusiner,W1985381634|US-5750361,W1985381634,US-5750361
457,Stanley B. Prusiner,Stanley B. Prusiner,https://openalex.org/A5066991343,Stanley B. Prusiner,W1966382960|US-5750361,W1966382960,US-5750361
457,Stanley B. Prusiner,Stanley B. Prusiner,https://openalex.org/A5066991343,Stanley B. Prusiner,W2072244190|US-5750361,W2072244190,US-5750361
457,Stanley B. Prusiner,Stanley B. Prusiner,https://openalex.org/A5066991343,Stanley B. Prusiner,W588677831|US-5750361,W588677831,US-5750361
457,Stanley B. Prusiner,Stanley B. Prusiner,https://openalex.org/A5066991343,Stanley B. Prusiner,W779837344|US-5750361,W779837344,US-5750361
457,Stanley B. Prusiner,Stanley B. Prusiner,https://openalex.org/A5066991343,Stanley B. Prusiner,W2028469737|US-5750361,W2028469737,US-5750361
457,Stanley B. Prusiner,Stanley B. Prusiner,https://openalex.org/A5066991343,Stanley B. Prusiner,W2041867303|US-5750361,W2041867303,US-5750361
794,Yves Chauvin,Yves Chauvin,https://openalex.org/A5106409475,Yves Chauvin,W2059638228|US-5750455,W2059638228,US-5750455
795,Robert H. Grubbs,Robert H. Grubbs,https://openalex.org/A5078597191,Robert H. Grubbs,W1994356710|US-5750815,W1994356710,US-5750815
917,Satoshi Ōmura,Satoshi Ōmura,https://openalex.org/A5045164227,Satoshi Ōmura,W2079691347|US-5756320,W2079691347,US-5756320
275,Elias James Corey,Elias James Corey,https://openalex.org/A5062182194,E. J. Corey,W1990449071|US-5756764,W1990449071,US-5756764
970,William G. Kaelin Jr,William G. Kaelin Jr,https://openalex.org/A5088456751,William G. Kaelin,W2026054916|US-5759803,W2026054916,US-5759803
970,William G. Kaelin Jr,William G. Kaelin Jr,https://openalex.org/A5088456751,William G. Kaelin,W2137433289|US-5759803,W2137433289,US-5759803
970,William G. Kaelin Jr,William G. Kaelin Jr,https://openalex.org/A5088456751,William G. Kaelin,W2037065330|US-5759803,W2037065330,US-5759803
970,William G. Kaelin Jr,William G. Kaelin Jr,https://openalex.org/A5088456751,William G. Kaelin,W2083181195|US-5759803,W2083181195,US-5759803
1048,Frederick J. Ramsdell,Fred Ramsdell,https://openalex.org/A5050752577,Fred Ramsdell,W1522197090|US-5759805,W1522197090,US-5759805
729,Alan J. Heeger,Alan Heeger,https://openalex.org/A5087631107,Alan J. Heeger,W2018487567|US-5760169,W2018487567,US-5760169
861,Bruce A. Beutler,Bruce A. Beutler,https://openalex.org/A5059140393,Bruce Beutler,W2104057569|US-5760186,W2104057569,US-5760186
986,Michael Houghton,Michael Houghton,https://openalex.org/A5090612228,Michael Houghton,W2163692778|US-5763159,W2163692778,US-5763159
742,Ryoji Noyori,Ryoji Noyori,https://openalex.org/A5054350731,Ryōji Noyori,W2092993934|US-5763662,W2092993934,US-5763662
742,Ryoji Noyori,Ryoji Noyori,https://openalex.org/A5054350731,Ryōji Noyori,W2003246641|US-5763662,W2003246641,US-5763662
457,Stanley B. Prusiner,Stanley B. Prusiner,https://openalex.org/A5066991343,Stanley B. Prusiner,W1983750916|US-5763740,W1983750916,US-5763740
743,K. Barry Sharpless,K. Barry Sharpless,https://openalex.org/A5077401880,K. Barry Sharpless,W2162354594|US-5767304,W2162354594,US-5767304
861,Bruce A. Beutler,Bruce A. Beutler,https://openalex.org/A5059140393,Bruce Beutler,W1522417405|US-5770402,W1522417405,US-5770402
408,Howard Martin Temin,Howard M. Temin,https://openalex.org/A5111998828,Howard M. Temin,W1962739493|US-5770428,W1962739493,US-5770428
408,Howard Martin Temin,Howard M. Temin,https://openalex.org/A5111998828,Howard M. Temin,W2020450635|US-5770428,W2020450635,US-5770428
825,Luc Montagnier,Luc Montagnier,https://openalex.org/A5016871448,Luc Montagnier,W2050489828|US-5770703,W2050489828,US-5770703
825,Luc Montagnier,Luc Montagnier,https://openalex.org/A5016871448,Luc Montagnier,W2276148119|US-5773602,W2276148119,US-5773602
408,Howard Martin Temin,Howard M. Temin,https://openalex.org/A5111998828,Howard M. Temin,W2276148119|US-5773602,W2276148119,US-5773602
825,Luc Montagnier,Luc Montagnier,https://openalex.org/A5016871448,Luc Montagnier,W2466933921|US-5773602,W2466933921,US-5773602
824,Françoise Barré-Sinoussi,Françoise Barré-Sinoussi,https://openalex.org/A5107827488,Françoise Barré‐Sinoussi,W1977282539|US-5773602,W1977282539,US-5773602
825,Luc Montagnier,Luc Montagnier,https://openalex.org/A5016871448,Luc Montagnier,W1977282539|US-5773602,W1977282539,US-5773602
825,Luc Montagnier,Luc Montagnier,https://openalex.org/A5016871448,Luc Montagnier,W58215616|US-5773602,W58215616,US-5773602
824,Françoise Barré-Sinoussi,Françoise Barré-Sinoussi,https://openalex.org/A5107827488,Françoise Barré‐Sinoussi,W58215616|US-5773602,W58215616,US-5773602
824,Françoise Barré-Sinoussi,Françoise Barré-Sinoussi,https://openalex.org/A5107827488,Françoise Barré‐Sinoussi,W2035553258|US-5773602,W2035553258,US-5773602
825,Luc Montagnier,Luc Montagnier,https://openalex.org/A5016871448,Luc Montagnier,W2035553258|US-5773602,W2035553258,US-5773602
836,Carol W. Greider,Carol W. Greider,https://openalex.org/A5041730448,Carol W. Greider,W2026856852|US-5776679,W2026856852,US-5776679
831,Roger Y. Tsien,Roger Y. Tsien,https://openalex.org/A5109193097,Roger Y. Tsien,W2061104342|US-5777079,W2061104342,US-5777079
831,Roger Y. Tsien,Roger Y. Tsien,https://openalex.org/A5109193097,Roger Y. Tsien,W2077835601|US-5777079,W2077835601,US-5777079
1015,Carolyn R. Bertozzi,Carolyn Bertozzi,https://openalex.org/A5088409133,Carolyn R. Bertozzi,W2436218925|US-5783693,W2436218925,US-5783693
963,Frances H. Arnold,Frances H. Arnold,https://openalex.org/A5043841592,Frances H. Arnold,W2055132504|US-5786428,W2055132504,US-5786428
278,Kary B. Mullis,Kary B. Mullis,https://openalex.org/A5073738482,Kary B. Mullis,W2032118018|US-5789224,W2032118018,US-5789224
457,Stanley B. Prusiner,Stanley B. Prusiner,https://openalex.org/A5066991343,Stanley B. Prusiner,W2049627175|US-5789655,W2049627175,US-5789655
457,Stanley B. Prusiner,Stanley B. Prusiner,https://openalex.org/A5066991343,Stanley B. Prusiner,W951074575|US-5789655,W951074575,US-5789655
457,Stanley B. Prusiner,Stanley B. Prusiner,https://openalex.org/A5066991343,Stanley B. Prusiner,W2029162694|US-5789655,W2029162694,US-5789655
412,Andrew V. Schally,Andrew V. Schally,https://openalex.org/A5068739269,Andrew V. Schally,W1969318893|US-5792747,W1969318893,US-5792747
457,Stanley B. Prusiner,Stanley B. Prusiner,https://openalex.org/A5066991343,Stanley B. Prusiner,W2132770231|US-5792901,W2132770231,US-5792901
457,Stanley B. Prusiner,Stanley B. Prusiner,https://openalex.org/A5066991343,Stanley B. Prusiner,W2049627175|US-5792901,W2049627175,US-5792901
457,Stanley B. Prusiner,Stanley B. Prusiner,https://openalex.org/A5066991343,Stanley B. Prusiner,W2019748604|US-5792901,W2019748604,US-5792901
457,Stanley B. Prusiner,Stanley B. Prusiner,https://openalex.org/A5066991343,Stanley B. Prusiner,W2072244190|US-5792901,W2072244190,US-5792901
457,Stanley B. Prusiner,Stanley B. Prusiner,https://openalex.org/A5066991343,Stanley B. Prusiner,W1983750916|US-5792901,W1983750916,US-5792901
457,Stanley B. Prusiner,Stanley B. Prusiner,https://openalex.org/A5066991343,Stanley B. Prusiner,W2125804459|US-5792901,W2125804459,US-5792901
825,Luc Montagnier,Luc Montagnier,https://openalex.org/A5016871448,Luc Montagnier,W2002784110|US-5795577,W2002784110,US-5795577
1016,Morten Meldal,Morten Meldal,https://openalex.org/A5008925360,Morten Meldal,W1974141847|US-5795958,W1974141847,US-5795958
729,Alan J. Heeger,Alan Heeger,https://openalex.org/A5087631107,Alan J. Heeger,W2068803202|US-5798170,W2068803202,US-5798170
406,David Baltimore,David Baltimore,https://openalex.org/A5042763205,David Baltimore,W2088272992|US-5804374,W2088272992,US-5804374
449,Phillip A. Sharp,Phillip A. Sharp,https://openalex.org/A5022945869,Phillip A. Sharp,W2088272992|US-5804374,W2088272992,US-5804374
729,Alan J. Heeger,Alan Heeger,https://openalex.org/A5087631107,Alan J. Heeger,W2038722182|US-5804836,W2038722182,US-5804836
825,Luc Montagnier,Luc Montagnier,https://openalex.org/A5016871448,Luc Montagnier,W2027203648|US-5807992,W2027203648,US-5807992
825,Luc Montagnier,Luc Montagnier,https://openalex.org/A5016871448,Luc Montagnier,W2049296686|US-5807992,W2049296686,US-5807992
740,Carl E. Wieman,Carl Wieman,https://openalex.org/A5006656464,Carl Wieman,W2151972890|US-5808743,W2151972890,US-5808743
958,James P. Allison,James P. Allison,https://openalex.org/A5047117233,James P. Allison,W72456621|US-5811097,W72456621,US-5811097
958,James P. Allison,James P. Allison,https://openalex.org/A5047117233,James P. Allison,W2162856391|US-5811097,W2162856391,US-5811097
958,James P. Allison,James P. Allison,https://openalex.org/A5047117233,James P. Allison,W2094366129|US-5811097,W2094366129,US-5811097
958,James P. Allison,James P. Allison,https://openalex.org/A5047117233,James P. Allison,W2020775082|US-5811097,W2020775082,US-5811097
795,Robert H. Grubbs,Robert H. Grubbs,https://openalex.org/A5078597191,Robert H. Grubbs,W2093561477|US-5811515,W2093561477,US-5811515
861,Bruce A. Beutler,Bruce A. Beutler,https://openalex.org/A5059140393,Bruce Beutler,W2104057569|US-5817763,W2104057569,US-5817763
774,Richard Axel,Richard Axel,https://openalex.org/A5023563090,Richard Axel,W2018643676|US-5817767,W2018643676,US-5817767
774,Richard Axel,Richard Axel,https://openalex.org/A5023563090,Richard Axel,W2020055566|US-5820866,W2020055566,US-5820866
825,Luc Montagnier,Luc Montagnier,https://openalex.org/A5016871448,Luc Montagnier,W2166859025|US-5824482,W2166859025,US-5824482
825,Luc Montagnier,Luc Montagnier,https://openalex.org/A5016871448,Luc Montagnier,W58215616|US-5824482,W58215616,US-5824482
824,Françoise Barré-Sinoussi,Françoise Barré-Sinoussi,https://openalex.org/A5107827488,Françoise Barré‐Sinoussi,W58215616|US-5824482,W58215616,US-5824482
825,Luc Montagnier,Luc Montagnier,https://openalex.org/A5016871448,Luc Montagnier,W2059910556|US-5824482,W2059910556,US-5824482
792,John L. Hall,John L. Hall,https://openalex.org/A5009444030,J. L. Hall,W2107836388|US-5828756,W2107836388,US-5828756
792,John L. Hall,John L. Hall,https://openalex.org/A5009444030,J. L. Hall,W2172272847|US-5828756,W2172272847,US-5828756
825,Luc Montagnier,Luc Montagnier,https://openalex.org/A5016871448,Luc Montagnier,W2050489828|US-5830641,W2050489828,US-5830641
825,Luc Montagnier,Luc Montagnier,https://openalex.org/A5016871448,Luc Montagnier,W2059910556|US-5830641,W2059910556,US-5830641
825,Luc Montagnier,Luc Montagnier,https://openalex.org/A5016871448,Luc Montagnier,W2039975091|US-5830641,W2039975091,US-5830641
406,David Baltimore,David Baltimore,https://openalex.org/A5042763205,David Baltimore,W4237567990|US-5830725,W4237567990,US-5830725
795,Robert H. Grubbs,Robert H. Grubbs,https://openalex.org/A5078597191,Robert H. Grubbs,W1999748098|US-5831108,W1999748098,US-5831108
963,Frances H. Arnold,Frances H. Arnold,https://openalex.org/A5043841592,Frances H. Arnold,W2094989861|US-5837202,W2094989861,US-5837202
922,Paul Modrich,Paul Modrich,https://openalex.org/A5060041272,Paul Modrich,W2154181923|US-5837443,W2154181923,US-5837443
922,Paul Modrich,Paul Modrich,https://openalex.org/A5060041272,Paul Modrich,W2129066173|US-5837443,W2129066173,US-5837443
836,Carol W. Greider,Carol W. Greider,https://openalex.org/A5041730448,Carol W. Greider,W2026856852|US-5837857,W2026856852,US-5837857
83,Aleksandr Mikhailovich Prokhorov,Aleksandr M. Prokhorov,https://openalex.org/A5024180588,A M Prokhorov,W2003009369|US-5838700,W2003009369,US-5838700
83,Aleksandr Mikhailovich Prokhorov,Aleksandr M. Prokhorov,https://openalex.org/A5024180588,A M Prokhorov,W2093019816|US-5838700,W2093019816,US-5838700
83,Aleksandr Mikhailovich Prokhorov,Aleksandr M. Prokhorov,https://openalex.org/A5024180588,A M Prokhorov,W2162361615|US-5838700,W2162361615,US-5838700
939,Michael Rosbash,Michael Rosbash,https://openalex.org/A5068402917,Michael Rosbash,W1996454474|US-5843683,W1996454474,US-5843683
412,Andrew V. Schally,Andrew V. Schally,https://openalex.org/A5068739269,Andrew V. Schally,W1990032829|US-5843903,W1990032829,US-5843903
433,Joseph L. Goldstein,Joseph L. Goldstein,https://openalex.org/A5058164552,Joseph L. Goldstein,W2075586004|US-5843941,W2075586004,US-5843941
432,Michael S. Brown,Michael S. Brown,https://openalex.org/A5079762911,Michael S. Brown,W2075586004|US-5843941,W2075586004,US-5843941
433,Joseph L. Goldstein,Joseph L. Goldstein,https://openalex.org/A5058164552,Joseph L. Goldstein,W2037480365|US-5843941,W2037480365,US-5843941
432,Michael S. Brown,Michael S. Brown,https://openalex.org/A5079762911,Michael S. Brown,W2037480365|US-5843941,W2037480365,US-5843941
836,Carol W. Greider,Carol W. Greider,https://openalex.org/A5041730448,Carol W. Greider,W2026856852|US-5846723,W2026856852,US-5846723
406,David Baltimore,David Baltimore,https://openalex.org/A5042763205,David Baltimore,W2421037982|US-5849580,W2421037982,US-5849580
861,Bruce A. Beutler,Bruce A. Beutler,https://openalex.org/A5059140393,Bruce Beutler,W2104057569|US-5849873,W2104057569,US-5849873
863,Ralph M. Steinman,Ralph M. Steinman,https://openalex.org/A5113434905,Ralph M. Steinman,W2146086412|US-5851756,W2146086412,US-5851756
863,Ralph M. Steinman,Ralph M. Steinman,https://openalex.org/A5113434905,Ralph M. Steinman,W2062569980|US-5851756,W2062569980,US-5851756
863,Ralph M. Steinman,Ralph M. Steinman,https://openalex.org/A5113434905,Ralph M. Steinman,W2059787743|US-5851756,W2059787743,US-5851756
958,James P. Allison,James P. Allison,https://openalex.org/A5047117233,James P. Allison,W2094366129|US-5855887,W2094366129,US-5855887
958,James P. Allison,James P. Allison,https://openalex.org/A5047117233,James P. Allison,W72456621|US-5855887,W72456621,US-5855887
958,James P. Allison,James P. Allison,https://openalex.org/A5047117233,James P. Allison,W2020775082|US-5855887,W2020775082,US-5855887
986,Michael Houghton,Michael Houghton,https://openalex.org/A5090612228,Michael Houghton,W2062174742|US-5856437,W2062174742,US-5856437
986,Michael Houghton,Michael Houghton,https://openalex.org/A5090612228,Michael Houghton,W2163692778|US-5856437,W2163692778,US-5856437
986,Michael Houghton,Michael Houghton,https://openalex.org/A5090612228,Michael Houghton,W2124917202|US-5856437,W2124917202,US-5856437
986,Michael Houghton,Michael Houghton,https://openalex.org/A5090612228,Michael Houghton,W2133487025|US-5856437,W2133487025,US-5856437
986,Michael Houghton,Michael Houghton,https://openalex.org/A5090612228,Michael Houghton,W2156709593|US-5856437,W2156709593,US-5856437
420,Jean Dausset,Jean Dausset,https://openalex.org/A5111852671,J Dausset,W1977105316|US-5856442,W1977105316,US-5856442
420,Jean Dausset,Jean Dausset,https://openalex.org/A5111852671,J Dausset,W1987074232|US-5856442,W1987074232,US-5856442
420,Jean Dausset,Jean Dausset,https://openalex.org/A5111852671,J Dausset,W2414307371|US-5856442,W2414307371,US-5856442
420,Jean Dausset,Jean Dausset,https://openalex.org/A5111852671,J Dausset,W1598382552|US-5856442,W1598382552,US-5856442
420,Jean Dausset,Jean Dausset,https://openalex.org/A5111852671,J Dausset,W2070226347|US-5856442,W2070226347,US-5856442
420,Jean Dausset,Jean Dausset,https://openalex.org/A5111852671,J Dausset,W2417359296|US-5856442,W2417359296,US-5856442
825,Luc Montagnier,Luc Montagnier,https://openalex.org/A5016871448,Luc Montagnier,W2059910556|US-5858651,W2059910556,US-5858651
769,Peter Agre,Peter Agre,https://openalex.org/A5017989879,Peter Agre,W1582185217|US-5858702,W1582185217,US-5858702
769,Peter Agre,Peter Agre,https://openalex.org/A5017989879,Peter Agre,W1834531680|US-5858702,W1834531680,US-5858702
769,Peter Agre,Peter Agre,https://openalex.org/A5017989879,Peter Agre,W2075260239|US-5858702,W2075260239,US-5858702
769,Peter Agre,Peter Agre,https://openalex.org/A5017989879,Peter Agre,W2084179773|US-5858702,W2084179773,US-5858702
769,Peter Agre,Peter Agre,https://openalex.org/A5017989879,Peter Agre,W2136288803|US-5858702,W2136288803,US-5858702
769,Peter Agre,Peter Agre,https://openalex.org/A5017989879,Peter Agre,W1992011277|US-5858702,W1992011277,US-5858702
769,Peter Agre,Peter Agre,https://openalex.org/A5017989879,Peter Agre,W2064775637|US-5858702,W2064775637,US-5858702
769,Peter Agre,Peter Agre,https://openalex.org/A5017989879,Peter Agre,W2016441295|US-5858702,W2016441295,US-5858702
769,Peter Agre,Peter Agre,https://openalex.org/A5017989879,Peter Agre,W1988296977|US-5858702,W1988296977,US-5858702
769,Peter Agre,Peter Agre,https://openalex.org/A5017989879,Peter Agre,W2032654272|US-5858702,W2032654272,US-5858702
769,Peter Agre,Peter Agre,https://openalex.org/A5017989879,Peter Agre,W2106680066|US-5858702,W2106680066,US-5858702
769,Peter Agre,Peter Agre,https://openalex.org/A5017989879,Peter Agre,W2238082471|US-5858702,W2238082471,US-5858702
769,Peter Agre,Peter Agre,https://openalex.org/A5017989879,Peter Agre,W2041600167|US-5858702,W2041600167,US-5858702
769,Peter Agre,Peter Agre,https://openalex.org/A5017989879,Peter Agre,W1506193493|US-5858702,W1506193493,US-5858702
769,Peter Agre,Peter Agre,https://openalex.org/A5017989879,Peter Agre,W2052922251|US-5858702,W2052922251,US-5858702
769,Peter Agre,Peter Agre,https://openalex.org/A5017989879,Peter Agre,W2042279757|US-5858702,W2042279757,US-5858702
836,Carol W. Greider,Carol W. Greider,https://openalex.org/A5041730448,Carol W. Greider,W2026856852|US-5858777,W2026856852,US-5858777
743,K. Barry Sharpless,K. Barry Sharpless,https://openalex.org/A5077401880,K. Barry Sharpless,W2162354594|US-5859281,W2162354594,US-5859281
436,Susumu Tonegawa,Susumu Tonegawa,https://openalex.org/A5038557565,Susumu Tonegawa,W2140489687|US-5859307,W2140489687,US-5859307
436,Susumu Tonegawa,Susumu Tonegawa,https://openalex.org/A5038557565,Susumu Tonegawa,W2798889337|US-5859307,W2798889337,US-5859307
907,Hiroshi Amano,Hiroshi Amano,https://openalex.org/A5048399593,Hiroshi Amano,W2121395191|US-5862167,W2121395191,US-5862167
906,Isamu Akasaki,Isamu Akasaki,https://openalex.org/A5081597179,Isamu Akasaki,W2121395191|US-5862167,W2121395191,US-5862167
861,Bruce A. Beutler,Bruce A. Beutler,https://openalex.org/A5059140393,Bruce Beutler,W2104057569|US-5863535,W2104057569,US-5863535
729,Alan J. Heeger,Alan Heeger,https://openalex.org/A5087631107,Alan J. Heeger,W2018487567|US-5863981,W2018487567,US-5863981
875,Shinya Yamanaka,Shinya Yamanaka,https://openalex.org/A5081862387,Shinya Yamanaka,W2035216657|US-5866333,W2035216657,US-5866333
875,Shinya Yamanaka,Shinya Yamanaka,https://openalex.org/A5081862387,Shinya Yamanaka,W1593014981|US-5866333,W1593014981,US-5866333
875,Shinya Yamanaka,Shinya Yamanaka,https://openalex.org/A5081862387,Shinya Yamanaka,W2122877355|US-5866333,W2122877355,US-5866333
875,Shinya Yamanaka,Shinya Yamanaka,https://openalex.org/A5081862387,Shinya Yamanaka,W2101037254|US-5866333,W2101037254,US-5866333
273,Sidney Altman,Sidney Altman,https://openalex.org/A5003873129,Sidney Altman,W2262545252|US-5869248,W2262545252,US-5869248
273,Sidney Altman,Sidney Altman,https://openalex.org/A5003873129,Sidney Altman,W2062469184|US-5869248,W2062469184,US-5869248
273,Sidney Altman,Sidney Altman,https://openalex.org/A5003873129,Sidney Altman,W2060654150|US-5869248,W2060654150,US-5869248
273,Sidney Altman,Sidney Altman,https://openalex.org/A5003873129,Sidney Altman,W2039997550|US-5869248,W2039997550,US-5869248
274,Thomas R. Cech,Thomas R. Cech,https://openalex.org/A5017573996,Thomas R. Cech,W2042841971|US-5869254,W2042841971,US-5869254
729,Alan J. Heeger,Alan Heeger,https://openalex.org/A5087631107,Alan J. Heeger,W2057731465|US-5869350,W2057731465,US-5869350
729,Alan J. Heeger,Alan Heeger,https://openalex.org/A5087631107,Alan J. Heeger,W2063709465|US-5869350,W2063709465,US-5869350
727,Herbert Kroemer,Herbert Kroemer,https://openalex.org/A5055558095,H. Kroemer,W2063709465|US-5869350,W2063709465,US-5869350
824,Françoise Barré-Sinoussi,Françoise Barré-Sinoussi,https://openalex.org/A5107827488,Françoise Barré‐Sinoussi,W2035553258|US-5869631,W2035553258,US-5869631
825,Luc Montagnier,Luc Montagnier,https://openalex.org/A5016871448,Luc Montagnier,W2035553258|US-5869631,W2035553258,US-5869631
742,Ryoji Noyori,Ryoji Noyori,https://openalex.org/A5054350731,Ryōji Noyori,W2003246641|US-5869739,W2003246641,US-5869739
742,Ryoji Noyori,Ryoji Noyori,https://openalex.org/A5054350731,Ryōji Noyori,W2092993934|US-5869739,W2092993934,US-5869739
986,Michael Houghton,Michael Houghton,https://openalex.org/A5090612228,Michael Houghton,W2124917202|US-5871903,W2124917202,US-5871903
986,Michael Houghton,Michael Houghton,https://openalex.org/A5090612228,Michael Houghton,W2156709593|US-5871903,W2156709593,US-5871903
774,Richard Axel,Richard Axel,https://openalex.org/A5023563090,Richard Axel,W31403717|US-5871913,W31403717,US-5871913
922,Paul Modrich,Paul Modrich,https://openalex.org/A5060041272,Paul Modrich,W2154181923|US-5871925,W2154181923,US-5871925
987,Charles M. Rice,Charles M. Rice,https://openalex.org/A5019683467,Charles M. Rice,W2473454670|US-5874565,W2473454670,US-5874565
987,Charles M. Rice,Charles M. Rice,https://openalex.org/A5019683467,Charles M. Rice,W2160425277|US-5874565,W2160425277,US-5874565
987,Charles M. Rice,Charles M. Rice,https://openalex.org/A5019683467,Charles M. Rice,W2024986190|US-5874565,W2024986190,US-5874565
987,Charles M. Rice,Charles M. Rice,https://openalex.org/A5019683467,Charles M. Rice,W2045562270|US-5874565,W2045562270,US-5874565
987,Charles M. Rice,Charles M. Rice,https://openalex.org/A5019683467,Charles M. Rice,W1914884504|US-5874565,W1914884504,US-5874565
987,Charles M. Rice,Charles M. Rice,https://openalex.org/A5019683467,Charles M. Rice,W2078887917|US-5874565,W2078887917,US-5874565
987,Charles M. Rice,Charles M. Rice,https://openalex.org/A5019683467,Charles M. Rice,W2139624902|US-5874565,W2139624902,US-5874565
836,Carol W. Greider,Carol W. Greider,https://openalex.org/A5041730448,Carol W. Greider,W2026856852|US-5876979,W2026856852,US-5876979
836,Carol W. Greider,Carol W. Greider,https://openalex.org/A5041730448,Carol W. Greider,W2049866524|US-5876979,W2049866524,US-5876979
1052,John M. Martinis,John M. Martinis,https://openalex.org/A5043106778,John M. Martinis,W2740145935|US-5880467,W2740145935,US-5880467
1052,John M. Martinis,John M. Martinis,https://openalex.org/A5043106778,John M. Martinis,W2050628481|US-5880467,W2050628481,US-5880467
1052,John M. Martinis,John M. Martinis,https://openalex.org/A5043106778,John M. Martinis,W2743974933|US-5880467,W2743974933,US-5880467
1052,John M. Martinis,John M. Martinis,https://openalex.org/A5043106778,John M. Martinis,W2050662963|US-5880467,W2050662963,US-5880467
1052,John M. Martinis,John M. Martinis,https://openalex.org/A5043106778,John M. Martinis,W2065413946|US-5880467,W2065413946,US-5880467
1052,John M. Martinis,John M. Martinis,https://openalex.org/A5043106778,John M. Martinis,W2152914557|US-5880468,W2152914557,US-5880468
1052,John M. Martinis,John M. Martinis,https://openalex.org/A5043106778,John M. Martinis,W2076389452|US-5880468,W2076389452,US-5880468
961,Gérard Mourou,Gérard Mourou,https://openalex.org/A5057252770,G. Mourou,W4321272780|US-5880877,W4321272780,US-5880877
972,Gregg L. Semenza,Gregg L. Semenza,https://openalex.org/A5051276665,Gregg L. Semenza,W2011846070|US-5882914,W2011846070,US-5882914
972,Gregg L. Semenza,Gregg L. Semenza,https://openalex.org/A5051276665,Gregg L. Semenza,W2046440184|US-5882914,W2046440184,US-5882914
972,Gregg L. Semenza,Gregg L. Semenza,https://openalex.org/A5051276665,Gregg L. Semenza,W2024206845|US-5882914,W2024206845,US-5882914
972,Gregg L. Semenza,Gregg L. Semenza,https://openalex.org/A5051276665,Gregg L. Semenza,W2077688090|US-5882914,W2077688090,US-5882914
972,Gregg L. Semenza,Gregg L. Semenza,https://openalex.org/A5051276665,Gregg L. Semenza,W2060254175|US-5882914,W2060254175,US-5882914
972,Gregg L. Semenza,Gregg L. Semenza,https://openalex.org/A5051276665,Gregg L. Semenza,W2022773473|US-5882914,W2022773473,US-5882914
972,Gregg L. Semenza,Gregg L. Semenza,https://openalex.org/A5051276665,Gregg L. Semenza,W1721827275|US-5882914,W1721827275,US-5882914
972,Gregg L. Semenza,Gregg L. Semenza,https://openalex.org/A5051276665,Gregg L. Semenza,W2064193818|US-5882914,W2064193818,US-5882914
972,Gregg L. Semenza,Gregg L. Semenza,https://openalex.org/A5051276665,Gregg L. Semenza,W2177184392|US-5882914,W2177184392,US-5882914
972,Gregg L. Semenza,Gregg L. Semenza,https://openalex.org/A5051276665,Gregg L. Semenza,W1997971145|US-5882914,W1997971145,US-5882914
972,Gregg L. Semenza,Gregg L. Semenza,https://openalex.org/A5051276665,Gregg L. Semenza,W2151625241|US-5882914,W2151625241,US-5882914
972,Gregg L. Semenza,Gregg L. Semenza,https://openalex.org/A5051276665,Gregg L. Semenza,W2143343444|US-5882914,W2143343444,US-5882914
972,Gregg L. Semenza,Gregg L. Semenza,https://openalex.org/A5051276665,Gregg L. Semenza,W1974519880|US-5882914,W1974519880,US-5882914
972,Gregg L. Semenza,Gregg L. Semenza,https://openalex.org/A5051276665,Gregg L. Semenza,W2072839085|US-5882914,W2072839085,US-5882914
972,Gregg L. Semenza,Gregg L. Semenza,https://openalex.org/A5051276665,Gregg L. Semenza,W1550629899|US-5882914,W1550629899,US-5882914
972,Gregg L. Semenza,Gregg L. Semenza,https://openalex.org/A5051276665,Gregg L. Semenza,W2020277250|US-5882914,W2020277250,US-5882914
972,Gregg L. Semenza,Gregg L. Semenza,https://openalex.org/A5051276665,Gregg L. Semenza,W2050442786|US-5882914,W2050442786,US-5882914
972,Gregg L. Semenza,Gregg L. Semenza,https://openalex.org/A5051276665,Gregg L. Semenza,W2050869563|US-5882914,W2050869563,US-5882914
972,Gregg L. Semenza,Gregg L. Semenza,https://openalex.org/A5051276665,Gregg L. Semenza,W2022369905|US-5882914,W2022369905,US-5882914
972,Gregg L. Semenza,Gregg L. Semenza,https://openalex.org/A5051276665,Gregg L. Semenza,W2102526923|US-5882914,W2102526923,US-5882914
972,Gregg L. Semenza,Gregg L. Semenza,https://openalex.org/A5051276665,Gregg L. Semenza,W2028314932|US-5882914,W2028314932,US-5882914
972,Gregg L. Semenza,Gregg L. Semenza,https://openalex.org/A5051276665,Gregg L. Semenza,W2081635255|US-5882914,W2081635255,US-5882914
972,Gregg L. Semenza,Gregg L. Semenza,https://openalex.org/A5051276665,Gregg L. Semenza,W2091917736|US-5882914,W2091917736,US-5882914
972,Gregg L. Semenza,Gregg L. Semenza,https://openalex.org/A5051276665,Gregg L. Semenza,W1993608966|US-5882914,W1993608966,US-5882914
972,Gregg L. Semenza,Gregg L. Semenza,https://openalex.org/A5051276665,Gregg L. Semenza,W2085609942|US-5882914,W2085609942,US-5882914
972,Gregg L. Semenza,Gregg L. Semenza,https://openalex.org/A5051276665,Gregg L. Semenza,W2073292880|US-5882914,W2073292880,US-5882914
972,Gregg L. Semenza,Gregg L. Semenza,https://openalex.org/A5051276665,Gregg L. Semenza,W1994087300|US-5882914,W1994087300,US-5882914
436,Susumu Tonegawa,Susumu Tonegawa,https://openalex.org/A5038557565,Susumu Tonegawa,W2016945436|US-5882945,W2016945436,US-5882945
986,Michael Houghton,Michael Houghton,https://openalex.org/A5090612228,Michael Houghton,W1768550738|US-5885799,W1768550738,US-5885799
986,Michael Houghton,Michael Houghton,https://openalex.org/A5090612228,Michael Houghton,W2161741847|US-5885799,W2161741847,US-5885799
986,Michael Houghton,Michael Houghton,https://openalex.org/A5090612228,Michael Houghton,W30960515|US-5885799,W30960515,US-5885799
986,Michael Houghton,Michael Houghton,https://openalex.org/A5090612228,Michael Houghton,W2053064416|US-5885799,W2053064416,US-5885799
261,Robert Bruce Merrifield,Bruce Merrifield,https://openalex.org/A5104652915,R. B. Merrifield,W1991395255|US-5886104,W1991395255,US-5886104
825,Luc Montagnier,Luc Montagnier,https://openalex.org/A5016871448,Luc Montagnier,W2039975091|US-5889158,W2039975091,US-5889158
825,Luc Montagnier,Luc Montagnier,https://openalex.org/A5016871448,Luc Montagnier,W58215616|US-5889158,W58215616,US-5889158
824,Françoise Barré-Sinoussi,Françoise Barré-Sinoussi,https://openalex.org/A5107827488,Françoise Barré‐Sinoussi,W58215616|US-5889158,W58215616,US-5889158
824,Françoise Barré-Sinoussi,Françoise Barré-Sinoussi,https://openalex.org/A5107827488,Françoise Barré‐Sinoussi,W2006710190|US-5889158,W2006710190,US-5889158
825,Luc Montagnier,Luc Montagnier,https://openalex.org/A5016871448,Luc Montagnier,W2050489828|US-5889158,W2050489828,US-5889158
825,Luc Montagnier,Luc Montagnier,https://openalex.org/A5016871448,Luc Montagnier,W2008791719|US-5889158,W2008791719,US-5889158
907,Hiroshi Amano,Hiroshi Amano,https://openalex.org/A5048399593,Hiroshi Amano,W1998637054|US-5889806,W1998637054,US-5889806
906,Isamu Akasaki,Isamu Akasaki,https://openalex.org/A5081597179,Isamu Akasaki,W1998637054|US-5889806,W1998637054,US-5889806
433,Joseph L. Goldstein,Joseph L. Goldstein,https://openalex.org/A5058164552,Joseph L. Goldstein,W2040641918|US-5891631,W2040641918,US-5891631
432,Michael S. Brown,Michael S. Brown,https://openalex.org/A5079762911,Michael S. Brown,W2040641918|US-5891631,W2040641918,US-5891631
433,Joseph L. Goldstein,Joseph L. Goldstein,https://openalex.org/A5058164552,Joseph L. Goldstein,W2009616432|US-5891631,W2009616432,US-5891631
729,Alan J. Heeger,Alan Heeger,https://openalex.org/A5087631107,Alan J. Heeger,W3149915129|US-5895717,W3149915129,US-5895717
284,Robert F. Curl Jr.,Robert F. Curl Jr.,https://openalex.org/A5050630131,R. F. Curl,W1977184565|US-5901168,W1977184565,US-5901168
792,John L. Hall,John L. Hall,https://openalex.org/A5009444030,J. L. Hall,W1592488131|US-5901168,W1592488131,US-5901168
284,Robert F. Curl Jr.,Robert F. Curl Jr.,https://openalex.org/A5050630131,R. F. Curl,W2296087395|US-5901168,W2296087395,US-5901168
244,Ernst Otto Fischer,Ernst Otto Fischer,https://openalex.org/A5112083926,Ernst Otto Fischer,W2088634206|US-5905148,W2088634206,US-5905148
963,Frances H. Arnold,Frances H. Arnold,https://openalex.org/A5043841592,Frances H. Arnold,W1994240720|US-5906930,W1994240720,US-5906930
457,Stanley B. Prusiner,Stanley B. Prusiner,https://openalex.org/A5066991343,Stanley B. Prusiner,W2019748604|US-5908969,W2019748604,US-5908969
457,Stanley B. Prusiner,Stanley B. Prusiner,https://openalex.org/A5066991343,Stanley B. Prusiner,W2127224817|US-5908969,W2127224817,US-5908969
457,Stanley B. Prusiner,Stanley B. Prusiner,https://openalex.org/A5066991343,Stanley B. Prusiner,W951074575|US-5908969,W951074575,US-5908969
457,Stanley B. Prusiner,Stanley B. Prusiner,https://openalex.org/A5066991343,Stanley B. Prusiner,W2121611717|US-5908969,W2121611717,US-5908969
457,Stanley B. Prusiner,Stanley B. Prusiner,https://openalex.org/A5066991343,Stanley B. Prusiner,W2077118428|US-5908969,W2077118428,US-5908969
457,Stanley B. Prusiner,Stanley B. Prusiner,https://openalex.org/A5066991343,Stanley B. Prusiner,W2132770231|US-5908969,W2132770231,US-5908969
457,Stanley B. Prusiner,Stanley B. Prusiner,https://openalex.org/A5066991343,Stanley B. Prusiner,W2167564565|US-5908969,W2167564565,US-5908969
976,John B. Goodenough,John B. Goodenough,https://openalex.org/A5088016695,John B. Goodenough,W2072430054|US-5910382,W2072430054,US-5910382
976,John B. Goodenough,John B. Goodenough,https://openalex.org/A5088016695,John B. Goodenough,W940656163|US-5910382,W940656163,US-5910382
245,Geoffrey Wilkinson,Geoffrey Wilkinson,https://openalex.org/A5015414548,G. Wilkinson,W1550666015|US-5912120,W1550666015,US-5912120
245,Geoffrey Wilkinson,Geoffrey Wilkinson,https://openalex.org/A5015414548,G. Wilkinson,W1915630750|US-5912120,W1915630750,US-5912120
831,Roger Y. Tsien,Roger Y. Tsien,https://openalex.org/A5109193097,Roger Y. Tsien,W2107811381|US-5912137,W2107811381,US-5912137
795,Robert H. Grubbs,Robert H. Grubbs,https://openalex.org/A5078597191,Robert H. Grubbs,W2071140820|US-5917071,W2071140820,US-5917071
922,Paul Modrich,Paul Modrich,https://openalex.org/A5060041272,Paul Modrich,W2118144642|US-5922539,W2118144642,US-5922539
986,Michael Houghton,Michael Houghton,https://openalex.org/A5090612228,Michael Houghton,W2073595013|US-5922857,W2073595013,US-5922857
861,Bruce A. Beutler,Bruce A. Beutler,https://openalex.org/A5059140393,Bruce Beutler,W1993278332|US-5925548,W1993278332,US-5925548
831,Roger Y. Tsien,Roger Y. Tsien,https://openalex.org/A5109193097,Roger Y. Tsien,W1968831085|US-5925558,W1968831085,US-5925558
831,Roger Y. Tsien,Roger Y. Tsien,https://openalex.org/A5109193097,Roger Y. Tsien,W2107811381|US-5925558,W2107811381,US-5925558
723,Paul Greengard,Paul Greengard,https://openalex.org/A5052825834,Paul Greengard,W2131065520|US-5928882,W2131065520,US-5928882
743,K. Barry Sharpless,K. Barry Sharpless,https://openalex.org/A5077401880,K. Barry Sharpless,W2002572540|US-5929252,W2002572540,US-5929252
986,Michael Houghton,Michael Houghton,https://openalex.org/A5090612228,Michael Houghton,W2627025017|US-5932219,W2627025017,US-5932219
986,Michael Houghton,Michael Houghton,https://openalex.org/A5090612228,Michael Houghton,W2166199750|US-5932219,W2166199750,US-5932219
986,Michael Houghton,Michael Houghton,https://openalex.org/A5090612228,Michael Houghton,W2035991334|US-5932219,W2035991334,US-5932219
986,Michael Houghton,Michael Houghton,https://openalex.org/A5090612228,Michael Houghton,W2006309458|US-5932219,W2006309458,US-5932219
986,Michael Houghton,Michael Houghton,https://openalex.org/A5090612228,Michael Houghton,W30960515|US-5942234,W30960515,US-5942234
986,Michael Houghton,Michael Houghton,https://openalex.org/A5090612228,Michael Houghton,W2161741847|US-5942234,W2161741847,US-5942234
986,Michael Houghton,Michael Houghton,https://openalex.org/A5090612228,Michael Houghton,W2062979587|US-5942234,W2062979587,US-5942234
831,Roger Y. Tsien,Roger Y. Tsien,https://openalex.org/A5109193097,Roger Y. Tsien,W1595593492|US-5948906,W1595593492,US-5948906
831,Roger Y. Tsien,Roger Y. Tsien,https://openalex.org/A5109193097,Roger Y. Tsien,W1601936385|US-5948906,W1601936385,US-5948906
730,Alan G. MacDiarmid,Alan MacDiarmid,https://openalex.org/A5008830363,A. G. MacDiarmid,W345584254|US-5955834,W345584254,US-5955834
730,Alan G. MacDiarmid,Alan MacDiarmid,https://openalex.org/A5008830363,A. G. MacDiarmid,W1977372704|US-5955834,W1977372704,US-5955834
1027,Ferenc Krausz,Ferenc Krausz,https://openalex.org/A5049801219,Ferenc Krausz,W2089525451|US-5956173,W2089525451,US-5956173
774,Richard Axel,Richard Axel,https://openalex.org/A5023563090,Richard Axel,W31403717|US-5958678,W31403717,US-5958678
774,Richard Axel,Richard Axel,https://openalex.org/A5023563090,Richard Axel,W2018643676|US-5958678,W2018643676,US-5958678
836,Carol W. Greider,Carol W. Greider,https://openalex.org/A5041730448,Carol W. Greider,W2026856852|US-5958680,W2026856852,US-5958680
986,Michael Houghton,Michael Houghton,https://openalex.org/A5090612228,Michael Houghton,W2156709593|US-5959092,W2156709593,US-5959092
986,Michael Houghton,Michael Houghton,https://openalex.org/A5090612228,Michael Houghton,W2124917202|US-5959092,W2124917202,US-5959092
1048,Frederick J. Ramsdell,Fred Ramsdell,https://openalex.org/A5050752577,Fred Ramsdell,W1938523018|US-5961974,W1938523018,US-5961974
433,Joseph L. Goldstein,Joseph L. Goldstein,https://openalex.org/A5058164552,Joseph L. Goldstein,W1557478309|US-5962243,W1557478309,US-5962243
432,Michael S. Brown,Michael S. Brown,https://openalex.org/A5079762911,Michael S. Brown,W1557478309|US-5962243,W1557478309,US-5962243
433,Joseph L. Goldstein,Joseph L. Goldstein,https://openalex.org/A5058164552,Joseph L. Goldstein,W1480582415|US-5962243,W1480582415,US-5962243
432,Michael S. Brown,Michael S. Brown,https://openalex.org/A5079762911,Michael S. Brown,W1480582415|US-5962243,W1480582415,US-5962243
433,Joseph L. Goldstein,Joseph L. Goldstein,https://openalex.org/A5058164552,Joseph L. Goldstein,W2037480365|US-5962243,W2037480365,US-5962243
432,Michael S. Brown,Michael S. Brown,https://openalex.org/A5079762911,Michael S. Brown,W2037480365|US-5962243,W2037480365,US-5962243
751,H. Robert Horvitz,H. Robert Horvitz,https://openalex.org/A5075093223,H. Robert Horvitz,W2151552476|US-5962301,W2151552476,US-5962301
751,H. Robert Horvitz,H. Robert Horvitz,https://openalex.org/A5075093223,H. Robert Horvitz,W2149755594|US-5962301,W2149755594,US-5962301
1015,Carolyn R. Bertozzi,Carolyn Bertozzi,https://openalex.org/A5088409133,Carolyn R. Bertozzi,W1997379663|US-5962422,W1997379663,US-5962422
457,Stanley B. Prusiner,Stanley B. Prusiner,https://openalex.org/A5066991343,Stanley B. Prusiner,W201006271|US-5962669,W201006271,US-5962669
457,Stanley B. Prusiner,Stanley B. Prusiner,https://openalex.org/A5066991343,Stanley B. Prusiner,W1985381634|US-5962669,W1985381634,US-5962669
457,Stanley B. Prusiner,Stanley B. Prusiner,https://openalex.org/A5066991343,Stanley B. Prusiner,W2049627175|US-5962669,W2049627175,US-5962669
457,Stanley B. Prusiner,Stanley B. Prusiner,https://openalex.org/A5066991343,Stanley B. Prusiner,W2029162694|US-5962669,W2029162694,US-5962669
457,Stanley B. Prusiner,Stanley B. Prusiner,https://openalex.org/A5066991343,Stanley B. Prusiner,W2072404596|US-5962669,W2072404596,US-5962669
457,Stanley B. Prusiner,Stanley B. Prusiner,https://openalex.org/A5066991343,Stanley B. Prusiner,W2023529808|US-5962669,W2023529808,US-5962669
457,Stanley B. Prusiner,Stanley B. Prusiner,https://openalex.org/A5066991343,Stanley B. Prusiner,W1976207582|US-5962669,W1976207582,US-5962669
457,Stanley B. Prusiner,Stanley B. Prusiner,https://openalex.org/A5066991343,Stanley B. Prusiner,W2018675827|US-5962669,W2018675827,US-5962669
457,Stanley B. Prusiner,Stanley B. Prusiner,https://openalex.org/A5066991343,Stanley B. Prusiner,W2026072486|US-5962669,W2026072486,US-5962669
457,Stanley B. Prusiner,Stanley B. Prusiner,https://openalex.org/A5066991343,Stanley B. Prusiner,W1974556420|US-5962669,W1974556420,US-5962669
457,Stanley B. Prusiner,Stanley B. Prusiner,https://openalex.org/A5066991343,Stanley B. Prusiner,W2020312730|US-5962669,W2020312730,US-5962669
457,Stanley B. Prusiner,Stanley B. Prusiner,https://openalex.org/A5066991343,Stanley B. Prusiner,W2087611759|US-5962669,W2087611759,US-5962669
457,Stanley B. Prusiner,Stanley B. Prusiner,https://openalex.org/A5066991343,Stanley B. Prusiner,W1572450776|US-5962669,W1572450776,US-5962669
406,David Baltimore,David Baltimore,https://openalex.org/A5042763205,David Baltimore,W2053053887|US-5965124,W2053053887,US-5965124
729,Alan J. Heeger,Alan Heeger,https://openalex.org/A5087631107,Alan J. Heeger,W2085920376|US-5965281,W2085920376,US-5965281
729,Alan J. Heeger,Alan Heeger,https://openalex.org/A5087631107,Alan J. Heeger,W2062250160|US-5965281,W2062250160,US-5965281
729,Alan J. Heeger,Alan Heeger,https://openalex.org/A5087631107,Alan J. Heeger,W1991309494|US-5966393,W1991309494,US-5966393
729,Alan J. Heeger,Alan Heeger,https://openalex.org/A5087631107,Alan J. Heeger,W2055530262|US-5968416,W2055530262,US-5968416
729,Alan J. Heeger,Alan Heeger,https://openalex.org/A5087631107,Alan J. Heeger,W2090166574|US-5968416,W2090166574,US-5968416
291,John A. Pople,John Pople,https://openalex.org/A5038387078,John A. Pople,W1993865354|US-5969070,W1993865354,US-5969070
795,Robert H. Grubbs,Robert H. Grubbs,https://openalex.org/A5078597191,Robert H. Grubbs,W1994356710|US-5969170,W1994356710,US-5969170
836,Carol W. Greider,Carol W. Greider,https://openalex.org/A5041730448,Carol W. Greider,W2026856852|US-5972605,W2026856852,US-5972605
836,Carol W. Greider,Carol W. Greider,https://openalex.org/A5041730448,Carol W. Greider,W2063271191|US-5972605,W2063271191,US-5972605
1015,Carolyn R. Bertozzi,Carolyn Bertozzi,https://openalex.org/A5088409133,Carolyn R. Bertozzi,W2050680553|US-5972625,W2050680553,US-5972625
433,Joseph L. Goldstein,Joseph L. Goldstein,https://openalex.org/A5058164552,Joseph L. Goldstein,W1557478309|US-5976851,W1557478309,US-5976851
432,Michael S. Brown,Michael S. Brown,https://openalex.org/A5079762911,Michael S. Brown,W1557478309|US-5976851,W1557478309,US-5976851
432,Michael S. Brown,Michael S. Brown,https://openalex.org/A5079762911,Michael S. Brown,W2056942156|US-5976851,W2056942156,US-5976851
433,Joseph L. Goldstein,Joseph L. Goldstein,https://openalex.org/A5058164552,Joseph L. Goldstein,W2056942156|US-5976851,W2056942156,US-5976851
433,Joseph L. Goldstein,Joseph L. Goldstein,https://openalex.org/A5058164552,Joseph L. Goldstein,W2060264934|US-5976851,W2060264934,US-5976851
273,Sidney Altman,Sidney Altman,https://openalex.org/A5003873129,Sidney Altman,W4231492812|US-5976874,W4231492812,US-5976874
1015,Carolyn R. Bertozzi,Carolyn Bertozzi,https://openalex.org/A5088409133,Carolyn R. Bertozzi,W2436218925|US-5977080,W2436218925,US-5977080
1015,Carolyn R. Bertozzi,Carolyn Bertozzi,https://openalex.org/A5088409133,Carolyn R. Bertozzi,W1997379663|US-5977080,W1997379663,US-5977080
436,Susumu Tonegawa,Susumu Tonegawa,https://openalex.org/A5038557565,Susumu Tonegawa,W2016945436|US-5977321,W2016945436,US-5977321
795,Robert H. Grubbs,Robert H. Grubbs,https://openalex.org/A5078597191,Robert H. Grubbs,W2041403339|US-5977393,W2041403339,US-5977393
970,William G. Kaelin Jr,William G. Kaelin Jr,https://openalex.org/A5088456751,William G. Kaelin,W2083181195|US-5981723,W2083181195,US-5981723
970,William G. Kaelin Jr,William G. Kaelin Jr,https://openalex.org/A5088456751,William G. Kaelin,W2137433289|US-5981723,W2137433289,US-5981723
970,William G. Kaelin Jr,William G. Kaelin Jr,https://openalex.org/A5088456751,William G. Kaelin,W2037065330|US-5981723,W2037065330,US-5981723
970,William G. Kaelin Jr,William G. Kaelin Jr,https://openalex.org/A5088456751,William G. Kaelin,W2026054916|US-5981723,W2026054916,US-5981723
1002,Benjamin List,Benjamin List,https://openalex.org/A5040055598,Benjamin List,W2086518019|US-5985626,W2086518019,US-5985626
1002,Benjamin List,Benjamin List,https://openalex.org/A5040055598,Benjamin List,W2062784766|US-5985626,W2062784766,US-5985626
1002,Benjamin List,Benjamin List,https://openalex.org/A5040055598,Benjamin List,W1556223086|US-5985626,W1556223086,US-5985626
1002,Benjamin List,Benjamin List,https://openalex.org/A5040055598,Benjamin List,W2026658529|US-5985626,W2026658529,US-5985626
958,James P. Allison,James P. Allison,https://openalex.org/A5047117233,James P. Allison,W1501546725|US-5985656,W1501546725,US-5985656
398,Gerald M. Edelman,Gerald M. Edelman,https://openalex.org/A5111917213,Gerald M. Edelman,W2083530910|US-5985822,W2083530910,US-5985822
1015,Carolyn R. Bertozzi,Carolyn Bertozzi,https://openalex.org/A5088409133,Carolyn R. Bertozzi,W2146976502|US-5985852,W2146976502,US-5985852
861,Bruce A. Beutler,Bruce A. Beutler,https://openalex.org/A5059140393,Bruce Beutler,W2104057569|US-5989836,W2104057569,US-5989836
986,Michael Houghton,Michael Houghton,https://openalex.org/A5090612228,Michael Houghton,W2092200952|US-5989905,W2092200952,US-5989905
986,Michael Houghton,Michael Houghton,https://openalex.org/A5090612228,Michael Houghton,W1979919755|US-5989905,W1979919755,US-5989905
126,Klaus von Klitzing,Klaus von Klitzing,https://openalex.org/A5056170134,K. von Klitzing,W2071207386|US-5989947,W2071207386,US-5989947
863,Ralph M. Steinman,Ralph M. Steinman,https://openalex.org/A5113434905,Ralph M. Steinman,W2059787743|US-5994126,W2059787743,US-5994126
863,Ralph M. Steinman,Ralph M. Steinman,https://openalex.org/A5113434905,Ralph M. Steinman,W2062569980|US-5994126,W2062569980,US-5994126
863,Ralph M. Steinman,Ralph M. Steinman,https://openalex.org/A5113434905,Ralph M. Steinman,W2146086412|US-5994126,W2146086412,US-5994126
863,Ralph M. Steinman,Ralph M. Steinman,https://openalex.org/A5113434905,Ralph M. Steinman,W2166876123|US-5994126,W2166876123,US-5994126
743,K. Barry Sharpless,K. Barry Sharpless,https://openalex.org/A5077401880,K. Barry Sharpless,W2037871926|US-5994583,W2037871926,US-5994583
730,Alan G. MacDiarmid,Alan MacDiarmid,https://openalex.org/A5008830363,A. G. MacDiarmid,W345584254|US-6004681,W345584254,US-6004681
730,Alan G. MacDiarmid,Alan MacDiarmid,https://openalex.org/A5008830363,A. G. MacDiarmid,W1977372704|US-6004681,W1977372704,US-6004681
976,John B. Goodenough,John B. Goodenough,https://openalex.org/A5088016695,John B. Goodenough,W2012400207|US-6004688,W2012400207,US-6004688
259,Aaron Klug,Aaron Klug,https://openalex.org/A5106084352,Aaron Klug,W1993006141|US-6007988,W1993006141,US-6007988
835,Elizabeth H. Blackburn,Elizabeth H. Blackburn,https://openalex.org/A5064437582,Elizabeth H. Blackburn,W2419109048|US-6007989,W2419109048,US-6007989
743,K. Barry Sharpless,K. Barry Sharpless,https://openalex.org/A5077401880,K. Barry Sharpless,W2002572540|US-6008376,W2002572540,US-6008376
252,Herbert C. Brown,Herbert C. Brown,https://openalex.org/A5113728728,Herbert C. Brown,W1968393909|US-6008414,W1968393909,US-6008414
252,Herbert C. Brown,Herbert C. Brown,https://openalex.org/A5113728728,Herbert C. Brown,W2949249088|US-6008414,W2949249088,US-6008414
252,Herbert C. Brown,Herbert C. Brown,https://openalex.org/A5113728728,Herbert C. Brown,W2949227372|US-6008414,W2949227372,US-6008414
457,Stanley B. Prusiner,Stanley B. Prusiner,https://openalex.org/A5066991343,Stanley B. Prusiner,W2132770231|US-6008435,W2132770231,US-6008435
457,Stanley B. Prusiner,Stanley B. Prusiner,https://openalex.org/A5066991343,Stanley B. Prusiner,W1983750916|US-6008435,W1983750916,US-6008435
457,Stanley B. Prusiner,Stanley B. Prusiner,https://openalex.org/A5066991343,Stanley B. Prusiner,W2049627175|US-6008435,W2049627175,US-6008435
457,Stanley B. Prusiner,Stanley B. Prusiner,https://openalex.org/A5066991343,Stanley B. Prusiner,W2019748604|US-6008435,W2019748604,US-6008435
457,Stanley B. Prusiner,Stanley B. Prusiner,https://openalex.org/A5066991343,Stanley B. Prusiner,W2060227896|US-6008435,W2060227896,US-6008435
126,Klaus von Klitzing,Klaus von Klitzing,https://openalex.org/A5056170134,K. von Klitzing,W1996948601|US-6008643,W1996948601,US-6008643
740,Carl E. Wieman,Carl Wieman,https://openalex.org/A5006656464,Carl Wieman,W2030722531|US-6009111,W2030722531,US-6009111
259,Aaron Klug,Aaron Klug,https://openalex.org/A5106084352,Aaron Klug,W1993006141|US-6013453,W1993006141,US-6013453
836,Carol W. Greider,Carol W. Greider,https://openalex.org/A5041730448,Carol W. Greider,W2026856852|US-6013468,W2026856852,US-6013468
836,Carol W. Greider,Carol W. Greider,https://openalex.org/A5041730448,Carol W. Greider,W2049866524|US-6013468,W2049866524,US-6013468
723,Paul Greengard,Paul Greengard,https://openalex.org/A5052825834,Paul Greengard,W2146439993|US-6013621,W2146439993,US-6013621
723,Paul Greengard,Paul Greengard,https://openalex.org/A5052825834,Paul Greengard,W2086048722|US-6013621,W2086048722,US-6013621
961,Gérard Mourou,Gérard Mourou,https://openalex.org/A5057252770,G. Mourou,W4321272780|US-6014249,W4321272780,US-6014249
286,Richard E. Smalley,Richard E. Smalley,https://openalex.org/A5015746014,R. E. Smalley,W2153880375|US-6017709,W2153880375,US-6017709
861,Bruce A. Beutler,Bruce A. Beutler,https://openalex.org/A5059140393,Bruce Beutler,W2104057569|US-6019969,W2104057569,US-6019969
972,Gregg L. Semenza,Gregg L. Semenza,https://openalex.org/A5051276665,Gregg L. Semenza,W2143343444|US-6020462,W2143343444,US-6020462
972,Gregg L. Semenza,Gregg L. Semenza,https://openalex.org/A5051276665,Gregg L. Semenza,W2151625241|US-6020462,W2151625241,US-6020462
972,Gregg L. Semenza,Gregg L. Semenza,https://openalex.org/A5051276665,Gregg L. Semenza,W2024206845|US-6020462,W2024206845,US-6020462
972,Gregg L. Semenza,Gregg L. Semenza,https://openalex.org/A5051276665,Gregg L. Semenza,W2046440184|US-6020462,W2046440184,US-6020462
972,Gregg L. Semenza,Gregg L. Semenza,https://openalex.org/A5051276665,Gregg L. Semenza,W2064193818|US-6020462,W2064193818,US-6020462
972,Gregg L. Semenza,Gregg L. Semenza,https://openalex.org/A5051276665,Gregg L. Semenza,W2081635255|US-6020462,W2081635255,US-6020462
972,Gregg L. Semenza,Gregg L. Semenza,https://openalex.org/A5051276665,Gregg L. Semenza,W2020277250|US-6020462,W2020277250,US-6020462
972,Gregg L. Semenza,Gregg L. Semenza,https://openalex.org/A5051276665,Gregg L. Semenza,W1937401270|US-6020462,W1937401270,US-6020462
972,Gregg L. Semenza,Gregg L. Semenza,https://openalex.org/A5051276665,Gregg L. Semenza,W2060254175|US-6020462,W2060254175,US-6020462
972,Gregg L. Semenza,Gregg L. Semenza,https://openalex.org/A5051276665,Gregg L. Semenza,W1993608966|US-6020462,W1993608966,US-6020462
972,Gregg L. Semenza,Gregg L. Semenza,https://openalex.org/A5051276665,Gregg L. Semenza,W2073292880|US-6020462,W2073292880,US-6020462
972,Gregg L. Semenza,Gregg L. Semenza,https://openalex.org/A5051276665,Gregg L. Semenza,W2085609942|US-6020462,W2085609942,US-6020462
972,Gregg L. Semenza,Gregg L. Semenza,https://openalex.org/A5051276665,Gregg L. Semenza,W1974519880|US-6020462,W1974519880,US-6020462
972,Gregg L. Semenza,Gregg L. Semenza,https://openalex.org/A5051276665,Gregg L. Semenza,W2072839085|US-6020462,W2072839085,US-6020462
972,Gregg L. Semenza,Gregg L. Semenza,https://openalex.org/A5051276665,Gregg L. Semenza,W2050442786|US-6020462,W2050442786,US-6020462
972,Gregg L. Semenza,Gregg L. Semenza,https://openalex.org/A5051276665,Gregg L. Semenza,W2072227408|US-6020462,W2072227408,US-6020462
972,Gregg L. Semenza,Gregg L. Semenza,https://openalex.org/A5051276665,Gregg L. Semenza,W2177184392|US-6020462,W2177184392,US-6020462
972,Gregg L. Semenza,Gregg L. Semenza,https://openalex.org/A5051276665,Gregg L. Semenza,W2011846070|US-6020462,W2011846070,US-6020462
972,Gregg L. Semenza,Gregg L. Semenza,https://openalex.org/A5051276665,Gregg L. Semenza,W2022369905|US-6020462,W2022369905,US-6020462
972,Gregg L. Semenza,Gregg L. Semenza,https://openalex.org/A5051276665,Gregg L. Semenza,W2028314932|US-6020462,W2028314932,US-6020462
972,Gregg L. Semenza,Gregg L. Semenza,https://openalex.org/A5051276665,Gregg L. Semenza,W1997971145|US-6020462,W1997971145,US-6020462
972,Gregg L. Semenza,Gregg L. Semenza,https://openalex.org/A5051276665,Gregg L. Semenza,W2077688090|US-6020462,W2077688090,US-6020462
972,Gregg L. Semenza,Gregg L. Semenza,https://openalex.org/A5051276665,Gregg L. Semenza,W1994087300|US-6020462,W1994087300,US-6020462
972,Gregg L. Semenza,Gregg L. Semenza,https://openalex.org/A5051276665,Gregg L. Semenza,W2091917736|US-6020462,W2091917736,US-6020462
972,Gregg L. Semenza,Gregg L. Semenza,https://openalex.org/A5051276665,Gregg L. Semenza,W2022773473|US-6020462,W2022773473,US-6020462
972,Gregg L. Semenza,Gregg L. Semenza,https://openalex.org/A5051276665,Gregg L. Semenza,W1721827275|US-6020462,W1721827275,US-6020462
972,Gregg L. Semenza,Gregg L. Semenza,https://openalex.org/A5051276665,Gregg L. Semenza,W2102526923|US-6020462,W2102526923,US-6020462
972,Gregg L. Semenza,Gregg L. Semenza,https://openalex.org/A5051276665,Gregg L. Semenza,W2043433914|US-6020462,W2043433914,US-6020462
972,Gregg L. Semenza,Gregg L. Semenza,https://openalex.org/A5051276665,Gregg L. Semenza,W2050869563|US-6020462,W2050869563,US-6020462
457,Stanley B. Prusiner,Stanley B. Prusiner,https://openalex.org/A5066991343,Stanley B. Prusiner,W2130110018|US-6020537,W2130110018,US-6020537
457,Stanley B. Prusiner,Stanley B. Prusiner,https://openalex.org/A5066991343,Stanley B. Prusiner,W2159035364|US-6020537,W2159035364,US-6020537
457,Stanley B. Prusiner,Stanley B. Prusiner,https://openalex.org/A5066991343,Stanley B. Prusiner,W1572450776|US-6020537,W1572450776,US-6020537
457,Stanley B. Prusiner,Stanley B. Prusiner,https://openalex.org/A5066991343,Stanley B. Prusiner,W154664776|US-6020537,W154664776,US-6020537
457,Stanley B. Prusiner,Stanley B. Prusiner,https://openalex.org/A5066991343,Stanley B. Prusiner,W2461531905|US-6020537,W2461531905,US-6020537
457,Stanley B. Prusiner,Stanley B. Prusiner,https://openalex.org/A5066991343,Stanley B. Prusiner,W2475777834|US-6020537,W2475777834,US-6020537
457,Stanley B. Prusiner,Stanley B. Prusiner,https://openalex.org/A5066991343,Stanley B. Prusiner,W2072244190|US-6020537,W2072244190,US-6020537
457,Stanley B. Prusiner,Stanley B. Prusiner,https://openalex.org/A5066991343,Stanley B. Prusiner,W1976207582|US-6020537,W1976207582,US-6020537
1050,John Clarke,John Clarke,https://openalex.org/A5010797318,John Clarke,W2031743239|US-6023161,W2031743239,US-6023161
1050,John Clarke,John Clarke,https://openalex.org/A5010797318,John Clarke,W2004826404|US-6023161,W2004826404,US-6023161
1050,John Clarke,John Clarke,https://openalex.org/A5010797318,John Clarke,W2085993426|US-6023161,W2085993426,US-6023161
274,Thomas R. Cech,Thomas R. Cech,https://openalex.org/A5017573996,Thomas R. Cech,W2060510537|US-6025167,W2060510537,US-6025167
274,Thomas R. Cech,Thomas R. Cech,https://openalex.org/A5017573996,Thomas R. Cech,W1968282235|US-6025167,W1968282235,US-6025167
274,Thomas R. Cech,Thomas R. Cech,https://openalex.org/A5017573996,Thomas R. Cech,W2022449135|US-6025167,W2022449135,US-6025167
274,Thomas R. Cech,Thomas R. Cech,https://openalex.org/A5017573996,Thomas R. Cech,W2154989771|US-6025167,W2154989771,US-6025167
986,Michael Houghton,Michael Houghton,https://openalex.org/A5090612228,Michael Houghton,W2159680643|US-6027729,W2159680643,US-6027729
825,Luc Montagnier,Luc Montagnier,https://openalex.org/A5016871448,Luc Montagnier,W2008791719|US-6037165,W2008791719,US-6037165
825,Luc Montagnier,Luc Montagnier,https://openalex.org/A5016871448,Luc Montagnier,W2050489828|US-6037165,W2050489828,US-6037165
278,Kary B. Mullis,Kary B. Mullis,https://openalex.org/A5073738482,Kary B. Mullis,W2032118018|US-6040166,W2032118018,US-6040166
723,Paul Greengard,Paul Greengard,https://openalex.org/A5052825834,Paul Greengard,W4205261758|US-6040168,W4205261758,US-6040168
723,Paul Greengard,Paul Greengard,https://openalex.org/A5052825834,Paul Greengard,W2130185623|US-6040168,W2130185623,US-6040168
723,Paul Greengard,Paul Greengard,https://openalex.org/A5052825834,Paul Greengard,W1964008903|US-6040168,W1964008903,US-6040168
861,Bruce A. Beutler,Bruce A. Beutler,https://openalex.org/A5059140393,Bruce Beutler,W2104057569|US-6046309,W2104057569,US-6046309
831,Roger Y. Tsien,Roger Y. Tsien,https://openalex.org/A5109193097,Roger Y. Tsien,W1626513324|US-6046925,W1626513324,US-6046925
911,William E. Moerner,William E. Moerner,https://openalex.org/A5068018832,W. E. Moerner,W1626513324|US-6046925,W1626513324,US-6046925
825,Luc Montagnier,Luc Montagnier,https://openalex.org/A5016871448,Luc Montagnier,W2050489828|US-6048685,W2050489828,US-6048685
825,Luc Montagnier,Luc Montagnier,https://openalex.org/A5016871448,Luc Montagnier,W2059910556|US-6048685,W2059910556,US-6048685
795,Robert H. Grubbs,Robert H. Grubbs,https://openalex.org/A5078597191,Robert H. Grubbs,W2071140820|US-6048993,W2071140820,US-6048993
958,James P. Allison,James P. Allison,https://openalex.org/A5047117233,James P. Allison,W2162856391|US-6051227,W2162856391,US-6051227
958,James P. Allison,James P. Allison,https://openalex.org/A5047117233,James P. Allison,W2094366129|US-6051227,W2094366129,US-6051227
958,James P. Allison,James P. Allison,https://openalex.org/A5047117233,James P. Allison,W2020775082|US-6051227,W2020775082,US-6051227
958,James P. Allison,James P. Allison,https://openalex.org/A5047117233,James P. Allison,W72456621|US-6051227,W72456621,US-6051227
831,Roger Y. Tsien,Roger Y. Tsien,https://openalex.org/A5109193097,Roger Y. Tsien,W2061104342|US-6054321,W2061104342,US-6054321
836,Carol W. Greider,Carol W. Greider,https://openalex.org/A5041730448,Carol W. Greider,W2026856852|US-6054575,W2026856852,US-6054575
836,Carol W. Greider,Carol W. Greider,https://openalex.org/A5041730448,Carol W. Greider,W2049866524|US-6054575,W2049866524,US-6054575
986,Michael Houghton,Michael Houghton,https://openalex.org/A5090612228,Michael Houghton,W2073595013|US-6057093,W2073595013,US-6057093
412,Andrew V. Schally,Andrew V. Schally,https://openalex.org/A5068739269,Andrew V. Schally,W2042152927|US-6057422,W2042152927,US-6057422
412,Andrew V. Schally,Andrew V. Schally,https://openalex.org/A5068739269,Andrew V. Schally,W2001483661|US-6057422,W2001483661,US-6057422
412,Andrew V. Schally,Andrew V. Schally,https://openalex.org/A5068739269,Andrew V. Schally,W1966811598|US-6057422,W1966811598,US-6057422
743,K. Barry Sharpless,K. Barry Sharpless,https://openalex.org/A5077401880,K. Barry Sharpless,W1986905502|US-6057473,W1986905502,US-6057473
750,Sydney Brenner,Sydney Brenner,https://openalex.org/A5111910776,Sydney Brenner,W2017423606|US-6060596,W2017423606,US-6060596
750,Sydney Brenner,Sydney Brenner,https://openalex.org/A5111910776,Sydney Brenner,W2089949578|US-6060596,W2089949578,US-6060596
963,Frances H. Arnold,Frances H. Arnold,https://openalex.org/A5043841592,Frances H. Arnold,W2170417656|US-6063637,W2170417656,US-6063637
831,Roger Y. Tsien,Roger Y. Tsien,https://openalex.org/A5109193097,Roger Y. Tsien,W2077835601|US-6066476,W2077835601,US-6066476
831,Roger Y. Tsien,Roger Y. Tsien,https://openalex.org/A5109193097,Roger Y. Tsien,W2061104342|US-6066476,W2061104342,US-6066476
986,Michael Houghton,Michael Houghton,https://openalex.org/A5090612228,Michael Houghton,W1729315479|US-6071693,W1729315479,US-6071693
939,Michael Rosbash,Michael Rosbash,https://openalex.org/A5068402917,Michael Rosbash,W2020662133|US-6071700,W2020662133,US-6071700
986,Michael Houghton,Michael Houghton,https://openalex.org/A5090612228,Michael Houghton,W2159680643|US-6074816,W2159680643,US-6074816
986,Michael Houghton,Michael Houghton,https://openalex.org/A5090612228,Michael Houghton,W2161741847|US-6074846,W2161741847,US-6074846
986,Michael Houghton,Michael Houghton,https://openalex.org/A5090612228,Michael Houghton,W2062979587|US-6074846,W2062979587,US-6074846
986,Michael Houghton,Michael Houghton,https://openalex.org/A5090612228,Michael Houghton,W2161741847|US-6074852,W2161741847,US-6074852
986,Michael Houghton,Michael Houghton,https://openalex.org/A5090612228,Michael Houghton,W30960515|US-6074852,W30960515,US-6074852
986,Michael Houghton,Michael Houghton,https://openalex.org/A5090612228,Michael Houghton,W2062979587|US-6074852,W2062979587,US-6074852
1015,Carolyn R. Bertozzi,Carolyn Bertozzi,https://openalex.org/A5088409133,Carolyn R. Bertozzi,W1595841096|US-6075134,W1595841096,US-6075134
831,Roger Y. Tsien,Roger Y. Tsien,https://openalex.org/A5109193097,Roger Y. Tsien,W2061104342|US-6077707,W2061104342,US-6077707
795,Robert H. Grubbs,Robert H. Grubbs,https://openalex.org/A5078597191,Robert H. Grubbs,W2033736258|US-6080826,W2033736258,US-6080826
433,Joseph L. Goldstein,Joseph L. Goldstein,https://openalex.org/A5058164552,Joseph L. Goldstein,W1557478309|US-6083917,W1557478309,US-6083917
432,Michael S. Brown,Michael S. Brown,https://openalex.org/A5079762911,Michael S. Brown,W1557478309|US-6083917,W1557478309,US-6083917
432,Michael S. Brown,Michael S. Brown,https://openalex.org/A5079762911,Michael S. Brown,W2056942156|US-6083917,W2056942156,US-6083917
433,Joseph L. Goldstein,Joseph L. Goldstein,https://openalex.org/A5058164552,Joseph L. Goldstein,W2056942156|US-6083917,W2056942156,US-6083917
433,Joseph L. Goldstein,Joseph L. Goldstein,https://openalex.org/A5058164552,Joseph L. Goldstein,W2060264934|US-6083917,W2060264934,US-6083917
722,Arvid Carlsson,Arvid Carlsson,https://openalex.org/A5110564232,Arvid Carlsson,W2066095920|US-6084130,W2066095920,US-6084130
764,Paul C. Lauterbur,Paul C. Lauterbur,https://openalex.org/A5077010419,Paul C. Lauterbur,W2123879018|US-6088611,W2123879018,US-6088611
774,Richard Axel,Richard Axel,https://openalex.org/A5023563090,Richard Axel,W31403717|US-6093539,W31403717,US-6093539
274,Thomas R. Cech,Thomas R. Cech,https://openalex.org/A5017573996,Thomas R. Cech,W2079378073|US-6093809,W2079378073,US-6093809
274,Thomas R. Cech,Thomas R. Cech,https://openalex.org/A5017573996,Thomas R. Cech,W2004561527|US-6093809,W2004561527,US-6093809
274,Thomas R. Cech,Thomas R. Cech,https://openalex.org/A5017573996,Thomas R. Cech,W1556517582|US-6093809,W1556517582,US-6093809
274,Thomas R. Cech,Thomas R. Cech,https://openalex.org/A5017573996,Thomas R. Cech,W1994431851|US-6093809,W1994431851,US-6093809
274,Thomas R. Cech,Thomas R. Cech,https://openalex.org/A5017573996,Thomas R. Cech,W1969153822|US-6093809,W1969153822,US-6093809
441,Harold E. Varmus,Harold E. Varmus,https://openalex.org/A5023586836,Harold Varmus,W2041795984|US-6096534,W2041795984,US-6096534
878,Robert J. Lefkowitz,Robert J. Lefkowitz,https://openalex.org/A5080672788,Robert J. Lefkowitz,W1603981767|US-6096705,W1603981767,US-6096705
878,Robert J. Lefkowitz,Robert J. Lefkowitz,https://openalex.org/A5080672788,Robert J. Lefkowitz,W2072174432|US-6096705,W2072174432,US-6096705
288,John E. Walker,John E. Walker,https://openalex.org/A5007387177,John E. Walker,W2035466296|US-6096859,W2035466296,US-6096859
959,Tasuku Honjo,Tasuku Honjo,https://openalex.org/A5019039647,Tasuku Honjo,W2008713578|US-6096878,W2008713578,US-6096878
959,Tasuku Honjo,Tasuku Honjo,https://openalex.org/A5019039647,Tasuku Honjo,W2002242108|US-6096878,W2002242108,US-6096878
1011,Svante Pääbo,Svante Pääbo,https://openalex.org/A5012216367,Svante Pääbo,W2062629114|US-6107032,W2062629114,US-6107032
450,Alfred G. Gilman,Alfred G. Gilman,https://openalex.org/A5054552947,Alfred G. Gilman,W1488759788|US-6107076,W1488759788,US-6107076
450,Alfred G. Gilman,Alfred G. Gilman,https://openalex.org/A5054552947,Alfred G. Gilman,W2077744129|US-6107076,W2077744129,US-6107076
795,Robert H. Grubbs,Robert H. Grubbs,https://openalex.org/A5078597191,Robert H. Grubbs,W1999748098|US-6111121,W1999748098,US-6111121
923,Aziz Sancar,Aziz Sancar,https://openalex.org/A5016678671,Aziz Sancar,W2069446043|US-6114503,W2069446043,US-6114503
986,Michael Houghton,Michael Houghton,https://openalex.org/A5090612228,Michael Houghton,W1666518235|US-6121020,W1666518235,US-6121020
986,Michael Houghton,Michael Houghton,https://openalex.org/A5090612228,Michael Houghton,W2163568031|US-6121020,W2163568031,US-6121020
226,Max Ferdinand Perutz,Max F. Perutz,https://openalex.org/A5110082880,M. F. Perutz,W2093592162|US-6124114,W2093592162,US-6124114
831,Roger Y. Tsien,Roger Y. Tsien,https://openalex.org/A5109193097,Roger Y. Tsien,W2061104342|US-6124128,W2061104342,US-6124128
831,Roger Y. Tsien,Roger Y. Tsien,https://openalex.org/A5109193097,Roger Y. Tsien,W2077835601|US-6124128,W2077835601,US-6124128
972,Gregg L. Semenza,Gregg L. Semenza,https://openalex.org/A5051276665,Gregg L. Semenza,W1937401270|US-6124131,W1937401270,US-6124131
972,Gregg L. Semenza,Gregg L. Semenza,https://openalex.org/A5051276665,Gregg L. Semenza,W2116889376|US-6124131,W2116889376,US-6124131
972,Gregg L. Semenza,Gregg L. Semenza,https://openalex.org/A5051276665,Gregg L. Semenza,W2072839085|US-6124131,W2072839085,US-6124131
972,Gregg L. Semenza,Gregg L. Semenza,https://openalex.org/A5051276665,Gregg L. Semenza,W2046440184|US-6124131,W2046440184,US-6124131
972,Gregg L. Semenza,Gregg L. Semenza,https://openalex.org/A5051276665,Gregg L. Semenza,W2085609942|US-6124131,W2085609942,US-6124131
972,Gregg L. Semenza,Gregg L. Semenza,https://openalex.org/A5051276665,Gregg L. Semenza,W2050442786|US-6124131,W2050442786,US-6124131
972,Gregg L. Semenza,Gregg L. Semenza,https://openalex.org/A5051276665,Gregg L. Semenza,W1993608966|US-6124131,W1993608966,US-6124131
987,Charles M. Rice,Charles M. Rice,https://openalex.org/A5019683467,Charles M. Rice,W2045562270|US-6127116,W2045562270,US-6127116
987,Charles M. Rice,Charles M. Rice,https://openalex.org/A5019683467,Charles M. Rice,W1914884504|US-6127116,W1914884504,US-6127116
987,Charles M. Rice,Charles M. Rice,https://openalex.org/A5019683467,Charles M. Rice,W2473454670|US-6127116,W2473454670,US-6127116
278,Kary B. Mullis,Kary B. Mullis,https://openalex.org/A5073738482,Kary B. Mullis,W2032118018|US-6127155,W2032118018,US-6127155
823,Harald zur Hausen,Harald zur Hausen,https://openalex.org/A5076220155,Harald zur Hausen,W2122729738|US-6127164,W2122729738,US-6127164
823,Harald zur Hausen,Harald zur Hausen,https://openalex.org/A5076220155,Harald zur Hausen,W1512550529|US-6127164,W1512550529,US-6127164
932,Sir J. Fraser Stoddart,Sir J. Fraser Stoddart,https://openalex.org/A5027688873,J. Fraser Stoddart,W2100903675|US-6128214,W2100903675,US-6128214
142,Georges Charpak,Georges Charpak,https://openalex.org/A5003649130,G. Charpak,W2021460435|US-6133575,W2021460435,US-6133575
758,Kurt Wüthrich,Kurt Wüthrich,https://openalex.org/A5000254356,Kurt Wüthrich,W4234175308|US-6133736,W4234175308,US-6133736
758,Kurt Wüthrich,Kurt Wüthrich,https://openalex.org/A5000254356,Kurt Wüthrich,W1993257312|US-6133736,W1993257312,US-6133736
758,Kurt Wüthrich,Kurt Wüthrich,https://openalex.org/A5000254356,Kurt Wüthrich,W2147281292|US-6133736,W2147281292,US-6133736
284,Robert F. Curl Jr.,Robert F. Curl Jr.,https://openalex.org/A5050630131,R. F. Curl,W1977184565|US-6137817,W1977184565,US-6137817
831,Roger Y. Tsien,Roger Y. Tsien,https://openalex.org/A5109193097,Roger Y. Tsien,W2057315336|US-6140132,W2057315336,US-6140132
961,Gérard Mourou,Gérard Mourou,https://openalex.org/A5057252770,G. Mourou,W1985907447|US-6146375,W1985907447,US-6146375
961,Gérard Mourou,Gérard Mourou,https://openalex.org/A5057252770,G. Mourou,W2091597704|US-6146375,W2091597704,US-6146375
406,David Baltimore,David Baltimore,https://openalex.org/A5042763205,David Baltimore,W1975228780|US-6146614,W1975228780,US-6146614
830,Martin Chalfie,Martin Chalfie,https://openalex.org/A5074638214,Martin Chalfie,W4236962085|US-6146826,W4236962085,US-6146826
830,Martin Chalfie,Martin Chalfie,https://openalex.org/A5074638214,Martin Chalfie,W2032579724|US-6146826,W2032579724,US-6146826
275,Elias James Corey,Elias James Corey,https://openalex.org/A5062182194,E. J. Corey,W1990449071|US-6147223,W1990449071,US-6147223
986,Michael Houghton,Michael Houghton,https://openalex.org/A5090612228,Michael Houghton,W30960515|US-6150087,W30960515,US-6150087
406,David Baltimore,David Baltimore,https://openalex.org/A5042763205,David Baltimore,W2088272992|US-6150090,W2088272992,US-6150090
449,Phillip A. Sharp,Phillip A. Sharp,https://openalex.org/A5022945869,Phillip A. Sharp,W2088272992|US-6150090,W2088272992,US-6150090
449,Phillip A. Sharp,Phillip A. Sharp,https://openalex.org/A5022945869,Phillip A. Sharp,W1872039967|US-6150515,W1872039967,US-6150515
449,Phillip A. Sharp,Phillip A. Sharp,https://openalex.org/A5022945869,Phillip A. Sharp,W4246358950|US-6150515,W4246358950,US-6150515
457,Stanley B. Prusiner,Stanley B. Prusiner,https://openalex.org/A5066991343,Stanley B. Prusiner,W2029162694|US-6150583,W2029162694,US-6150583
457,Stanley B. Prusiner,Stanley B. Prusiner,https://openalex.org/A5066991343,Stanley B. Prusiner,W2049627175|US-6150583,W2049627175,US-6150583
457,Stanley B. Prusiner,Stanley B. Prusiner,https://openalex.org/A5066991343,Stanley B. Prusiner,W951074575|US-6150583,W951074575,US-6150583
987,Charles M. Rice,Charles M. Rice,https://openalex.org/A5019683467,Charles M. Rice,W2091937293|US-6153579,W2091937293,US-6153579
795,Robert H. Grubbs,Robert H. Grubbs,https://openalex.org/A5078597191,Robert H. Grubbs,W2071140820|US-6153778,W2071140820,US-6153778
1050,John Clarke,John Clarke,https://openalex.org/A5010797318,John Clarke,W1981853750|US-6159444,W1981853750,US-6159444
1050,John Clarke,John Clarke,https://openalex.org/A5010797318,John Clarke,W2132202970|US-6159444,W2132202970,US-6159444
1050,John Clarke,John Clarke,https://openalex.org/A5010797318,John Clarke,W2050822204|US-6159444,W2050822204,US-6159444
406,David Baltimore,David Baltimore,https://openalex.org/A5042763205,David Baltimore,W4241091303|US-6159731,W4241091303,US-6159731
730,Alan G. MacDiarmid,Alan MacDiarmid,https://openalex.org/A5008830363,A. G. MacDiarmid,W117799598|US-6160177,W117799598,US-6160177
825,Luc Montagnier,Luc Montagnier,https://openalex.org/A5016871448,Luc Montagnier,W2050489828|US-6162439,W2050489828,US-6162439
825,Luc Montagnier,Luc Montagnier,https://openalex.org/A5016871448,Luc Montagnier,W2059910556|US-6162439,W2059910556,US-6162439
735,Leland H. Hartwell,Leland Hartwell,https://openalex.org/A5112821745,Leland H. Hartwell,W1985064413|US-6165709,W1985064413,US-6165709
965,Sir Gregory P. Winter,Sir Gregory P. Winter,https://openalex.org/A5113550627,Greg Winter,W190139745|US-6165745,W190139745,US-6165745
274,Thomas R. Cech,Thomas R. Cech,https://openalex.org/A5017573996,Thomas R. Cech,W2079378073|US-6166178,W2079378073,US-6166178
274,Thomas R. Cech,Thomas R. Cech,https://openalex.org/A5017573996,Thomas R. Cech,W2004561527|US-6166178,W2004561527,US-6166178
457,Stanley B. Prusiner,Stanley B. Prusiner,https://openalex.org/A5066991343,Stanley B. Prusiner,W1572450776|US-6166187,W1572450776,US-6166187
457,Stanley B. Prusiner,Stanley B. Prusiner,https://openalex.org/A5066991343,Stanley B. Prusiner,W2132770231|US-6166187,W2132770231,US-6166187
457,Stanley B. Prusiner,Stanley B. Prusiner,https://openalex.org/A5066991343,Stanley B. Prusiner,W2111828765|US-6166187,W2111828765,US-6166187
457,Stanley B. Prusiner,Stanley B. Prusiner,https://openalex.org/A5066991343,Stanley B. Prusiner,W2109206521|US-6166187,W2109206521,US-6166187
878,Robert J. Lefkowitz,Robert J. Lefkowitz,https://openalex.org/A5080672788,Robert J. Lefkowitz,W1966960186|US-6168927,W1966960186,US-6168927
986,Michael Houghton,Michael Houghton,https://openalex.org/A5090612228,Michael Houghton,W2159680643|US-6171782,W2159680643,US-6171782
780,Avram Hershko,Avram Hershko,https://openalex.org/A5035630459,Avram Hershko,W2027179660|US-6180379,W2027179660,US-6180379
274,Thomas R. Cech,Thomas R. Cech,https://openalex.org/A5017573996,Thomas R. Cech,W2022449135|US-6180399,W2022449135,US-6180399
274,Thomas R. Cech,Thomas R. Cech,https://openalex.org/A5017573996,Thomas R. Cech,W1968282235|US-6180399,W1968282235,US-6180399
274,Thomas R. Cech,Thomas R. Cech,https://openalex.org/A5017573996,Thomas R. Cech,W2154989771|US-6180399,W2154989771,US-6180399
274,Thomas R. Cech,Thomas R. Cech,https://openalex.org/A5017573996,Thomas R. Cech,W2060510537|US-6180399,W2060510537,US-6180399
986,Michael Houghton,Michael Houghton,https://openalex.org/A5090612228,Michael Houghton,W2163692778|US-6180768,W2163692778,US-6180768
987,Charles M. Rice,Charles M. Rice,https://openalex.org/A5019683467,Charles M. Rice,W2091937293|US-6183121,W2091937293,US-6183121
286,Richard E. Smalley,Richard E. Smalley,https://openalex.org/A5015746014,R. E. Smalley,W2008302913|US-6183714,W2008302913,US-6183714
752,John E. Sulston,John E. Sulston,https://openalex.org/A5018043809,John Sulston,W2158023121|US-6183957,W2158023121,US-6183957
412,Andrew V. Schally,Andrew V. Schally,https://openalex.org/A5068739269,Andrew V. Schally,W1990032829|US-6184374,W1990032829,US-6184374
907,Hiroshi Amano,Hiroshi Amano,https://openalex.org/A5048399593,Hiroshi Amano,W2121395191|US-6188087,W2121395191,US-6188087
906,Isamu Akasaki,Isamu Akasaki,https://openalex.org/A5081597179,Isamu Akasaki,W2121395191|US-6188087,W2121395191,US-6188087
986,Michael Houghton,Michael Houghton,https://openalex.org/A5090612228,Michael Houghton,W1729315479|US-6190864,W1729315479,US-6190864
986,Michael Houghton,Michael Houghton,https://openalex.org/A5090612228,Michael Houghton,W1979919755|US-6194140,W1979919755,US-6194140
825,Luc Montagnier,Luc Montagnier,https://openalex.org/A5016871448,Luc Montagnier,W2030676469|US-6194142,W2030676469,US-6194142
408,Howard Martin Temin,Howard M. Temin,https://openalex.org/A5111998828,Howard M. Temin,W2030676469|US-6194142,W2030676469,US-6194142
278,Kary B. Mullis,Kary B. Mullis,https://openalex.org/A5073738482,Kary B. Mullis,W2032118018|US-6197563,W2032118018,US-6197563
932,Sir J. Fraser Stoddart,Sir J. Fraser Stoddart,https://openalex.org/A5027688873,J. Fraser Stoddart,W2144087168|US-6198655,W2144087168,US-6198655
932,Sir J. Fraser Stoddart,Sir J. Fraser Stoddart,https://openalex.org/A5027688873,J. Fraser Stoddart,W2063782027|US-6198655,W2063782027,US-6198655
792,John L. Hall,John L. Hall,https://openalex.org/A5009444030,J. L. Hall,W2019936953|US-6201638,W2019936953,US-6201638
792,John L. Hall,John L. Hall,https://openalex.org/A5009444030,J. L. Hall,W1536055832|US-6201638,W1536055832,US-6201638
252,Herbert C. Brown,Herbert C. Brown,https://openalex.org/A5113728728,Herbert C. Brown,W2952427861|US-6204405,W2952427861,US-6204405
1029,Moungi G. Bawendi,Moungi Bawendi,https://openalex.org/A5108389294,Moungi G. Bawendi,W2044543075|US-6207229,W2044543075,US-6207229
1029,Moungi G. Bawendi,Moungi Bawendi,https://openalex.org/A5108389294,Moungi G. Bawendi,W2334937648|US-6207229,W2334937648,US-6207229
1029,Moungi G. Bawendi,Moungi Bawendi,https://openalex.org/A5108389294,Moungi G. Bawendi,W1971745659|US-6207229,W1971745659,US-6207229
837,Jack W. Szostak,Jack W. Szostak,https://openalex.org/A5023274897,Jack W. Szostak,W2028493269|US-6207446,W2028493269,US-6207446
729,Alan J. Heeger,Alan Heeger,https://openalex.org/A5087631107,Alan J. Heeger,W2122100171|US-6208006,W2122100171,US-6208006
1002,Benjamin List,Benjamin List,https://openalex.org/A5040055598,Benjamin List,W2062784766|US-6210938,W2062784766,US-6210938
1002,Benjamin List,Benjamin List,https://openalex.org/A5040055598,Benjamin List,W2071011237|US-6210938,W2071011237,US-6210938
1002,Benjamin List,Benjamin List,https://openalex.org/A5040055598,Benjamin List,W2140864818|US-6210938,W2140864818,US-6210938
1002,Benjamin List,Benjamin List,https://openalex.org/A5040055598,Benjamin List,W2086518019|US-6210938,W2086518019,US-6210938
1002,Benjamin List,Benjamin List,https://openalex.org/A5040055598,Benjamin List,W4249119142|US-6210938,W4249119142,US-6210938
1002,Benjamin List,Benjamin List,https://openalex.org/A5040055598,Benjamin List,W1969693051|US-6210938,W1969693051,US-6210938
1002,Benjamin List,Benjamin List,https://openalex.org/A5040055598,Benjamin List,W1994289015|US-6210938,W1994289015,US-6210938
1002,Benjamin List,Benjamin List,https://openalex.org/A5040055598,Benjamin List,W2026658529|US-6210938,W2026658529,US-6210938
1002,Benjamin List,Benjamin List,https://openalex.org/A5040055598,Benjamin List,W1972409212|US-6210938,W1972409212,US-6210938
1002,Benjamin List,Benjamin List,https://openalex.org/A5040055598,Benjamin List,W1556223086|US-6210938,W1556223086,US-6210938
795,Robert H. Grubbs,Robert H. Grubbs,https://openalex.org/A5078597191,Robert H. Grubbs,W1999748098|US-6211391,W1999748098,US-6211391
1052,John M. Martinis,John M. Martinis,https://openalex.org/A5043106778,John M. Martinis,W2119921915|US-6211519,W2119921915,US-6211519
837,Jack W. Szostak,Jack W. Szostak,https://openalex.org/A5023274897,Jack W. Szostak,W2028493269|US-6214553,W2028493269,US-6214553
986,Michael Houghton,Michael Houghton,https://openalex.org/A5090612228,Michael Houghton,W1729315479|US-6214583,W1729315479,US-6214583
275,Elias James Corey,Elias James Corey,https://openalex.org/A5062182194,E. J. Corey,W1990449071|US-6214862,W1990449071,US-6214862
457,Stanley B. Prusiner,Stanley B. Prusiner,https://openalex.org/A5066991343,Stanley B. Prusiner,W2165147575|US-6221614,W2165147575,US-6221614
972,Gregg L. Semenza,Gregg L. Semenza,https://openalex.org/A5051276665,Gregg L. Semenza,W2043433914|US-6222018,W2043433914,US-6222018
972,Gregg L. Semenza,Gregg L. Semenza,https://openalex.org/A5051276665,Gregg L. Semenza,W2073292880|US-6222018,W2073292880,US-6222018
972,Gregg L. Semenza,Gregg L. Semenza,https://openalex.org/A5051276665,Gregg L. Semenza,W1550629899|US-6222018,W1550629899,US-6222018
972,Gregg L. Semenza,Gregg L. Semenza,https://openalex.org/A5051276665,Gregg L. Semenza,W1721827275|US-6222018,W1721827275,US-6222018
972,Gregg L. Semenza,Gregg L. Semenza,https://openalex.org/A5051276665,Gregg L. Semenza,W2024206845|US-6222018,W2024206845,US-6222018
972,Gregg L. Semenza,Gregg L. Semenza,https://openalex.org/A5051276665,Gregg L. Semenza,W2143343444|US-6222018,W2143343444,US-6222018
972,Gregg L. Semenza,Gregg L. Semenza,https://openalex.org/A5051276665,Gregg L. Semenza,W1974519880|US-6222018,W1974519880,US-6222018
972,Gregg L. Semenza,Gregg L. Semenza,https://openalex.org/A5051276665,Gregg L. Semenza,W2022369905|US-6222018,W2022369905,US-6222018
972,Gregg L. Semenza,Gregg L. Semenza,https://openalex.org/A5051276665,Gregg L. Semenza,W1993608966|US-6222018,W1993608966,US-6222018
972,Gregg L. Semenza,Gregg L. Semenza,https://openalex.org/A5051276665,Gregg L. Semenza,W2022773473|US-6222018,W2022773473,US-6222018
972,Gregg L. Semenza,Gregg L. Semenza,https://openalex.org/A5051276665,Gregg L. Semenza,W2102526923|US-6222018,W2102526923,US-6222018
972,Gregg L. Semenza,Gregg L. Semenza,https://openalex.org/A5051276665,Gregg L. Semenza,W1994087300|US-6222018,W1994087300,US-6222018
972,Gregg L. Semenza,Gregg L. Semenza,https://openalex.org/A5051276665,Gregg L. Semenza,W2020277250|US-6222018,W2020277250,US-6222018
972,Gregg L. Semenza,Gregg L. Semenza,https://openalex.org/A5051276665,Gregg L. Semenza,W2050869563|US-6222018,W2050869563,US-6222018
972,Gregg L. Semenza,Gregg L. Semenza,https://openalex.org/A5051276665,Gregg L. Semenza,W2064193818|US-6222018,W2064193818,US-6222018
972,Gregg L. Semenza,Gregg L. Semenza,https://openalex.org/A5051276665,Gregg L. Semenza,W2046440184|US-6222018,W2046440184,US-6222018
972,Gregg L. Semenza,Gregg L. Semenza,https://openalex.org/A5051276665,Gregg L. Semenza,W2072839085|US-6222018,W2072839085,US-6222018
972,Gregg L. Semenza,Gregg L. Semenza,https://openalex.org/A5051276665,Gregg L. Semenza,W2085609942|US-6222018,W2085609942,US-6222018
972,Gregg L. Semenza,Gregg L. Semenza,https://openalex.org/A5051276665,Gregg L. Semenza,W2060254175|US-6222018,W2060254175,US-6222018
972,Gregg L. Semenza,Gregg L. Semenza,https://openalex.org/A5051276665,Gregg L. Semenza,W2050442786|US-6222018,W2050442786,US-6222018
972,Gregg L. Semenza,Gregg L. Semenza,https://openalex.org/A5051276665,Gregg L. Semenza,W2072227408|US-6222018,W2072227408,US-6222018
972,Gregg L. Semenza,Gregg L. Semenza,https://openalex.org/A5051276665,Gregg L. Semenza,W2091917736|US-6222018,W2091917736,US-6222018
972,Gregg L. Semenza,Gregg L. Semenza,https://openalex.org/A5051276665,Gregg L. Semenza,W2177184392|US-6222018,W2177184392,US-6222018
972,Gregg L. Semenza,Gregg L. Semenza,https://openalex.org/A5051276665,Gregg L. Semenza,W1997971145|US-6222018,W1997971145,US-6222018
972,Gregg L. Semenza,Gregg L. Semenza,https://openalex.org/A5051276665,Gregg L. Semenza,W2028314932|US-6222018,W2028314932,US-6222018
972,Gregg L. Semenza,Gregg L. Semenza,https://openalex.org/A5051276665,Gregg L. Semenza,W2151625241|US-6222018,W2151625241,US-6222018
972,Gregg L. Semenza,Gregg L. Semenza,https://openalex.org/A5051276665,Gregg L. Semenza,W2011846070|US-6222018,W2011846070,US-6222018
907,Hiroshi Amano,Hiroshi Amano,https://openalex.org/A5048399593,Hiroshi Amano,W2028925919|US-6229151,W2028925919,US-6229151
906,Isamu Akasaki,Isamu Akasaki,https://openalex.org/A5081597179,Isamu Akasaki,W2028925919|US-6229151,W2028925919,US-6229151
450,Alfred G. Gilman,Alfred G. Gilman,https://openalex.org/A5054552947,Alfred G. Gilman,W2022723700|US-6238881,W2022723700,US-6238881
280,George A. Olah,George A. Olah,https://openalex.org/A5071446330,George A. Olah,W2156781942|US-6248460,W2156781942,US-6248460
831,Roger Y. Tsien,Roger Y. Tsien,https://openalex.org/A5109193097,Roger Y. Tsien,W1968831085|US-6248550,W1968831085,US-6248550
831,Roger Y. Tsien,Roger Y. Tsien,https://openalex.org/A5109193097,Roger Y. Tsien,W2107811381|US-6248550,W2107811381,US-6248550
252,Herbert C. Brown,Herbert C. Brown,https://openalex.org/A5113728728,Herbert C. Brown,W1969807067|US-6248885,W1969807067,US-6248885
252,Herbert C. Brown,Herbert C. Brown,https://openalex.org/A5113728728,Herbert C. Brown,W2949709385|US-6248885,W2949709385,US-6248885
907,Hiroshi Amano,Hiroshi Amano,https://openalex.org/A5048399593,Hiroshi Amano,W2121395191|US-6249012,W2121395191,US-6249012
906,Isamu Akasaki,Isamu Akasaki,https://openalex.org/A5081597179,Isamu Akasaki,W2121395191|US-6249012,W2121395191,US-6249012
1029,Moungi G. Bawendi,Moungi Bawendi,https://openalex.org/A5108389294,Moungi G. Bawendi,W2166471790|US-6251303,W2166471790,US-6251303
836,Carol W. Greider,Carol W. Greider,https://openalex.org/A5041730448,Carol W. Greider,W2026856852|US-6258535,W2026856852,US-6258535
837,Jack W. Szostak,Jack W. Szostak,https://openalex.org/A5023274897,Jack W. Szostak,W2028493269|US-6258558,W2028493269,US-6258558
825,Luc Montagnier,Luc Montagnier,https://openalex.org/A5016871448,Luc Montagnier,W2124367359|US-6261799,W2124367359,US-6261799
837,Jack W. Szostak,Jack W. Szostak,https://openalex.org/A5023274897,Jack W. Szostak,W2028493269|US-6261804,W2028493269,US-6261804
836,Carol W. Greider,Carol W. Greider,https://openalex.org/A5041730448,Carol W. Greider,W2026856852|US-6261836,W2026856852,US-6261836
274,Thomas R. Cech,Thomas R. Cech,https://openalex.org/A5017573996,Thomas R. Cech,W2079378073|US-6261836,W2079378073,US-6261836
274,Thomas R. Cech,Thomas R. Cech,https://openalex.org/A5017573996,Thomas R. Cech,W1994431851|US-6261836,W1994431851,US-6261836
274,Thomas R. Cech,Thomas R. Cech,https://openalex.org/A5017573996,Thomas R. Cech,W2004561527|US-6261836,W2004561527,US-6261836
274,Thomas R. Cech,Thomas R. Cech,https://openalex.org/A5017573996,Thomas R. Cech,W1556517582|US-6261836,W1556517582,US-6261836
742,Ryoji Noyori,Ryoji Noyori,https://openalex.org/A5054350731,Ryōji Noyori,W1983586859|US-6262278,W1983586859,US-6262278
742,Ryoji Noyori,Ryoji Noyori,https://openalex.org/A5054350731,Ryōji Noyori,W2067344978|US-6262278,W2067344978,US-6262278
1048,Frederick J. Ramsdell,Fred Ramsdell,https://openalex.org/A5050752577,Fred Ramsdell,W1938523018|US-6264951,W1938523018,US-6264951
825,Luc Montagnier,Luc Montagnier,https://openalex.org/A5016871448,Luc Montagnier,W2039975091|US-6265149,W2039975091,US-6265149
907,Hiroshi Amano,Hiroshi Amano,https://openalex.org/A5048399593,Hiroshi Amano,W2121395191|US-6265726,W2121395191,US-6265726
906,Isamu Akasaki,Isamu Akasaki,https://openalex.org/A5081597179,Isamu Akasaki,W2121395191|US-6265726,W2121395191,US-6265726
255,Walter Gilbert,Walter Gilbert,https://openalex.org/A5111554935,Walter Gilbert,W2080187599|US-6268122,W2080187599,US-6268122
255,Walter Gilbert,Walter Gilbert,https://openalex.org/A5111554935,Walter Gilbert,W2080187599|US-6270955,W2080187599,US-6270955
743,K. Barry Sharpless,K. Barry Sharpless,https://openalex.org/A5077401880,K. Barry Sharpless,W2951839344|US-6271400,W2951839344,US-6271400
986,Michael Houghton,Michael Houghton,https://openalex.org/A5090612228,Michael Houghton,W2161741847|US-6274148,W2161741847,US-6274148
986,Michael Houghton,Michael Houghton,https://openalex.org/A5090612228,Michael Houghton,W30960515|US-6274148,W30960515,US-6274148
986,Michael Houghton,Michael Houghton,https://openalex.org/A5090612228,Michael Houghton,W2062979587|US-6274148,W2062979587,US-6274148
863,Ralph M. Steinman,Ralph M. Steinman,https://openalex.org/A5113434905,Ralph M. Steinman,W2062569980|US-6274378,W2062569980,US-6274378
863,Ralph M. Steinman,Ralph M. Steinman,https://openalex.org/A5113434905,Ralph M. Steinman,W2336390881|US-6274378,W2336390881,US-6274378
863,Ralph M. Steinman,Ralph M. Steinman,https://openalex.org/A5113434905,Ralph M. Steinman,W2059787743|US-6274378,W2059787743,US-6274378
863,Ralph M. Steinman,Ralph M. Steinman,https://openalex.org/A5113434905,Ralph M. Steinman,W2078169017|US-6274378,W2078169017,US-6274378
863,Ralph M. Steinman,Ralph M. Steinman,https://openalex.org/A5113434905,Ralph M. Steinman,W2166876123|US-6274378,W2166876123,US-6274378
457,Stanley B. Prusiner,Stanley B. Prusiner,https://openalex.org/A5066991343,Stanley B. Prusiner,W2027907160|US-6277970,W2027907160,US-6277970
911,William E. Moerner,William E. Moerner,https://openalex.org/A5068018832,W. E. Moerner,W4321521111|US-6280884,W4321521111,US-6280884
911,William E. Moerner,William E. Moerner,https://openalex.org/A5068018832,W. E. Moerner,W4321262466|US-6280884,W4321262466,US-6280884
911,William E. Moerner,William E. Moerner,https://openalex.org/A5068018832,W. E. Moerner,W2019750289|US-6280884,W2019750289,US-6280884
911,William E. Moerner,William E. Moerner,https://openalex.org/A5068018832,W. E. Moerner,W2462352837|US-6280884,W2462352837,US-6280884
911,William E. Moerner,William E. Moerner,https://openalex.org/A5068018832,W. E. Moerner,W2020006248|US-6280884,W2020006248,US-6280884
729,Alan J. Heeger,Alan Heeger,https://openalex.org/A5087631107,Alan J. Heeger,W2062250160|US-6284435,W2062250160,US-6284435
729,Alan J. Heeger,Alan Heeger,https://openalex.org/A5087631107,Alan J. Heeger,W2085920376|US-6284435,W2085920376,US-6284435
824,Françoise Barré-Sinoussi,Françoise Barré-Sinoussi,https://openalex.org/A5107827488,Françoise Barré‐Sinoussi,W2035553258|US-6284454,W2035553258,US-6284454
825,Luc Montagnier,Luc Montagnier,https://openalex.org/A5016871448,Luc Montagnier,W2035553258|US-6284454,W2035553258,US-6284454
795,Robert H. Grubbs,Robert H. Grubbs,https://openalex.org/A5078597191,Robert H. Grubbs,W2027629341|US-6284852,W2027629341,US-6284852
795,Robert H. Grubbs,Robert H. Grubbs,https://openalex.org/A5078597191,Robert H. Grubbs,W2077783557|US-6284852,W2077783557,US-6284852
795,Robert H. Grubbs,Robert H. Grubbs,https://openalex.org/A5078597191,Robert H. Grubbs,W1993605313|US-6284852,W1993605313,US-6284852
795,Robert H. Grubbs,Robert H. Grubbs,https://openalex.org/A5078597191,Robert H. Grubbs,W1858670613|US-6290911,W1858670613,US-6290911
457,Stanley B. Prusiner,Stanley B. Prusiner,https://openalex.org/A5066991343,Stanley B. Prusiner,W2077613240|US-6290954,W2077613240,US-6290954
831,Roger Y. Tsien,Roger Y. Tsien,https://openalex.org/A5109193097,Roger Y. Tsien,W2139855058|US-6291162,W2139855058,US-6291162
770,Roderick MacKinnon,Roderick MacKinnon,https://openalex.org/A5025045433,Roderick MacKinnon,W2025884619|US-6291442,W2025884619,US-6291442
420,Jean Dausset,Jean Dausset,https://openalex.org/A5111852671,J Dausset,W2070226347|US-6291659,W2070226347,US-6291659
420,Jean Dausset,Jean Dausset,https://openalex.org/A5111852671,J Dausset,W1598382552|US-6291659,W1598382552,US-6291659
420,Jean Dausset,Jean Dausset,https://openalex.org/A5111852671,J Dausset,W1987074232|US-6291659,W1987074232,US-6291659
420,Jean Dausset,Jean Dausset,https://openalex.org/A5111852671,J Dausset,W1977105316|US-6291659,W1977105316,US-6291659
420,Jean Dausset,Jean Dausset,https://openalex.org/A5111852671,J Dausset,W2414307371|US-6291659,W2414307371,US-6291659
420,Jean Dausset,Jean Dausset,https://openalex.org/A5111852671,J Dausset,W2417359296|US-6291659,W2417359296,US-6291659
1002,Benjamin List,Benjamin List,https://openalex.org/A5040055598,Benjamin List,W2140864818|US-6294374,W2140864818,US-6294374
1002,Benjamin List,Benjamin List,https://openalex.org/A5040055598,Benjamin List,W1969693051|US-6294374,W1969693051,US-6294374
1002,Benjamin List,Benjamin List,https://openalex.org/A5040055598,Benjamin List,W2086518019|US-6294374,W2086518019,US-6294374
825,Luc Montagnier,Luc Montagnier,https://openalex.org/A5016871448,Luc Montagnier,W2050489828|US-6296807,W2050489828,US-6296807
825,Luc Montagnier,Luc Montagnier,https://openalex.org/A5016871448,Luc Montagnier,W2008791719|US-6296807,W2008791719,US-6296807
825,Luc Montagnier,Luc Montagnier,https://openalex.org/A5016871448,Luc Montagnier,W2039975091|US-6296807,W2039975091,US-6296807
987,Charles M. Rice,Charles M. Rice,https://openalex.org/A5019683467,Charles M. Rice,W1914884504|US-6297003,W1914884504,US-6297003
987,Charles M. Rice,Charles M. Rice,https://openalex.org/A5019683467,Charles M. Rice,W2473454670|US-6297003,W2473454670,US-6297003
987,Charles M. Rice,Charles M. Rice,https://openalex.org/A5019683467,Charles M. Rice,W2078887917|US-6297003,W2078887917,US-6297003
987,Charles M. Rice,Charles M. Rice,https://openalex.org/A5019683467,Charles M. Rice,W2139624902|US-6297003,W2139624902,US-6297003
987,Charles M. Rice,Charles M. Rice,https://openalex.org/A5019683467,Charles M. Rice,W2045562270|US-6297003,W2045562270,US-6297003
987,Charles M. Rice,Charles M. Rice,https://openalex.org/A5019683467,Charles M. Rice,W2024986190|US-6297003,W2024986190,US-6297003
965,Sir Gregory P. Winter,Sir Gregory P. Winter,https://openalex.org/A5113550627,Greg Winter,W2172238481|US-6297004,W2172238481,US-6297004
255,Walter Gilbert,Walter Gilbert,https://openalex.org/A5111554935,Walter Gilbert,W2080187599|US-6297355,W2080187599,US-6297355
986,Michael Houghton,Michael Houghton,https://openalex.org/A5090612228,Michael Houghton,W1729315479|US-6297370,W1729315479,US-6297370
1015,Carolyn R. Bertozzi,Carolyn Bertozzi,https://openalex.org/A5088409133,Carolyn R. Bertozzi,W2146976502|US-6299897,W2146976502,US-6299897
863,Ralph M. Steinman,Ralph M. Steinman,https://openalex.org/A5113434905,Ralph M. Steinman,W2411407737|US-6300090,W2411407737,US-6300090
863,Ralph M. Steinman,Ralph M. Steinman,https://openalex.org/A5113434905,Ralph M. Steinman,W2172039135|US-6300090,W2172039135,US-6300090
836,Carol W. Greider,Carol W. Greider,https://openalex.org/A5041730448,Carol W. Greider,W2026856852|US-6300110,W2026856852,US-6300110
836,Carol W. Greider,Carol W. Greider,https://openalex.org/A5041730448,Carol W. Greider,W4300411772|US-6300131,W4300411772,US-6300131
836,Carol W. Greider,Carol W. Greider,https://openalex.org/A5041730448,Carol W. Greider,W2026856852|US-6300131,W2026856852,US-6300131
836,Carol W. Greider,Carol W. Greider,https://openalex.org/A5041730448,Carol W. Greider,W2116704889|US-6300131,W2116704889,US-6300131
987,Charles M. Rice,Charles M. Rice,https://openalex.org/A5019683467,Charles M. Rice,W2091937293|US-6303287,W2091937293,US-6303287
795,Robert H. Grubbs,Robert H. Grubbs,https://openalex.org/A5078597191,Robert H. Grubbs,W1963503284|US-6306988,W1963503284,US-6306988
1003,David W.C. MacMillan,David W.C. MacMillan,https://openalex.org/A5025805979,David W. C. MacMillan,W2094818492|US-6307057,W2094818492,US-6307057
1003,David W.C. MacMillan,David W.C. MacMillan,https://openalex.org/A5025805979,David W. C. MacMillan,W2066889571|US-6307057,W2066889571,US-6307057
1003,David W.C. MacMillan,David W.C. MacMillan,https://openalex.org/A5025805979,David W. C. MacMillan,W2951755197|US-6307057,W2951755197,US-6307057
274,Thomas R. Cech,Thomas R. Cech,https://openalex.org/A5017573996,Thomas R. Cech,W1556517582|US-6309867,W1556517582,US-6309867
274,Thomas R. Cech,Thomas R. Cech,https://openalex.org/A5017573996,Thomas R. Cech,W2079378073|US-6309867,W2079378073,US-6309867
274,Thomas R. Cech,Thomas R. Cech,https://openalex.org/A5017573996,Thomas R. Cech,W2113987241|US-6309867,W2113987241,US-6309867
1002,Benjamin List,Benjamin List,https://openalex.org/A5040055598,Benjamin List,W2086518019|US-6309881,W2086518019,US-6309881
1002,Benjamin List,Benjamin List,https://openalex.org/A5040055598,Benjamin List,W1969693051|US-6309881,W1969693051,US-6309881
1002,Benjamin List,Benjamin List,https://openalex.org/A5040055598,Benjamin List,W1972409212|US-6309881,W1972409212,US-6309881
1002,Benjamin List,Benjamin List,https://openalex.org/A5040055598,Benjamin List,W2062784766|US-6309881,W2062784766,US-6309881
1002,Benjamin List,Benjamin List,https://openalex.org/A5040055598,Benjamin List,W4249119142|US-6309881,W4249119142,US-6309881
1002,Benjamin List,Benjamin List,https://openalex.org/A5040055598,Benjamin List,W2071011237|US-6309881,W2071011237,US-6309881
1002,Benjamin List,Benjamin List,https://openalex.org/A5040055598,Benjamin List,W2026658529|US-6309881,W2026658529,US-6309881
1002,Benjamin List,Benjamin List,https://openalex.org/A5040055598,Benjamin List,W2140864818|US-6309881,W2140864818,US-6309881
1002,Benjamin List,Benjamin List,https://openalex.org/A5040055598,Benjamin List,W1994289015|US-6309881,W1994289015,US-6309881
1002,Benjamin List,Benjamin List,https://openalex.org/A5040055598,Benjamin List,W1556223086|US-6309881,W1556223086,US-6309881
751,H. Robert Horvitz,H. Robert Horvitz,https://openalex.org/A5075093223,H. Robert Horvitz,W2151552476|US-6312947,W2151552476,US-6312947
751,H. Robert Horvitz,H. Robert Horvitz,https://openalex.org/A5075093223,H. Robert Horvitz,W2127244622|US-6312947,W2127244622,US-6312947
751,H. Robert Horvitz,H. Robert Horvitz,https://openalex.org/A5075093223,H. Robert Horvitz,W1974047098|US-6312947,W1974047098,US-6312947
751,H. Robert Horvitz,H. Robert Horvitz,https://openalex.org/A5075093223,H. Robert Horvitz,W2079357365|US-6312947,W2079357365,US-6312947
751,H. Robert Horvitz,H. Robert Horvitz,https://openalex.org/A5075093223,H. Robert Horvitz,W2143772496|US-6312947,W2143772496,US-6312947
751,H. Robert Horvitz,H. Robert Horvitz,https://openalex.org/A5075093223,H. Robert Horvitz,W2163636387|US-6312947,W2163636387,US-6312947
751,H. Robert Horvitz,H. Robert Horvitz,https://openalex.org/A5075093223,H. Robert Horvitz,W2082624222|US-6312947,W2082624222,US-6312947
751,H. Robert Horvitz,H. Robert Horvitz,https://openalex.org/A5075093223,H. Robert Horvitz,W2050000423|US-6312947,W2050000423,US-6312947
751,H. Robert Horvitz,H. Robert Horvitz,https://openalex.org/A5075093223,H. Robert Horvitz,W1924646174|US-6312947,W1924646174,US-6312947
751,H. Robert Horvitz,H. Robert Horvitz,https://openalex.org/A5075093223,H. Robert Horvitz,W2032446466|US-6312947,W2032446466,US-6312947
751,H. Robert Horvitz,H. Robert Horvitz,https://openalex.org/A5075093223,H. Robert Horvitz,W2154979711|US-6312947,W2154979711,US-6312947
751,H. Robert Horvitz,H. Robert Horvitz,https://openalex.org/A5075093223,H. Robert Horvitz,W2008348103|US-6312947,W2008348103,US-6312947
751,H. Robert Horvitz,H. Robert Horvitz,https://openalex.org/A5075093223,H. Robert Horvitz,W2143022663|US-6312947,W2143022663,US-6312947
751,H. Robert Horvitz,H. Robert Horvitz,https://openalex.org/A5075093223,H. Robert Horvitz,W1612820086|US-6312947,W1612820086,US-6312947
751,H. Robert Horvitz,H. Robert Horvitz,https://openalex.org/A5075093223,H. Robert Horvitz,W1976312800|US-6312947,W1976312800,US-6312947
751,H. Robert Horvitz,H. Robert Horvitz,https://openalex.org/A5075093223,H. Robert Horvitz,W2013159980|US-6312947,W2013159980,US-6312947
751,H. Robert Horvitz,H. Robert Horvitz,https://openalex.org/A5075093223,H. Robert Horvitz,W2355271737|US-6312947,W2355271737,US-6312947
795,Robert H. Grubbs,Robert H. Grubbs,https://openalex.org/A5078597191,Robert H. Grubbs,W2071140820|US-6313332,W2071140820,US-6313332
1029,Moungi G. Bawendi,Moungi Bawendi,https://openalex.org/A5108389294,Moungi G. Bawendi,W2166471790|US-6319426,W2166471790,US-6319426
831,Roger Y. Tsien,Roger Y. Tsien,https://openalex.org/A5109193097,Roger Y. Tsien,W2077835601|US-6319669,W2077835601,US-6319669
831,Roger Y. Tsien,Roger Y. Tsien,https://openalex.org/A5109193097,Roger Y. Tsien,W2061104342|US-6319669,W2061104342,US-6319669
836,Carol W. Greider,Carol W. Greider,https://openalex.org/A5041730448,Carol W. Greider,W2026856852|US-6320039,W2026856852,US-6320039
823,Harald zur Hausen,Harald zur Hausen,https://openalex.org/A5076220155,Harald zur Hausen,W1512550529|US-6322795,W1512550529,US-6322795
823,Harald zur Hausen,Harald zur Hausen,https://openalex.org/A5076220155,Harald zur Hausen,W2112859230|US-6322795,W2112859230,US-6322795
1029,Moungi G. Bawendi,Moungi Bawendi,https://openalex.org/A5108389294,Moungi G. Bawendi,W2334937648|US-6322901,W2334937648,US-6322901
433,Joseph L. Goldstein,Joseph L. Goldstein,https://openalex.org/A5058164552,Joseph L. Goldstein,W2014452833|US-6322962,W2014452833,US-6322962
432,Michael S. Brown,Michael S. Brown,https://openalex.org/A5079762911,Michael S. Brown,W2014452833|US-6322962,W2014452833,US-6322962
970,William G. Kaelin Jr,William G. Kaelin Jr,https://openalex.org/A5088456751,William G. Kaelin,W2109298101|US-6326150,W2109298101,US-6326150
986,Michael Houghton,Michael Houghton,https://openalex.org/A5090612228,Michael Houghton,W2163568031|US-6326171,W2163568031,US-6326171
986,Michael Houghton,Michael Houghton,https://openalex.org/A5090612228,Michael Houghton,W1666518235|US-6326171,W1666518235,US-6326171
1002,Benjamin List,Benjamin List,https://openalex.org/A5040055598,Benjamin List,W2026658529|US-6326176,W2026658529,US-6326176
1002,Benjamin List,Benjamin List,https://openalex.org/A5040055598,Benjamin List,W2140864818|US-6326176,W2140864818,US-6326176
1002,Benjamin List,Benjamin List,https://openalex.org/A5040055598,Benjamin List,W2071011237|US-6326176,W2071011237,US-6326176
1002,Benjamin List,Benjamin List,https://openalex.org/A5040055598,Benjamin List,W2086518019|US-6326176,W2086518019,US-6326176
1002,Benjamin List,Benjamin List,https://openalex.org/A5040055598,Benjamin List,W1972502496|US-6326176,W1972502496,US-6326176
1002,Benjamin List,Benjamin List,https://openalex.org/A5040055598,Benjamin List,W1556223086|US-6326176,W1556223086,US-6326176
1002,Benjamin List,Benjamin List,https://openalex.org/A5040055598,Benjamin List,W1994289015|US-6326176,W1994289015,US-6326176
1002,Benjamin List,Benjamin List,https://openalex.org/A5040055598,Benjamin List,W4249119142|US-6326176,W4249119142,US-6326176
1002,Benjamin List,Benjamin List,https://openalex.org/A5040055598,Benjamin List,W1969693051|US-6326176,W1969693051,US-6326176
742,Ryoji Noyori,Ryoji Noyori,https://openalex.org/A5054350731,Ryōji Noyori,W2020525247|US-6326512,W2020525247,US-6326512
286,Richard E. Smalley,Richard E. Smalley,https://openalex.org/A5015746014,R. E. Smalley,W2103386902|US-6331262,W2103386902,US-6331262
997,David Julius,David Julius,https://openalex.org/A5014886042,David Julius,W1495409864|US-6335180,W1495409864,US-6335180
275,Elias James Corey,Elias James Corey,https://openalex.org/A5062182194,E. J. Corey,W1990449071|US-6335358,W1990449071,US-6335358
962,Donna Strickland,Donna Strickland,https://openalex.org/A5019063503,D. Strickland,W2034978251|US-6337102,W2034978251,US-6337102
274,Thomas R. Cech,Thomas R. Cech,https://openalex.org/A5017573996,Thomas R. Cech,W2079378073|US-6337200,W2079378073,US-6337200
986,Michael Houghton,Michael Houghton,https://openalex.org/A5090612228,Michael Houghton,W30960515|US-6346375,W30960515,US-6346375
796,Richard R. Schrock,Richard R. Schrock,https://openalex.org/A5079660000,Richard R. Schrock,W2146263835|US-6346652,W2146263835,US-6346652
743,K. Barry Sharpless,K. Barry Sharpless,https://openalex.org/A5077401880,K. Barry Sharpless,W4210448176|US-6350905,W4210448176,US-6350905
743,K. Barry Sharpless,K. Barry Sharpless,https://openalex.org/A5077401880,K. Barry Sharpless,W2037871926|US-6350905,W2037871926,US-6350905
743,K. Barry Sharpless,K. Barry Sharpless,https://openalex.org/A5077401880,K. Barry Sharpless,W2020300490|US-6350905,W2020300490,US-6350905
743,K. Barry Sharpless,K. Barry Sharpless,https://openalex.org/A5077401880,K. Barry Sharpless,W2120078756|US-6350905,W2120078756,US-6350905
416,Hamilton O. Smith,Hamilton O. Smith,https://openalex.org/A5076771387,Hamilton O. Smith,W1589823348|US-6355450,W1589823348,US-6355450
416,Hamilton O. Smith,Hamilton O. Smith,https://openalex.org/A5076771387,Hamilton O. Smith,W1971403296|US-6355450,W1971403296,US-6355450
416,Hamilton O. Smith,Hamilton O. Smith,https://openalex.org/A5076771387,Hamilton O. Smith,W2015374912|US-6355450,W2015374912,US-6355450
825,Luc Montagnier,Luc Montagnier,https://openalex.org/A5016871448,Luc Montagnier,W2059910556|US-6355789,W2059910556,US-6355789
825,Luc Montagnier,Luc Montagnier,https://openalex.org/A5016871448,Luc Montagnier,W2050489828|US-6355789,W2050489828,US-6355789
1003,David W.C. MacMillan,David W.C. MacMillan,https://openalex.org/A5025805979,David W. C. MacMillan,W2005719781|US-6359174,W2005719781,US-6359174
907,Hiroshi Amano,Hiroshi Amano,https://openalex.org/A5048399593,Hiroshi Amano,W2121395191|US-6362017,W2121395191,US-6362017
906,Isamu Akasaki,Isamu Akasaki,https://openalex.org/A5081597179,Isamu Akasaki,W2121395191|US-6362017,W2121395191,US-6362017
288,John E. Walker,John E. Walker,https://openalex.org/A5007387177,John E. Walker,W2035466296|US-6362314,W2035466296,US-6362314
288,John E. Walker,John E. Walker,https://openalex.org/A5007387177,John E. Walker,W2035466296|US-6362315,W2035466296,US-6362315
457,Stanley B. Prusiner,Stanley B. Prusiner,https://openalex.org/A5066991343,Stanley B. Prusiner,W201006271|US-6365359,W201006271,US-6365359
457,Stanley B. Prusiner,Stanley B. Prusiner,https://openalex.org/A5066991343,Stanley B. Prusiner,W2127224817|US-6365359,W2127224817,US-6365359
457,Stanley B. Prusiner,Stanley B. Prusiner,https://openalex.org/A5066991343,Stanley B. Prusiner,W1966382960|US-6365359,W1966382960,US-6365359
457,Stanley B. Prusiner,Stanley B. Prusiner,https://openalex.org/A5066991343,Stanley B. Prusiner,W2018675827|US-6365359,W2018675827,US-6365359
457,Stanley B. Prusiner,Stanley B. Prusiner,https://openalex.org/A5066991343,Stanley B. Prusiner,W1985381634|US-6365359,W1985381634,US-6365359
457,Stanley B. Prusiner,Stanley B. Prusiner,https://openalex.org/A5066991343,Stanley B. Prusiner,W2065489607|US-6365359,W2065489607,US-6365359
457,Stanley B. Prusiner,Stanley B. Prusiner,https://openalex.org/A5066991343,Stanley B. Prusiner,W779837344|US-6365359,W779837344,US-6365359
457,Stanley B. Prusiner,Stanley B. Prusiner,https://openalex.org/A5066991343,Stanley B. Prusiner,W2138768135|US-6365359,W2138768135,US-6365359
457,Stanley B. Prusiner,Stanley B. Prusiner,https://openalex.org/A5066991343,Stanley B. Prusiner,W2061150431|US-6365359,W2061150431,US-6365359
996,Robert B. Wilson,Robert B. Wilson,https://openalex.org/A5084961278,Robert B. Wilson,W2137114892|US-6368791,W2137114892,US-6368791
823,Harald zur Hausen,Harald zur Hausen,https://openalex.org/A5076220155,Harald zur Hausen,W2112859230|US-6368832,W2112859230,US-6368832
823,Harald zur Hausen,Harald zur Hausen,https://openalex.org/A5076220155,Harald zur Hausen,W1512550529|US-6368832,W1512550529,US-6368832
1002,Benjamin List,Benjamin List,https://openalex.org/A5040055598,Benjamin List,W2026658529|US-6368839,W2026658529,US-6368839
1002,Benjamin List,Benjamin List,https://openalex.org/A5040055598,Benjamin List,W1556223086|US-6368839,W1556223086,US-6368839
1002,Benjamin List,Benjamin List,https://openalex.org/A5040055598,Benjamin List,W2086518019|US-6368839,W2086518019,US-6368839
1002,Benjamin List,Benjamin List,https://openalex.org/A5040055598,Benjamin List,W2062784766|US-6368839,W2062784766,US-6368839
976,John B. Goodenough,John B. Goodenough,https://openalex.org/A5088016695,John B. Goodenough,W940656163|US-6391493,W940656163,US-6391493
976,John B. Goodenough,John B. Goodenough,https://openalex.org/A5088016695,John B. Goodenough,W2023770840|US-6391493,W2023770840,US-6391493
976,John B. Goodenough,John B. Goodenough,https://openalex.org/A5088016695,John B. Goodenough,W2152510783|US-6391493,W2152510783,US-6391493
976,John B. Goodenough,John B. Goodenough,https://openalex.org/A5088016695,John B. Goodenough,W2072430054|US-6391493,W2072430054,US-6391493
987,Charles M. Rice,Charles M. Rice,https://openalex.org/A5019683467,Charles M. Rice,W2045562270|US-6392028,W2045562270,US-6392028
987,Charles M. Rice,Charles M. Rice,https://openalex.org/A5019683467,Charles M. Rice,W2473454670|US-6392028,W2473454670,US-6392028
987,Charles M. Rice,Charles M. Rice,https://openalex.org/A5019683467,Charles M. Rice,W1914884504|US-6392028,W1914884504,US-6392028
824,Françoise Barré-Sinoussi,Françoise Barré-Sinoussi,https://openalex.org/A5107827488,Françoise Barré‐Sinoussi,W1977282539|US-6395495,W1977282539,US-6395495
825,Luc Montagnier,Luc Montagnier,https://openalex.org/A5016871448,Luc Montagnier,W1977282539|US-6395495,W1977282539,US-6395495
824,Françoise Barré-Sinoussi,Françoise Barré-Sinoussi,https://openalex.org/A5107827488,Françoise Barré‐Sinoussi,W2006710190|US-6395495,W2006710190,US-6395495
198,Richard Kuhn,Richard Kuhn,https://openalex.org/A5069864999,Richard Kühn,W1954119403|US-6395875,W1954119403,US-6395875
1015,Carolyn R. Bertozzi,Carolyn Bertozzi,https://openalex.org/A5088409133,Carolyn R. Bertozzi,W1997379663|US-6395882,W1997379663,US-6395882
758,Kurt Wüthrich,Kurt Wüthrich,https://openalex.org/A5000254356,Kurt Wüthrich,W4234175308|US-6396267,W4234175308,US-6396267
758,Kurt Wüthrich,Kurt Wüthrich,https://openalex.org/A5000254356,Kurt Wüthrich,W1993257312|US-6396267,W1993257312,US-6396267
825,Luc Montagnier,Luc Montagnier,https://openalex.org/A5016871448,Luc Montagnier,W2010191849|US-6399294,W2010191849,US-6399294
249,William N. Lipscomb,William Lipscomb,https://openalex.org/A5110136758,William N. Lipscomb,W2040535923|US-6399782,W2040535923,US-6399782
831,Roger Y. Tsien,Roger Y. Tsien,https://openalex.org/A5109193097,Roger Y. Tsien,W2061104342|US-6403374,W2061104342,US-6403374
831,Roger Y. Tsien,Roger Y. Tsien,https://openalex.org/A5109193097,Roger Y. Tsien,W2077835601|US-6403374,W2077835601,US-6403374
831,Roger Y. Tsien,Roger Y. Tsien,https://openalex.org/A5109193097,Roger Y. Tsien,W1596797500|US-6403374,W1596797500,US-6403374
831,Roger Y. Tsien,Roger Y. Tsien,https://openalex.org/A5109193097,Roger Y. Tsien,W1626513324|US-6403374,W1626513324,US-6403374
911,William E. Moerner,William E. Moerner,https://openalex.org/A5068018832,W. E. Moerner,W1626513324|US-6403374,W1626513324,US-6403374
406,David Baltimore,David Baltimore,https://openalex.org/A5042763205,David Baltimore,W2088272992|US-6410516,W2088272992,US-6410516
449,Phillip A. Sharp,Phillip A. Sharp,https://openalex.org/A5022945869,Phillip A. Sharp,W2088272992|US-6410516,W2088272992,US-6410516
795,Robert H. Grubbs,Robert H. Grubbs,https://openalex.org/A5078597191,Robert H. Grubbs,W1969168578|US-6414097,W1969168578,US-6414097
889,Martin Karplus,Martin Karplus,https://openalex.org/A5076499540,Martin Karplus,W2085444851|US-6416762,W2085444851,US-6416762
264,Dudley R. Herschbach,Dudley R. Herschbach,https://openalex.org/A5000346379,D. R. Herschbach,W2066665742|US-6420699,W2066665742,US-6420699
233,Manfred Eigen,Manfred Eigen,https://openalex.org/A5086771096,Manfred Eigen,W1853146959|US-6423516,W1853146959,US-6423516
907,Hiroshi Amano,Hiroshi Amano,https://openalex.org/A5048399593,Hiroshi Amano,W2121395191|US-6423984,W2121395191,US-6423984
906,Isamu Akasaki,Isamu Akasaki,https://openalex.org/A5081597179,Isamu Akasaki,W2121395191|US-6423984,W2121395191,US-6423984
824,Françoise Barré-Sinoussi,Françoise Barré-Sinoussi,https://openalex.org/A5107827488,Françoise Barré‐Sinoussi,W2035553258|US-6426073,W2035553258,US-6426073
825,Luc Montagnier,Luc Montagnier,https://openalex.org/A5016871448,Luc Montagnier,W2035553258|US-6426073,W2035553258,US-6426073
825,Luc Montagnier,Luc Montagnier,https://openalex.org/A5016871448,Luc Montagnier,W58215616|US-6426073,W58215616,US-6426073
824,Françoise Barré-Sinoussi,Françoise Barré-Sinoussi,https://openalex.org/A5107827488,Françoise Barré‐Sinoussi,W58215616|US-6426073,W58215616,US-6426073
795,Robert H. Grubbs,Robert H. Grubbs,https://openalex.org/A5078597191,Robert H. Grubbs,W2041403339|US-6426419,W2041403339,US-6426419
795,Robert H. Grubbs,Robert H. Grubbs,https://openalex.org/A5078597191,Robert H. Grubbs,W2150761023|US-6426419,W2150761023,US-6426419
795,Robert H. Grubbs,Robert H. Grubbs,https://openalex.org/A5078597191,Robert H. Grubbs,W2952293795|US-6426419,W2952293795,US-6426419
795,Robert H. Grubbs,Robert H. Grubbs,https://openalex.org/A5078597191,Robert H. Grubbs,W2008600728|US-6426419,W2008600728,US-6426419
795,Robert H. Grubbs,Robert H. Grubbs,https://openalex.org/A5078597191,Robert H. Grubbs,W2022974342|US-6426419,W2022974342,US-6426419
795,Robert H. Grubbs,Robert H. Grubbs,https://openalex.org/A5078597191,Robert H. Grubbs,W2116741024|US-6426419,W2116741024,US-6426419
985,Harvey J. Alter,Harvey J. Alter,https://openalex.org/A5011221249,Harrison Alter,W2131345975|US-6428792,W2131345975,US-6428792
986,Michael Houghton,Michael Houghton,https://openalex.org/A5090612228,Michael Houghton,W2131345975|US-6428792,W2131345975,US-6428792
824,Françoise Barré-Sinoussi,Françoise Barré-Sinoussi,https://openalex.org/A5107827488,Françoise Barré‐Sinoussi,W2006710190|US-6428952,W2006710190,US-6428952
824,Françoise Barré-Sinoussi,Françoise Barré-Sinoussi,https://openalex.org/A5107827488,Françoise Barré‐Sinoussi,W44467027|US-6428952,W44467027,US-6428952
825,Luc Montagnier,Luc Montagnier,https://openalex.org/A5016871448,Luc Montagnier,W44467027|US-6428952,W44467027,US-6428952
824,Françoise Barré-Sinoussi,Françoise Barré-Sinoussi,https://openalex.org/A5107827488,Françoise Barré‐Sinoussi,W2001010350|US-6428952,W2001010350,US-6428952
825,Luc Montagnier,Luc Montagnier,https://openalex.org/A5016871448,Luc Montagnier,W2001010350|US-6428952,W2001010350,US-6428952
825,Luc Montagnier,Luc Montagnier,https://openalex.org/A5016871448,Luc Montagnier,W58215616|US-6428952,W58215616,US-6428952
824,Françoise Barré-Sinoussi,Françoise Barré-Sinoussi,https://openalex.org/A5107827488,Françoise Barré‐Sinoussi,W58215616|US-6428952,W58215616,US-6428952
825,Luc Montagnier,Luc Montagnier,https://openalex.org/A5016871448,Luc Montagnier,W2466933921|US-6428952,W2466933921,US-6428952
825,Luc Montagnier,Luc Montagnier,https://openalex.org/A5016871448,Luc Montagnier,W2027861910|US-6428952,W2027861910,US-6428952
824,Françoise Barré-Sinoussi,Françoise Barré-Sinoussi,https://openalex.org/A5107827488,Françoise Barré‐Sinoussi,W2090079821|US-6428952,W2090079821,US-6428952
825,Luc Montagnier,Luc Montagnier,https://openalex.org/A5016871448,Luc Montagnier,W2090079821|US-6428952,W2090079821,US-6428952
824,Françoise Barré-Sinoussi,Françoise Barré-Sinoussi,https://openalex.org/A5107827488,Françoise Barré‐Sinoussi,W91196231|US-6428952,W91196231,US-6428952
824,Françoise Barré-Sinoussi,Françoise Barré-Sinoussi,https://openalex.org/A5107827488,Françoise Barré‐Sinoussi,W2035553258|US-6428952,W2035553258,US-6428952
825,Luc Montagnier,Luc Montagnier,https://openalex.org/A5016871448,Luc Montagnier,W2035553258|US-6428952,W2035553258,US-6428952
824,Françoise Barré-Sinoussi,Françoise Barré-Sinoussi,https://openalex.org/A5107827488,Françoise Barré‐Sinoussi,W2195453688|US-6428952,W2195453688,US-6428952
825,Luc Montagnier,Luc Montagnier,https://openalex.org/A5016871448,Luc Montagnier,W2195453688|US-6428952,W2195453688,US-6428952
824,Françoise Barré-Sinoussi,Françoise Barré-Sinoussi,https://openalex.org/A5107827488,Françoise Barré‐Sinoussi,W1977282539|US-6428952,W1977282539,US-6428952
825,Luc Montagnier,Luc Montagnier,https://openalex.org/A5016871448,Luc Montagnier,W1977282539|US-6428952,W1977282539,US-6428952
825,Luc Montagnier,Luc Montagnier,https://openalex.org/A5016871448,Luc Montagnier,W2049296686|US-6428952,W2049296686,US-6428952
723,Paul Greengard,Paul Greengard,https://openalex.org/A5052825834,Paul Greengard,W2130185623|US-6429010,W2130185623,US-6429010
723,Paul Greengard,Paul Greengard,https://openalex.org/A5052825834,Paul Greengard,W1964008903|US-6429010,W1964008903,US-6429010
723,Paul Greengard,Paul Greengard,https://openalex.org/A5052825834,Paul Greengard,W2044468559|US-6429010,W2044468559,US-6429010
825,Luc Montagnier,Luc Montagnier,https://openalex.org/A5016871448,Luc Montagnier,W2050489828|US-6429306,W2050489828,US-6429306
825,Luc Montagnier,Luc Montagnier,https://openalex.org/A5016871448,Luc Montagnier,W2039975091|US-6429306,W2039975091,US-6429306
825,Luc Montagnier,Luc Montagnier,https://openalex.org/A5016871448,Luc Montagnier,W2008791719|US-6429306,W2008791719,US-6429306
825,Luc Montagnier,Luc Montagnier,https://openalex.org/A5016871448,Luc Montagnier,W2059910556|US-6429306,W2059910556,US-6429306
825,Luc Montagnier,Luc Montagnier,https://openalex.org/A5016871448,Luc Montagnier,W2053667638|US-6429306,W2053667638,US-6429306
1029,Moungi G. Bawendi,Moungi Bawendi,https://openalex.org/A5108389294,Moungi G. Bawendi,W2170800565|US-6433931,W2170800565,US-6433931
878,Robert J. Lefkowitz,Robert J. Lefkowitz,https://openalex.org/A5080672788,Robert J. Lefkowitz,W2149733176|US-6436908,W2149733176,US-6436908
878,Robert J. Lefkowitz,Robert J. Lefkowitz,https://openalex.org/A5080672788,Robert J. Lefkowitz,W2003686368|US-6436908,W2003686368,US-6436908
878,Robert J. Lefkowitz,Robert J. Lefkowitz,https://openalex.org/A5080672788,Robert J. Lefkowitz,W2166819175|US-6436908,W2166819175,US-6436908
878,Robert J. Lefkowitz,Robert J. Lefkowitz,https://openalex.org/A5080672788,Robert J. Lefkowitz,W2077425788|US-6436908,W2077425788,US-6436908
878,Robert J. Lefkowitz,Robert J. Lefkowitz,https://openalex.org/A5080672788,Robert J. Lefkowitz,W2166046118|US-6436908,W2166046118,US-6436908
878,Robert J. Lefkowitz,Robert J. Lefkowitz,https://openalex.org/A5080672788,Robert J. Lefkowitz,W2150739709|US-6436908,W2150739709,US-6436908
878,Robert J. Lefkowitz,Robert J. Lefkowitz,https://openalex.org/A5080672788,Robert J. Lefkowitz,W2043698693|US-6436908,W2043698693,US-6436908
824,Françoise Barré-Sinoussi,Françoise Barré-Sinoussi,https://openalex.org/A5107827488,Françoise Barré‐Sinoussi,W2137267461|US-6440657,W2137267461,US-6440657
825,Luc Montagnier,Luc Montagnier,https://openalex.org/A5016871448,Luc Montagnier,W2137267461|US-6440657,W2137267461,US-6440657
824,Françoise Barré-Sinoussi,Françoise Barré-Sinoussi,https://openalex.org/A5107827488,Françoise Barré‐Sinoussi,W2035553258|US-6440657,W2035553258,US-6440657
825,Luc Montagnier,Luc Montagnier,https://openalex.org/A5016871448,Luc Montagnier,W2035553258|US-6440657,W2035553258,US-6440657
825,Luc Montagnier,Luc Montagnier,https://openalex.org/A5016871448,Luc Montagnier,W58215616|US-6440657,W58215616,US-6440657
824,Françoise Barré-Sinoussi,Françoise Barré-Sinoussi,https://openalex.org/A5107827488,Françoise Barré‐Sinoussi,W58215616|US-6440657,W58215616,US-6440657
1029,Moungi G. Bawendi,Moungi Bawendi,https://openalex.org/A5108389294,Moungi G. Bawendi,W2166471790|US-6444143,W2166471790,US-6444143
723,Paul Greengard,Paul Greengard,https://openalex.org/A5052825834,Paul Greengard,W2037490893|US-6444201,W2037490893,US-6444201
280,George A. Olah,George A. Olah,https://openalex.org/A5071446330,George A. Olah,W2096077528|US-6444343,W2096077528,US-6444343
280,George A. Olah,George A. Olah,https://openalex.org/A5071446330,George A. Olah,W1583428643|US-6444343,W1583428643,US-6444343
274,Thomas R. Cech,Thomas R. Cech,https://openalex.org/A5017573996,Thomas R. Cech,W1556517582|US-6444650,W1556517582,US-6444650
274,Thomas R. Cech,Thomas R. Cech,https://openalex.org/A5017573996,Thomas R. Cech,W2079378073|US-6444650,W2079378073,US-6444650
279,Michael Smith,Michael Smith,https://openalex.org/A5101453839,Michael J. Smith,W1587190900|US-6444787,W1587190900,US-6444787
879,Brian K. Kobilka,Brian Kobilka,https://openalex.org/A5079682203,Brian K. Kobilka,W1976820507|US-6448377,W1976820507,US-6448377
795,Robert H. Grubbs,Robert H. Grubbs,https://openalex.org/A5078597191,Robert H. Grubbs,W1532073688|US-6450642,W1532073688,US-6450642
729,Alan J. Heeger,Alan Heeger,https://openalex.org/A5087631107,Alan J. Heeger,W4231731424|US-6452218,W4231731424,US-6452218
863,Ralph M. Steinman,Ralph M. Steinman,https://openalex.org/A5113434905,Ralph M. Steinman,W2411407737|US-6455299,W2411407737,US-6455299
863,Ralph M. Steinman,Ralph M. Steinman,https://openalex.org/A5113434905,Ralph M. Steinman,W2172039135|US-6455299,W2172039135,US-6455299
1052,John M. Martinis,John M. Martinis,https://openalex.org/A5043106778,John M. Martinis,W2038557354|US-6455849,W2038557354,US-6455849
1052,John M. Martinis,John M. Martinis,https://openalex.org/A5043106778,John M. Martinis,W2132895954|US-6455849,W2132895954,US-6455849
275,Elias James Corey,Elias James Corey,https://openalex.org/A5062182194,E. J. Corey,W1990449071|US-6458825,W1990449071,US-6458825
1015,Carolyn R. Bertozzi,Carolyn Bertozzi,https://openalex.org/A5088409133,Carolyn R. Bertozzi,W1595841096|US-6458937,W1595841096,US-6458937
735,Leland H. Hartwell,Leland Hartwell,https://openalex.org/A5112821745,Leland H. Hartwell,W1985064413|US-6461807,W1985064413,US-6461807
409,Baruch S. Blumberg,Baruch S. Blumberg,https://openalex.org/A5030590633,Baruch S. Blumberg,W2276305940|US-6465487,W2276305940,US-6465487
795,Robert H. Grubbs,Robert H. Grubbs,https://openalex.org/A5078597191,Robert H. Grubbs,W2036262132|US-6465590,W2036262132,US-6465590
751,H. Robert Horvitz,H. Robert Horvitz,https://openalex.org/A5075093223,H. Robert Horvitz,W2355271737|US-6465617,W2355271737,US-6465617
751,H. Robert Horvitz,H. Robert Horvitz,https://openalex.org/A5075093223,H. Robert Horvitz,W1976312800|US-6465617,W1976312800,US-6465617
751,H. Robert Horvitz,H. Robert Horvitz,https://openalex.org/A5075093223,H. Robert Horvitz,W2008348103|US-6465617,W2008348103,US-6465617
751,H. Robert Horvitz,H. Robert Horvitz,https://openalex.org/A5075093223,H. Robert Horvitz,W2050000423|US-6465617,W2050000423,US-6465617
751,H. Robert Horvitz,H. Robert Horvitz,https://openalex.org/A5075093223,H. Robert Horvitz,W2143772496|US-6465617,W2143772496,US-6465617
751,H. Robert Horvitz,H. Robert Horvitz,https://openalex.org/A5075093223,H. Robert Horvitz,W2154979711|US-6465617,W2154979711,US-6465617
751,H. Robert Horvitz,H. Robert Horvitz,https://openalex.org/A5075093223,H. Robert Horvitz,W2163636387|US-6465617,W2163636387,US-6465617
751,H. Robert Horvitz,H. Robert Horvitz,https://openalex.org/A5075093223,H. Robert Horvitz,W2032446466|US-6465617,W2032446466,US-6465617
751,H. Robert Horvitz,H. Robert Horvitz,https://openalex.org/A5075093223,H. Robert Horvitz,W1974047098|US-6465617,W1974047098,US-6465617
751,H. Robert Horvitz,H. Robert Horvitz,https://openalex.org/A5075093223,H. Robert Horvitz,W2013159980|US-6465617,W2013159980,US-6465617
751,H. Robert Horvitz,H. Robert Horvitz,https://openalex.org/A5075093223,H. Robert Horvitz,W1612820086|US-6465617,W1612820086,US-6465617
751,H. Robert Horvitz,H. Robert Horvitz,https://openalex.org/A5075093223,H. Robert Horvitz,W2127244622|US-6465617,W2127244622,US-6465617
751,H. Robert Horvitz,H. Robert Horvitz,https://openalex.org/A5075093223,H. Robert Horvitz,W1924646174|US-6465617,W1924646174,US-6465617
751,H. Robert Horvitz,H. Robert Horvitz,https://openalex.org/A5075093223,H. Robert Horvitz,W2143022663|US-6465617,W2143022663,US-6465617
751,H. Robert Horvitz,H. Robert Horvitz,https://openalex.org/A5075093223,H. Robert Horvitz,W2151552476|US-6465617,W2151552476,US-6465617
751,H. Robert Horvitz,H. Robert Horvitz,https://openalex.org/A5075093223,H. Robert Horvitz,W2082624222|US-6465617,W2082624222,US-6465617
751,H. Robert Horvitz,H. Robert Horvitz,https://openalex.org/A5075093223,H. Robert Horvitz,W2079357365|US-6465617,W2079357365,US-6465617
735,Leland H. Hartwell,Leland Hartwell,https://openalex.org/A5112821745,Leland H. Hartwell,W1985064413|US-6468476,W1985064413,US-6468476
416,Hamilton O. Smith,Hamilton O. Smith,https://openalex.org/A5076771387,Hamilton O. Smith,W2015374912|US-6468765,W2015374912,US-6468765
416,Hamilton O. Smith,Hamilton O. Smith,https://openalex.org/A5076771387,Hamilton O. Smith,W1589823348|US-6468765,W1589823348,US-6468765
416,Hamilton O. Smith,Hamilton O. Smith,https://openalex.org/A5076771387,Hamilton O. Smith,W1971403296|US-6468765,W1971403296,US-6468765
831,Roger Y. Tsien,Roger Y. Tsien,https://openalex.org/A5109193097,Roger Y. Tsien,W1976136773|US-6469154,W1976136773,US-6469154
986,Michael Houghton,Michael Houghton,https://openalex.org/A5090612228,Michael Houghton,W2092200952|US-6472180,W2092200952,US-6472180
986,Michael Houghton,Michael Houghton,https://openalex.org/A5090612228,Michael Houghton,W1979919755|US-6472180,W1979919755,US-6472180
986,Michael Houghton,Michael Houghton,https://openalex.org/A5090612228,Michael Houghton,W30960515|US-6472180,W30960515,US-6472180
863,Ralph M. Steinman,Ralph M. Steinman,https://openalex.org/A5113434905,Ralph M. Steinman,W2078169017|US-6475483,W2078169017,US-6475483
863,Ralph M. Steinman,Ralph M. Steinman,https://openalex.org/A5113434905,Ralph M. Steinman,W2059787743|US-6475483,W2059787743,US-6475483
1047,Mary E. Brunkow,Mary E. Brunkow,https://openalex.org/A5072638080,Mary E. Brunkow,W2161984225|US-6475739,W2161984225,US-6475739
274,Thomas R. Cech,Thomas R. Cech,https://openalex.org/A5017573996,Thomas R. Cech,W2079378073|US-6475789,W2079378073,US-6475789
750,Sydney Brenner,Sydney Brenner,https://openalex.org/A5111910776,Sydney Brenner,W2015255828|US-6475793,W2015255828,US-6475793
750,Sydney Brenner,Sydney Brenner,https://openalex.org/A5111910776,Sydney Brenner,W2005786039|US-6475793,W2005786039,US-6475793
917,Satoshi Ōmura,Satoshi Ōmura,https://openalex.org/A5045164227,Satoshi Ōmura,W2015595160|US-6482412,W2015595160,US-6482412
795,Robert H. Grubbs,Robert H. Grubbs,https://openalex.org/A5078597191,Robert H. Grubbs,W2033736258|US-6482908,W2033736258,US-6482908
795,Robert H. Grubbs,Robert H. Grubbs,https://openalex.org/A5078597191,Robert H. Grubbs,W2077783557|US-6486279,W2077783557,US-6486279
795,Robert H. Grubbs,Robert H. Grubbs,https://openalex.org/A5078597191,Robert H. Grubbs,W1994356710|US-6486279,W1994356710,US-6486279
795,Robert H. Grubbs,Robert H. Grubbs,https://openalex.org/A5078597191,Robert H. Grubbs,W1993605313|US-6486279,W1993605313,US-6486279
823,Harald zur Hausen,Harald zur Hausen,https://openalex.org/A5076220155,Harald zur Hausen,W1512550529|US-6488935,W1512550529,US-6488935
249,William N. Lipscomb,William Lipscomb,https://openalex.org/A5110136758,William N. Lipscomb,W2040535923|US-6489476,W2040535923,US-6489476
824,Françoise Barré-Sinoussi,Françoise Barré-Sinoussi,https://openalex.org/A5107827488,Françoise Barré‐Sinoussi,W1549152468|US-6492110,W1549152468,US-6492110
752,John E. Sulston,John E. Sulston,https://openalex.org/A5018043809,John Sulston,W2158023121|US-6492506,W2158023121,US-6492506
288,John E. Walker,John E. Walker,https://openalex.org/A5007387177,John E. Walker,W2396766476|US-6498020,W2396766476,US-6498020
416,Hamilton O. Smith,Hamilton O. Smith,https://openalex.org/A5076771387,Hamilton O. Smith,W1608218663|US-6503729,W1608218663,US-6503729
416,Hamilton O. Smith,Hamilton O. Smith,https://openalex.org/A5076771387,Hamilton O. Smith,W4239833500|US-6503729,W4239833500,US-6503729
795,Robert H. Grubbs,Robert H. Grubbs,https://openalex.org/A5078597191,Robert H. Grubbs,W2071140820|US-6504041,W2071140820,US-6504041
802,Andrew Z. Fire,Andrew Z. Fire,https://openalex.org/A5057231025,Andrew Fire,W1647075334|US-6506559,W1647075334,US-6506559
803,Craig C. Mello,Craig C. Mello,https://openalex.org/A5029315886,Craig C. Mello,W1647075334|US-6506559,W1647075334,US-6506559
416,Hamilton O. Smith,Hamilton O. Smith,https://openalex.org/A5076771387,Hamilton O. Smith,W2015374912|US-6506581,W2015374912,US-6506581
416,Hamilton O. Smith,Hamilton O. Smith,https://openalex.org/A5076771387,Hamilton O. Smith,W1971403296|US-6506581,W1971403296,US-6506581
416,Hamilton O. Smith,Hamilton O. Smith,https://openalex.org/A5076771387,Hamilton O. Smith,W1589823348|US-6506581,W1589823348,US-6506581
824,Françoise Barré-Sinoussi,Françoise Barré-Sinoussi,https://openalex.org/A5107827488,Françoise Barré‐Sinoussi,W2089384420|US-6509018,W2089384420,US-6509018
743,K. Barry Sharpless,K. Barry Sharpless,https://openalex.org/A5077401880,K. Barry Sharpless,W2037871926|US-6509506,W2037871926,US-6509506
917,Satoshi Ōmura,Satoshi Ōmura,https://openalex.org/A5045164227,Satoshi Ōmura,W2017077105|US-6512008,W2017077105,US-6512008
917,Satoshi Ōmura,Satoshi Ōmura,https://openalex.org/A5045164227,Satoshi Ōmura,W2055158331|US-6512099,W2055158331,US-6512099
917,Satoshi Ōmura,Satoshi Ōmura,https://openalex.org/A5045164227,Satoshi Ōmura,W2036296922|US-6512099,W2036296922,US-6512099
932,Sir J. Fraser Stoddart,Sir J. Fraser Stoddart,https://openalex.org/A5027688873,J. Fraser Stoddart,W2100903675|US-6512119,W2100903675,US-6512119
976,John B. Goodenough,John B. Goodenough,https://openalex.org/A5088016695,John B. Goodenough,W2072430054|US-6514640,W2072430054,US-6514640
976,John B. Goodenough,John B. Goodenough,https://openalex.org/A5088016695,John B. Goodenough,W2023770840|US-6514640,W2023770840,US-6514640
825,Luc Montagnier,Luc Montagnier,https://openalex.org/A5016871448,Luc Montagnier,W2039975091|US-6514691,W2039975091,US-6514691
825,Luc Montagnier,Luc Montagnier,https://openalex.org/A5016871448,Luc Montagnier,W2008791719|US-6514691,W2008791719,US-6514691
825,Luc Montagnier,Luc Montagnier,https://openalex.org/A5016871448,Luc Montagnier,W2050489828|US-6514691,W2050489828,US-6514691
825,Luc Montagnier,Luc Montagnier,https://openalex.org/A5016871448,Luc Montagnier,W2059910556|US-6514691,W2059910556,US-6514691
825,Luc Montagnier,Luc Montagnier,https://openalex.org/A5016871448,Luc Montagnier,W2053667638|US-6514691,W2053667638,US-6514691
985,Harvey J. Alter,Harvey J. Alter,https://openalex.org/A5011221249,Harrison Alter,W2131345975|US-6514731,W2131345975,US-6514731
986,Michael Houghton,Michael Houghton,https://openalex.org/A5090612228,Michael Houghton,W2131345975|US-6514731,W2131345975,US-6514731
278,Kary B. Mullis,Kary B. Mullis,https://openalex.org/A5073738482,Kary B. Mullis,W2032118018|US-6514736,W2032118018,US-6514736
795,Robert H. Grubbs,Robert H. Grubbs,https://openalex.org/A5078597191,Robert H. Grubbs,W1999748098|US-6515084,W1999748098,US-6515084
1003,David W.C. MacMillan,David W.C. MacMillan,https://openalex.org/A5025805979,David W. C. MacMillan,W2054788360|US-6515137,W2054788360,US-6515137
1003,David W.C. MacMillan,David W.C. MacMillan,https://openalex.org/A5025805979,David W. C. MacMillan,W2951755197|US-6515137,W2951755197,US-6515137
1003,David W.C. MacMillan,David W.C. MacMillan,https://openalex.org/A5025805979,David W. C. MacMillan,W2066889571|US-6515137,W2066889571,US-6515137
837,Jack W. Szostak,Jack W. Szostak,https://openalex.org/A5023274897,Jack W. Szostak,W2028493269|US-6518018,W2028493269,US-6518018
932,Sir J. Fraser Stoddart,Sir J. Fraser Stoddart,https://openalex.org/A5027688873,J. Fraser Stoddart,W2100903675|US-6518156,W2100903675,US-6518156
878,Robert J. Lefkowitz,Robert J. Lefkowitz,https://openalex.org/A5080672788,Robert J. Lefkowitz,W2015087988|US-6528271,W2015087988,US-6528271
878,Robert J. Lefkowitz,Robert J. Lefkowitz,https://openalex.org/A5080672788,Robert J. Lefkowitz,W2110045591|US-6528271,W2110045591,US-6528271
416,Hamilton O. Smith,Hamilton O. Smith,https://openalex.org/A5076771387,Hamilton O. Smith,W1589823348|US-6528289,W1589823348,US-6528289
416,Hamilton O. Smith,Hamilton O. Smith,https://openalex.org/A5076771387,Hamilton O. Smith,W2015374912|US-6528289,W2015374912,US-6528289
420,Jean Dausset,Jean Dausset,https://openalex.org/A5111852671,J Dausset,W2009003919|US-6528304,W2009003919,US-6528304
420,Jean Dausset,Jean Dausset,https://openalex.org/A5111852671,J Dausset,W2142538734|US-6528304,W2142538734,US-6528304
420,Jean Dausset,Jean Dausset,https://openalex.org/A5111852671,J Dausset,W1963825817|US-6528304,W1963825817,US-6528304
420,Jean Dausset,Jean Dausset,https://openalex.org/A5111852671,J Dausset,W2022275876|US-6528304,W2022275876,US-6528304
420,Jean Dausset,Jean Dausset,https://openalex.org/A5111852671,J Dausset,W1506551612|US-6528304,W1506551612,US-6528304
420,Jean Dausset,Jean Dausset,https://openalex.org/A5111852671,J Dausset,W1977105316|US-6528304,W1977105316,US-6528304
420,Jean Dausset,Jean Dausset,https://openalex.org/A5111852671,J Dausset,W2044879446|US-6528304,W2044879446,US-6528304
780,Avram Hershko,Avram Hershko,https://openalex.org/A5035630459,Avram Hershko,W2027179660|US-6528633,W2027179660,US-6528633
729,Alan J. Heeger,Alan Heeger,https://openalex.org/A5087631107,Alan J. Heeger,W2063709465|US-6534329,W2063709465,US-6534329
727,Herbert Kroemer,Herbert Kroemer,https://openalex.org/A5055558095,H. Kroemer,W2063709465|US-6534329,W2063709465,US-6534329
729,Alan J. Heeger,Alan Heeger,https://openalex.org/A5087631107,Alan J. Heeger,W2057731465|US-6534329,W2057731465,US-6534329
1003,David W.C. MacMillan,David W.C. MacMillan,https://openalex.org/A5025805979,David W. C. MacMillan,W2054788360|US-6534434,W2054788360,US-6534434
1003,David W.C. MacMillan,David W.C. MacMillan,https://openalex.org/A5025805979,David W. C. MacMillan,W2066889571|US-6534434,W2066889571,US-6534434
1003,David W.C. MacMillan,David W.C. MacMillan,https://openalex.org/A5025805979,David W. C. MacMillan,W2951755197|US-6534434,W2951755197,US-6534434
1003,David W.C. MacMillan,David W.C. MacMillan,https://openalex.org/A5025805979,David W. C. MacMillan,W2094818492|US-6534434,W2094818492,US-6534434
907,Hiroshi Amano,Hiroshi Amano,https://openalex.org/A5048399593,Hiroshi Amano,W3182759048|US-6534791,W3182759048,US-6534791
906,Isamu Akasaki,Isamu Akasaki,https://openalex.org/A5081597179,Isamu Akasaki,W3182759048|US-6534791,W3182759048,US-6534791
907,Hiroshi Amano,Hiroshi Amano,https://openalex.org/A5048399593,Hiroshi Amano,W2325844124|US-6534791,W2325844124,US-6534791
906,Isamu Akasaki,Isamu Akasaki,https://openalex.org/A5081597179,Isamu Akasaki,W2325844124|US-6534791,W2325844124,US-6534791
457,Stanley B. Prusiner,Stanley B. Prusiner,https://openalex.org/A5066991343,Stanley B. Prusiner,W2063062799|US-6537548,W2063062799,US-6537548
457,Stanley B. Prusiner,Stanley B. Prusiner,https://openalex.org/A5066991343,Stanley B. Prusiner,W2103226116|US-6537548,W2103226116,US-6537548
457,Stanley B. Prusiner,Stanley B. Prusiner,https://openalex.org/A5066991343,Stanley B. Prusiner,W1996513738|US-6537548,W1996513738,US-6537548
457,Stanley B. Prusiner,Stanley B. Prusiner,https://openalex.org/A5066991343,Stanley B. Prusiner,W2159724596|US-6537548,W2159724596,US-6537548
416,Hamilton O. Smith,Hamilton O. Smith,https://openalex.org/A5076771387,Hamilton O. Smith,W2164698321|US-6537773,W2164698321,US-6537773
416,Hamilton O. Smith,Hamilton O. Smith,https://openalex.org/A5076771387,Hamilton O. Smith,W2041652393|US-6537773,W2041652393,US-6537773
795,Robert H. Grubbs,Robert H. Grubbs,https://openalex.org/A5078597191,Robert H. Grubbs,W1989693491|US-6538033,W1989693491,US-6538033
986,Michael Houghton,Michael Houghton,https://openalex.org/A5090612228,Michael Houghton,W1921694076|US-6538114,W1921694076,US-6538114
963,Frances H. Arnold,Frances H. Arnold,https://openalex.org/A5043841592,Frances H. Arnold,W2011650104|US-6540895,W2011650104,US-6540895
963,Frances H. Arnold,Frances H. Arnold,https://openalex.org/A5043841592,Frances H. Arnold,W1645530958|US-6540895,W1645530958,US-6540895
907,Hiroshi Amano,Hiroshi Amano,https://openalex.org/A5048399593,Hiroshi Amano,W2121395191|US-6541798,W2121395191,US-6541798
906,Isamu Akasaki,Isamu Akasaki,https://openalex.org/A5081597179,Isamu Akasaki,W2121395191|US-6541798,W2121395191,US-6541798
825,Luc Montagnier,Luc Montagnier,https://openalex.org/A5016871448,Luc Montagnier,W2059910556|US-6544728,W2059910556,US-6544728
836,Carol W. Greider,Carol W. Greider,https://openalex.org/A5041730448,Carol W. Greider,W2026856852|US-6548298,W2026856852,US-6548298
835,Elizabeth H. Blackburn,Elizabeth H. Blackburn,https://openalex.org/A5064437582,Elizabeth H. Blackburn,W2419109048|US-6551774,W2419109048,US-6551774
724,Eric R. Kandel,Eric Kandel,https://openalex.org/A5034071817,Eric R. Kandel,W2010973571|US-6551821,W2010973571,US-6551821
724,Eric R. Kandel,Eric Kandel,https://openalex.org/A5034071817,Eric R. Kandel,W2004855428|US-6551821,W2004855428,US-6551821
1003,David W.C. MacMillan,David W.C. MacMillan,https://openalex.org/A5025805979,David W. C. MacMillan,W2005719781|US-6552226,W2005719781,US-6552226
824,Françoise Barré-Sinoussi,Françoise Barré-Sinoussi,https://openalex.org/A5107827488,Françoise Barré‐Sinoussi,W2035553258|US-6555112,W2035553258,US-6555112
825,Luc Montagnier,Luc Montagnier,https://openalex.org/A5016871448,Luc Montagnier,W2035553258|US-6555112,W2035553258,US-6555112
823,Harald zur Hausen,Harald zur Hausen,https://openalex.org/A5076220155,Harald zur Hausen,W2112859230|US-6555345,W2112859230,US-6555345
823,Harald zur Hausen,Harald zur Hausen,https://openalex.org/A5076220155,Harald zur Hausen,W1512550529|US-6555345,W1512550529,US-6555345
962,Donna Strickland,Donna Strickland,https://openalex.org/A5019063503,D. Strickland,W2034978251|US-6558736,W2034978251,US-6558736
986,Michael Houghton,Michael Houghton,https://openalex.org/A5090612228,Michael Houghton,W1952863055|US-6562346,W1952863055,US-6562346
986,Michael Houghton,Michael Houghton,https://openalex.org/A5090612228,Michael Houghton,W2126762327|US-6562346,W2126762327,US-6562346
986,Michael Houghton,Michael Houghton,https://openalex.org/A5090612228,Michael Houghton,W1867663745|US-6562346,W1867663745,US-6562346
823,Harald zur Hausen,Harald zur Hausen,https://openalex.org/A5076220155,Harald zur Hausen,W2112859230|US-6562597,W2112859230,US-6562597
823,Harald zur Hausen,Harald zur Hausen,https://openalex.org/A5076220155,Harald zur Hausen,W1512550529|US-6562597,W1512550529,US-6562597
972,Gregg L. Semenza,Gregg L. Semenza,https://openalex.org/A5051276665,Gregg L. Semenza,W2077688090|US-6562799,W2077688090,US-6562799
972,Gregg L. Semenza,Gregg L. Semenza,https://openalex.org/A5051276665,Gregg L. Semenza,W1997971145|US-6562799,W1997971145,US-6562799
972,Gregg L. Semenza,Gregg L. Semenza,https://openalex.org/A5051276665,Gregg L. Semenza,W2046440184|US-6562799,W2046440184,US-6562799
972,Gregg L. Semenza,Gregg L. Semenza,https://openalex.org/A5051276665,Gregg L. Semenza,W2028314932|US-6562799,W2028314932,US-6562799
972,Gregg L. Semenza,Gregg L. Semenza,https://openalex.org/A5051276665,Gregg L. Semenza,W2005613270|US-6562799,W2005613270,US-6562799
972,Gregg L. Semenza,Gregg L. Semenza,https://openalex.org/A5051276665,Gregg L. Semenza,W1937401270|US-6562799,W1937401270,US-6562799
972,Gregg L. Semenza,Gregg L. Semenza,https://openalex.org/A5051276665,Gregg L. Semenza,W2072839085|US-6562799,W2072839085,US-6562799
972,Gregg L. Semenza,Gregg L. Semenza,https://openalex.org/A5051276665,Gregg L. Semenza,W2050442786|US-6562799,W2050442786,US-6562799
972,Gregg L. Semenza,Gregg L. Semenza,https://openalex.org/A5051276665,Gregg L. Semenza,W2107410714|US-6562799,W2107410714,US-6562799
972,Gregg L. Semenza,Gregg L. Semenza,https://openalex.org/A5051276665,Gregg L. Semenza,W2024206845|US-6562799,W2024206845,US-6562799
972,Gregg L. Semenza,Gregg L. Semenza,https://openalex.org/A5051276665,Gregg L. Semenza,W2177184392|US-6562799,W2177184392,US-6562799
972,Gregg L. Semenza,Gregg L. Semenza,https://openalex.org/A5051276665,Gregg L. Semenza,W1993608966|US-6562799,W1993608966,US-6562799
450,Alfred G. Gilman,Alfred G. Gilman,https://openalex.org/A5054552947,Alfred G. Gilman,W2022723700|US-6569655,W2022723700,US-6569655
907,Hiroshi Amano,Hiroshi Amano,https://openalex.org/A5048399593,Hiroshi Amano,W2028925919|US-6569704,W2028925919,US-6569704
906,Isamu Akasaki,Isamu Akasaki,https://openalex.org/A5081597179,Isamu Akasaki,W2028925919|US-6569704,W2028925919,US-6569704
923,Aziz Sancar,Aziz Sancar,https://openalex.org/A5016678671,Aziz Sancar,W2069446043|US-6569994,W2069446043,US-6569994
774,Richard Axel,Richard Axel,https://openalex.org/A5023563090,Richard Axel,W31403717|US-6570000,W31403717,US-6570000
1015,Carolyn R. Bertozzi,Carolyn Bertozzi,https://openalex.org/A5088409133,Carolyn R. Bertozzi,W2006192357|US-6570040,W2006192357,US-6570040
1015,Carolyn R. Bertozzi,Carolyn Bertozzi,https://openalex.org/A5088409133,Carolyn R. Bertozzi,W1981659539|US-6570040,W1981659539,US-6570040
795,Robert H. Grubbs,Robert H. Grubbs,https://openalex.org/A5078597191,Robert H. Grubbs,W2014033694|US-6576779,W2014033694,US-6576779
823,Harald zur Hausen,Harald zur Hausen,https://openalex.org/A5076220155,Harald zur Hausen,W2112859230|US-6589532,W2112859230,US-6589532
1002,Benjamin List,Benjamin List,https://openalex.org/A5040055598,Benjamin List,W2026658529|US-6589766,W2026658529,US-6589766
1002,Benjamin List,Benjamin List,https://openalex.org/A5040055598,Benjamin List,W2086518019|US-6589766,W2086518019,US-6589766
1002,Benjamin List,Benjamin List,https://openalex.org/A5040055598,Benjamin List,W1972502496|US-6589766,W1972502496,US-6589766
1002,Benjamin List,Benjamin List,https://openalex.org/A5040055598,Benjamin List,W4249119142|US-6589766,W4249119142,US-6589766
1002,Benjamin List,Benjamin List,https://openalex.org/A5040055598,Benjamin List,W1969693051|US-6589766,W1969693051,US-6589766
1002,Benjamin List,Benjamin List,https://openalex.org/A5040055598,Benjamin List,W1556223086|US-6589766,W1556223086,US-6589766
1002,Benjamin List,Benjamin List,https://openalex.org/A5040055598,Benjamin List,W2071011237|US-6589766,W2071011237,US-6589766
1002,Benjamin List,Benjamin List,https://openalex.org/A5040055598,Benjamin List,W2140864818|US-6589766,W2140864818,US-6589766
1002,Benjamin List,Benjamin List,https://openalex.org/A5040055598,Benjamin List,W1994289015|US-6589766,W1994289015,US-6589766
987,Charles M. Rice,Charles M. Rice,https://openalex.org/A5019683467,Charles M. Rice,W2043115431|US-6592874,W2043115431,US-6592874
907,Hiroshi Amano,Hiroshi Amano,https://openalex.org/A5048399593,Hiroshi Amano,W2121395191|US-6593599,W2121395191,US-6593599
906,Isamu Akasaki,Isamu Akasaki,https://openalex.org/A5081597179,Isamu Akasaki,W2121395191|US-6593599,W2121395191,US-6593599
986,Michael Houghton,Michael Houghton,https://openalex.org/A5090612228,Michael Houghton,W2053064416|US-6596476,W2053064416,US-6596476
751,H. Robert Horvitz,H. Robert Horvitz,https://openalex.org/A5075093223,H. Robert Horvitz,W2143022663|US-6596495,W2143022663,US-6596495
824,Françoise Barré-Sinoussi,Françoise Barré-Sinoussi,https://openalex.org/A5107827488,Françoise Barré‐Sinoussi,W2006710190|US-6600023,W2006710190,US-6600023
824,Françoise Barré-Sinoussi,Françoise Barré-Sinoussi,https://openalex.org/A5107827488,Françoise Barré‐Sinoussi,W2195453688|US-6600023,W2195453688,US-6600023
825,Luc Montagnier,Luc Montagnier,https://openalex.org/A5016871448,Luc Montagnier,W2195453688|US-6600023,W2195453688,US-6600023
824,Françoise Barré-Sinoussi,Françoise Barré-Sinoussi,https://openalex.org/A5107827488,Françoise Barré‐Sinoussi,W1966625144|US-6600023,W1966625144,US-6600023
825,Luc Montagnier,Luc Montagnier,https://openalex.org/A5016871448,Luc Montagnier,W1966625144|US-6600023,W1966625144,US-6600023
824,Françoise Barré-Sinoussi,Françoise Barré-Sinoussi,https://openalex.org/A5107827488,Françoise Barré‐Sinoussi,W2001010350|US-6600023,W2001010350,US-6600023
825,Luc Montagnier,Luc Montagnier,https://openalex.org/A5016871448,Luc Montagnier,W2001010350|US-6600023,W2001010350,US-6600023
824,Françoise Barré-Sinoussi,Françoise Barré-Sinoussi,https://openalex.org/A5107827488,Françoise Barré‐Sinoussi,W1977282539|US-6600023,W1977282539,US-6600023
825,Luc Montagnier,Luc Montagnier,https://openalex.org/A5016871448,Luc Montagnier,W1977282539|US-6600023,W1977282539,US-6600023
457,Stanley B. Prusiner,Stanley B. Prusiner,https://openalex.org/A5066991343,Stanley B. Prusiner,W2018675827|US-6602672,W2018675827,US-6602672
457,Stanley B. Prusiner,Stanley B. Prusiner,https://openalex.org/A5066991343,Stanley B. Prusiner,W2049627175|US-6602672,W2049627175,US-6602672
806,Roger D. Kornberg,Roger D. Kornberg,https://openalex.org/A5049465163,Roger D. Kornberg,W2045833368|US-6604052,W2045833368,US-6604052
1011,Svante Pääbo,Svante Pääbo,https://openalex.org/A5012216367,Svante Pääbo,W2062629114|US-6605428,W2062629114,US-6605428
825,Luc Montagnier,Luc Montagnier,https://openalex.org/A5016871448,Luc Montagnier,W2027203648|US-6608179,W2027203648,US-6608179
878,Robert J. Lefkowitz,Robert J. Lefkowitz,https://openalex.org/A5080672788,Robert J. Lefkowitz,W2084510672|US-6610532,W2084510672,US-6610532
795,Robert H. Grubbs,Robert H. Grubbs,https://openalex.org/A5078597191,Robert H. Grubbs,W4250807595|US-6610626,W4250807595,US-6610626
795,Robert H. Grubbs,Robert H. Grubbs,https://openalex.org/A5078597191,Robert H. Grubbs,W4242539993|US-6610626,W4242539993,US-6610626
836,Carol W. Greider,Carol W. Greider,https://openalex.org/A5041730448,Carol W. Greider,W2026856852|US-6610839,W2026856852,US-6610839
1048,Frederick J. Ramsdell,Fred Ramsdell,https://openalex.org/A5050752577,Fred Ramsdell,W1938523018|US-6613320,W1938523018,US-6613320
795,Robert H. Grubbs,Robert H. Grubbs,https://openalex.org/A5078597191,Robert H. Grubbs,W2950760496|US-6613910,W2950760496,US-6613910
795,Robert H. Grubbs,Robert H. Grubbs,https://openalex.org/A5078597191,Robert H. Grubbs,W1988638269|US-6613910,W1988638269,US-6613910
907,Hiroshi Amano,Hiroshi Amano,https://openalex.org/A5048399593,Hiroshi Amano,W2121395191|US-6617061,W2121395191,US-6617061
906,Isamu Akasaki,Isamu Akasaki,https://openalex.org/A5081597179,Isamu Akasaki,W2121395191|US-6617061,W2121395191,US-6617061
274,Thomas R. Cech,Thomas R. Cech,https://openalex.org/A5017573996,Thomas R. Cech,W2079378073|US-6617110,W2079378073,US-6617110
457,Stanley B. Prusiner,Stanley B. Prusiner,https://openalex.org/A5066991343,Stanley B. Prusiner,W2029162694|US-6620629,W2029162694,US-6620629
457,Stanley B. Prusiner,Stanley B. Prusiner,https://openalex.org/A5066991343,Stanley B. Prusiner,W1572450776|US-6620629,W1572450776,US-6620629
457,Stanley B. Prusiner,Stanley B. Prusiner,https://openalex.org/A5066991343,Stanley B. Prusiner,W2023529808|US-6620629,W2023529808,US-6620629
457,Stanley B. Prusiner,Stanley B. Prusiner,https://openalex.org/A5066991343,Stanley B. Prusiner,W2917159021|US-6620629,W2917159021,US-6620629
907,Hiroshi Amano,Hiroshi Amano,https://openalex.org/A5048399593,Hiroshi Amano,W2121395191|US-6620643,W2121395191,US-6620643
906,Isamu Akasaki,Isamu Akasaki,https://openalex.org/A5081597179,Isamu Akasaki,W2121395191|US-6620643,W2121395191,US-6620643
730,Alan G. MacDiarmid,Alan MacDiarmid,https://openalex.org/A5008830363,A. G. MacDiarmid,W2041073635|US-6623870,W2041073635,US-6623870
730,Alan G. MacDiarmid,Alan MacDiarmid,https://openalex.org/A5008830363,A. G. MacDiarmid,W2090365026|US-6623870,W2090365026,US-6623870
795,Robert H. Grubbs,Robert H. Grubbs,https://openalex.org/A5078597191,Robert H. Grubbs,W2008600728|US-6624265,W2008600728,US-6624265
795,Robert H. Grubbs,Robert H. Grubbs,https://openalex.org/A5078597191,Robert H. Grubbs,W2022974342|US-6624265,W2022974342,US-6624265
795,Robert H. Grubbs,Robert H. Grubbs,https://openalex.org/A5078597191,Robert H. Grubbs,W2116741024|US-6624265,W2116741024,US-6624265
795,Robert H. Grubbs,Robert H. Grubbs,https://openalex.org/A5078597191,Robert H. Grubbs,W2491864437|US-6624265,W2491864437,US-6624265
795,Robert H. Grubbs,Robert H. Grubbs,https://openalex.org/A5078597191,Robert H. Grubbs,W2041403339|US-6624265,W2041403339,US-6624265
795,Robert H. Grubbs,Robert H. Grubbs,https://openalex.org/A5078597191,Robert H. Grubbs,W2952293795|US-6624265,W2952293795,US-6624265
795,Robert H. Grubbs,Robert H. Grubbs,https://openalex.org/A5078597191,Robert H. Grubbs,W2150761023|US-6624265,W2150761023,US-6624265
83,Aleksandr Mikhailovich Prokhorov,Aleksandr M. Prokhorov,https://openalex.org/A5024180588,A M Prokhorov,W2162361615|US-6625180,W2162361615,US-6625180
83,Aleksandr Mikhailovich Prokhorov,Aleksandr M. Prokhorov,https://openalex.org/A5024180588,A M Prokhorov,W2157027508|US-6625180,W2157027508,US-6625180
455,Peter C. Doherty,Peter C. Doherty,https://openalex.org/A5074692390,Peter C. Doherty,W1515226983|US-6627190,W1515226983,US-6627190
831,Roger Y. Tsien,Roger Y. Tsien,https://openalex.org/A5109193097,Roger Y. Tsien,W2057315336|US-6627449,W2057315336,US-6627449
274,Thomas R. Cech,Thomas R. Cech,https://openalex.org/A5017573996,Thomas R. Cech,W2079378073|US-6627619,W2079378073,US-6627619
274,Thomas R. Cech,Thomas R. Cech,https://openalex.org/A5017573996,Thomas R. Cech,W1556517582|US-6627619,W1556517582,US-6627619
1036,Gary Ruvkun,Gary Ruvkun,https://openalex.org/A5066998461,Gary Ruvkun,W2134975446|US-6627746,W2134975446,US-6627746
886,Thomas C. Südhof,Thomas C. Südhof,https://openalex.org/A5061921730,Thomas C. Südhof,W2049363790|US-6630345,W2049363790,US-6630345
886,Thomas C. Südhof,Thomas C. Südhof,https://openalex.org/A5061921730,Thomas C. Südhof,W1529309506|US-6630345,W1529309506,US-6630345
842,Thomas A. Steitz,Thomas A. Steitz,https://openalex.org/A5005980770,Thomas A. Steitz,W2109526373|US-6631329,W2109526373,US-6631329
433,Joseph L. Goldstein,Joseph L. Goldstein,https://openalex.org/A5058164552,Joseph L. Goldstein,W2098806204|US-6632626,W2098806204,US-6632626
432,Michael S. Brown,Michael S. Brown,https://openalex.org/A5079762911,Michael S. Brown,W2098806204|US-6632626,W2098806204,US-6632626
432,Michael S. Brown,Michael S. Brown,https://openalex.org/A5079762911,Michael S. Brown,W2382212554|US-6632626,W2382212554,US-6632626
433,Joseph L. Goldstein,Joseph L. Goldstein,https://openalex.org/A5058164552,Joseph L. Goldstein,W2382212554|US-6632626,W2382212554,US-6632626
824,Françoise Barré-Sinoussi,Françoise Barré-Sinoussi,https://openalex.org/A5107827488,Françoise Barré‐Sinoussi,W2035553258|US-6635752,W2035553258,US-6635752
825,Luc Montagnier,Luc Montagnier,https://openalex.org/A5016871448,Luc Montagnier,W2035553258|US-6635752,W2035553258,US-6635752
825,Luc Montagnier,Luc Montagnier,https://openalex.org/A5016871448,Luc Montagnier,W2466933921|US-6635752,W2466933921,US-6635752
945,Joachim Frank,Joachim Frank,https://openalex.org/A5042892654,Joachim Frank,W2137457846|US-6638908,W2137457846,US-6638908
842,Thomas A. Steitz,Thomas A. Steitz,https://openalex.org/A5005980770,Thomas A. Steitz,W2137457846|US-6638908,W2137457846,US-6638908
842,Thomas A. Steitz,Thomas A. Steitz,https://openalex.org/A5005980770,Thomas A. Steitz,W1983534198|US-6638908,W1983534198,US-6638908
842,Thomas A. Steitz,Thomas A. Steitz,https://openalex.org/A5005980770,Thomas A. Steitz,W1868347993|US-6638908,W1868347993,US-6638908
286,Richard E. Smalley,Richard E. Smalley,https://openalex.org/A5015746014,R. E. Smalley,W2118287274|US-6641793,W2118287274,US-6641793
286,Richard E. Smalley,Richard E. Smalley,https://openalex.org/A5015746014,R. E. Smalley,W2144002149|US-6645455,W2144002149,US-6645455
286,Richard E. Smalley,Richard E. Smalley,https://openalex.org/A5015746014,R. E. Smalley,W2094657135|US-6645455,W2094657135,US-6645455
286,Richard E. Smalley,Richard E. Smalley,https://openalex.org/A5015746014,R. E. Smalley,W1974756445|US-6645455,W1974756445,US-6645455
275,Elias James Corey,Elias James Corey,https://openalex.org/A5062182194,E. J. Corey,W1990449071|US-6645999,W1990449071,US-6645999
432,Michael S. Brown,Michael S. Brown,https://openalex.org/A5079762911,Michael S. Brown,W2074714984|US-6649593,W2074714984,US-6649593
433,Joseph L. Goldstein,Joseph L. Goldstein,https://openalex.org/A5058164552,Joseph L. Goldstein,W2074714984|US-6649593,W2074714984,US-6649593
825,Luc Montagnier,Luc Montagnier,https://openalex.org/A5016871448,Luc Montagnier,W2039975091|US-6664041,W2039975091,US-6664041
884,James E. Rothman,James E. Rothman,https://openalex.org/A5107942278,James E. Rothman,W2007409649|US-6670449,W2007409649,US-6670449
1002,Benjamin List,Benjamin List,https://openalex.org/A5040055598,Benjamin List,W2083150099|US-6677435,W2083150099,US-6677435
346,Paul Hermann Müller,Paul Müller,https://openalex.org/A5106076646,Paul Müller,W2148180131|US-6682621,W2148180131,US-6682621
152,Steven Chu,Steven Chu,https://openalex.org/A5001967033,Steven Chu,W2153971351|US-6684645,W2153971351,US-6684645
907,Hiroshi Amano,Hiroshi Amano,https://openalex.org/A5048399593,Hiroshi Amano,W2033465197|US-6690700,W2033465197,US-6690700
906,Isamu Akasaki,Isamu Akasaki,https://openalex.org/A5081597179,Isamu Akasaki,W2033465197|US-6690700,W2033465197,US-6690700
286,Richard E. Smalley,Richard E. Smalley,https://openalex.org/A5015746014,R. E. Smalley,W2040717113|US-6692717,W2040717113,US-6692717
986,Michael Houghton,Michael Houghton,https://openalex.org/A5090612228,Michael Houghton,W2062174742|US-6692907,W2062174742,US-6692907
986,Michael Houghton,Michael Houghton,https://openalex.org/A5090612228,Michael Houghton,W2133487025|US-6692907,W2133487025,US-6692907
986,Michael Houghton,Michael Houghton,https://openalex.org/A5090612228,Michael Houghton,W30960515|US-6692907,W30960515,US-6692907
986,Michael Houghton,Michael Houghton,https://openalex.org/A5090612228,Michael Houghton,W2163692778|US-6692907,W2163692778,US-6692907
986,Michael Houghton,Michael Houghton,https://openalex.org/A5090612228,Michael Houghton,W1533851350|US-6692907,W1533851350,US-6692907
986,Michael Houghton,Michael Houghton,https://openalex.org/A5090612228,Michael Houghton,W160645031|US-6692907,W160645031,US-6692907
986,Michael Houghton,Michael Houghton,https://openalex.org/A5090612228,Michael Houghton,W2069191767|US-6692907,W2069191767,US-6692907
792,John L. Hall,John L. Hall,https://openalex.org/A5009444030,J. L. Hall,W2172272847|US-6694020,W2172272847,US-6694020
274,Thomas R. Cech,Thomas R. Cech,https://openalex.org/A5017573996,Thomas R. Cech,W2154989771|US-6696250,W2154989771,US-6696250
274,Thomas R. Cech,Thomas R. Cech,https://openalex.org/A5017573996,Thomas R. Cech,W1968282235|US-6696250,W1968282235,US-6696250
274,Thomas R. Cech,Thomas R. Cech,https://openalex.org/A5017573996,Thomas R. Cech,W2022449135|US-6696250,W2022449135,US-6696250
274,Thomas R. Cech,Thomas R. Cech,https://openalex.org/A5017573996,Thomas R. Cech,W2060510537|US-6696250,W2060510537,US-6696250
1029,Moungi G. Bawendi,Moungi Bawendi,https://openalex.org/A5108389294,Moungi G. Bawendi,W1679207361|US-6696299,W1679207361,US-6696299
416,Hamilton O. Smith,Hamilton O. Smith,https://openalex.org/A5076771387,Hamilton O. Smith,W2127335580|US-6709660,W2127335580,US-6709660
1015,Carolyn R. Bertozzi,Carolyn Bertozzi,https://openalex.org/A5088409133,Carolyn R. Bertozzi,W1968934663|US-6713274,W1968934663,US-6713274
727,Herbert Kroemer,Herbert Kroemer,https://openalex.org/A5055558095,H. Kroemer,W2020875559|US-6714573,W2020875559,US-6714573
995,Paul R. Milgrom,Paul R. Milgrom,https://openalex.org/A5054280613,Paul Milgrom,W1537617260|US-6718312,W1537617260,US-6718312
457,Stanley B. Prusiner,Stanley B. Prusiner,https://openalex.org/A5066991343,Stanley B. Prusiner,W1989838784|US-6720355,W1989838784,US-6720355
742,Ryoji Noyori,Ryoji Noyori,https://openalex.org/A5054350731,Ryōji Noyori,W2019437299|US-6720439,W2019437299,US-6720439
792,John L. Hall,John L. Hall,https://openalex.org/A5009444030,J. L. Hall,W2086119102|US-6727492,W2086119102,US-6727492
792,John L. Hall,John L. Hall,https://openalex.org/A5009444030,J. L. Hall,W1503613214|US-6727492,W1503613214,US-6727492
792,John L. Hall,John L. Hall,https://openalex.org/A5009444030,J. L. Hall,W163721019|US-6727492,W163721019,US-6727492
824,Françoise Barré-Sinoussi,Françoise Barré-Sinoussi,https://openalex.org/A5107827488,Françoise Barré‐Sinoussi,W2035553258|US-6730304,W2035553258,US-6730304
825,Luc Montagnier,Luc Montagnier,https://openalex.org/A5016871448,Luc Montagnier,W2035553258|US-6730304,W2035553258,US-6730304
825,Luc Montagnier,Luc Montagnier,https://openalex.org/A5016871448,Luc Montagnier,W2466933921|US-6730304,W2466933921,US-6730304
259,Aaron Klug,Aaron Klug,https://openalex.org/A5106084352,Aaron Klug,W2041537542|US-6733970,W2041537542,US-6733970
259,Aaron Klug,Aaron Klug,https://openalex.org/A5106084352,Aaron Klug,W1582870526|US-6733970,W1582870526,US-6733970
1031,Aleksey Yekimov ,Aleksey Yekimov ,https://openalex.org/A5021920207,A. I. Ekimov,W1997643239|US-6734465,W1997643239,US-6734465
280,George A. Olah,George A. Olah,https://openalex.org/A5071446330,George A. Olah,W2156781942|US-6740434,W2156781942,US-6740434
259,Aaron Klug,Aaron Klug,https://openalex.org/A5106084352,Aaron Klug,W2070528577|US-6746838,W2070528577,US-6746838
259,Aaron Klug,Aaron Klug,https://openalex.org/A5106084352,Aaron Klug,W2128328355|US-6746838,W2128328355,US-6746838
917,Satoshi Ōmura,Satoshi Ōmura,https://openalex.org/A5045164227,Satoshi Ōmura,W2175551731|US-6747056,W2175551731,US-6747056
917,Satoshi Ōmura,Satoshi Ōmura,https://openalex.org/A5045164227,Satoshi Ōmura,W2952486874|US-6747056,W2952486874,US-6747056
986,Michael Houghton,Michael Houghton,https://openalex.org/A5090612228,Michael Houghton,W1921694076|US-6747136,W1921694076,US-6747136
795,Robert H. Grubbs,Robert H. Grubbs,https://openalex.org/A5078597191,Robert H. Grubbs,W2064897328|US-6752964,W2064897328,US-6752964
286,Richard E. Smalley,Richard E. Smalley,https://openalex.org/A5015746014,R. E. Smalley,W2025702332|US-6752977,W2025702332,US-6752977
286,Richard E. Smalley,Richard E. Smalley,https://openalex.org/A5015746014,R. E. Smalley,W2034653409|US-6752977,W2034653409,US-6752977
286,Richard E. Smalley,Richard E. Smalley,https://openalex.org/A5015746014,R. E. Smalley,W1967772013|US-6756025,W1967772013,US-6756025
286,Richard E. Smalley,Richard E. Smalley,https://openalex.org/A5015746014,R. E. Smalley,W2105016725|US-6756025,W2105016725,US-6756025
286,Richard E. Smalley,Richard E. Smalley,https://openalex.org/A5015746014,R. E. Smalley,W2034653409|US-6756025,W2034653409,US-6756025
795,Robert H. Grubbs,Robert H. Grubbs,https://openalex.org/A5078597191,Robert H. Grubbs,W2009441924|US-6759537,W2009441924,US-6759537
795,Robert H. Grubbs,Robert H. Grubbs,https://openalex.org/A5078597191,Robert H. Grubbs,W2008600728|US-6759537,W2008600728,US-6759537
795,Robert H. Grubbs,Robert H. Grubbs,https://openalex.org/A5078597191,Robert H. Grubbs,W2047352071|US-6759537,W2047352071,US-6759537
286,Richard E. Smalley,Richard E. Smalley,https://openalex.org/A5015746014,R. E. Smalley,W2040717113|US-6761870,W2040717113,US-6761870
729,Alan J. Heeger,Alan Heeger,https://openalex.org/A5087631107,Alan J. Heeger,W1976145484|US-6761999,W1976145484,US-6761999
729,Alan J. Heeger,Alan Heeger,https://openalex.org/A5087631107,Alan J. Heeger,W2130276045|US-6761999,W2130276045,US-6761999
729,Alan J. Heeger,Alan Heeger,https://openalex.org/A5087631107,Alan J. Heeger,W2025444697|US-6761999,W2025444697,US-6761999
729,Alan J. Heeger,Alan Heeger,https://openalex.org/A5087631107,Alan J. Heeger,W2077706718|US-6761999,W2077706718,US-6761999
986,Michael Houghton,Michael Houghton,https://openalex.org/A5090612228,Michael Houghton,W2163692778|US-6762024,W2163692778,US-6762024
997,David Julius,David Julius,https://openalex.org/A5014886042,David Julius,W1608256683|US-6762029,W1608256683,US-6762029
758,Kurt Wüthrich,Kurt Wüthrich,https://openalex.org/A5000254356,Kurt Wüthrich,W1534728973|US-6765088,W1534728973,US-6765088
457,Stanley B. Prusiner,Stanley B. Prusiner,https://openalex.org/A5066991343,Stanley B. Prusiner,W1483860409|US-6767712,W1483860409,US-6767712
457,Stanley B. Prusiner,Stanley B. Prusiner,https://openalex.org/A5066991343,Stanley B. Prusiner,W2022614447|US-6767712,W2022614447,US-6767712
457,Stanley B. Prusiner,Stanley B. Prusiner,https://openalex.org/A5066991343,Stanley B. Prusiner,W2049627175|US-6767712,W2049627175,US-6767712
457,Stanley B. Prusiner,Stanley B. Prusiner,https://openalex.org/A5066991343,Stanley B. Prusiner,W593305684|US-6767712,W593305684,US-6767712
457,Stanley B. Prusiner,Stanley B. Prusiner,https://openalex.org/A5066991343,Stanley B. Prusiner,W1989989032|US-6767712,W1989989032,US-6767712
457,Stanley B. Prusiner,Stanley B. Prusiner,https://openalex.org/A5066991343,Stanley B. Prusiner,W1978525961|US-6767712,W1978525961,US-6767712
457,Stanley B. Prusiner,Stanley B. Prusiner,https://openalex.org/A5066991343,Stanley B. Prusiner,W1985381634|US-6767712,W1985381634,US-6767712
457,Stanley B. Prusiner,Stanley B. Prusiner,https://openalex.org/A5066991343,Stanley B. Prusiner,W5365345|US-6767712,W5365345,US-6767712
457,Stanley B. Prusiner,Stanley B. Prusiner,https://openalex.org/A5066991343,Stanley B. Prusiner,W4255724017|US-6767712,W4255724017,US-6767712
457,Stanley B. Prusiner,Stanley B. Prusiner,https://openalex.org/A5066991343,Stanley B. Prusiner,W2026426465|US-6767712,W2026426465,US-6767712
457,Stanley B. Prusiner,Stanley B. Prusiner,https://openalex.org/A5066991343,Stanley B. Prusiner,W2167564565|US-6767712,W2167564565,US-6767712
457,Stanley B. Prusiner,Stanley B. Prusiner,https://openalex.org/A5066991343,Stanley B. Prusiner,W2148222027|US-6767712,W2148222027,US-6767712
457,Stanley B. Prusiner,Stanley B. Prusiner,https://openalex.org/A5066991343,Stanley B. Prusiner,W2049906745|US-6767712,W2049906745,US-6767712
457,Stanley B. Prusiner,Stanley B. Prusiner,https://openalex.org/A5066991343,Stanley B. Prusiner,W2036675767|US-6767712,W2036675767,US-6767712
457,Stanley B. Prusiner,Stanley B. Prusiner,https://openalex.org/A5066991343,Stanley B. Prusiner,W2072244190|US-6767712,W2072244190,US-6767712
457,Stanley B. Prusiner,Stanley B. Prusiner,https://openalex.org/A5066991343,Stanley B. Prusiner,W2023529808|US-6767712,W2023529808,US-6767712
457,Stanley B. Prusiner,Stanley B. Prusiner,https://openalex.org/A5066991343,Stanley B. Prusiner,W2127224817|US-6767712,W2127224817,US-6767712
457,Stanley B. Prusiner,Stanley B. Prusiner,https://openalex.org/A5066991343,Stanley B. Prusiner,W2165147575|US-6767712,W2165147575,US-6767712
457,Stanley B. Prusiner,Stanley B. Prusiner,https://openalex.org/A5066991343,Stanley B. Prusiner,W2324660492|US-6767712,W2324660492,US-6767712
836,Carol W. Greider,Carol W. Greider,https://openalex.org/A5041730448,Carol W. Greider,W2026856852|US-6767719,W2026856852,US-6767719
446,Edmond H. Fischer,Edmond H. Fischer,https://openalex.org/A5038922448,Edmond H. Fischer,W1997937533|US-6780625,W1997937533,US-6780625
831,Roger Y. Tsien,Roger Y. Tsien,https://openalex.org/A5109193097,Roger Y. Tsien,W1626513324|US-6780975,W1626513324,US-6780975
911,William E. Moerner,William E. Moerner,https://openalex.org/A5068018832,W. E. Moerner,W1626513324|US-6780975,W1626513324,US-6780975
831,Roger Y. Tsien,Roger Y. Tsien,https://openalex.org/A5109193097,Roger Y. Tsien,W2077835601|US-6780975,W2077835601,US-6780975
831,Roger Y. Tsien,Roger Y. Tsien,https://openalex.org/A5109193097,Roger Y. Tsien,W2061104342|US-6780975,W2061104342,US-6780975
1003,David W.C. MacMillan,David W.C. MacMillan,https://openalex.org/A5025805979,David W. C. MacMillan,W2951755197|US-6784323,W2951755197,US-6784323
1003,David W.C. MacMillan,David W.C. MacMillan,https://openalex.org/A5025805979,David W. C. MacMillan,W2066889571|US-6784323,W2066889571,US-6784323
1003,David W.C. MacMillan,David W.C. MacMillan,https://openalex.org/A5025805979,David W. C. MacMillan,W2054788360|US-6784323,W2054788360,US-6784323
1027,Ferenc Krausz,Ferenc Krausz,https://openalex.org/A5049801219,Ferenc Krausz,W2273877759|US-6785303,W2273877759,US-6785303
149,David M. Lee,David M. Lee,https://openalex.org/A5004621751,David M. Lee,W2143183772|US-6787136,W2143183772,US-6787136
971,Sir Peter J. Ratcliffe,Sir Peter J. Ratcliffe,https://openalex.org/A5064727417,Peter J. Ratcliffe,W1583254882|US-6787326,W1583254882,US-6787326
971,Sir Peter J. Ratcliffe,Sir Peter J. Ratcliffe,https://openalex.org/A5064727417,Peter J. Ratcliffe,W1749022239|US-6787326,W1749022239,US-6787326
971,Sir Peter J. Ratcliffe,Sir Peter J. Ratcliffe,https://openalex.org/A5064727417,Peter J. Ratcliffe,W258081432|US-6787326,W258081432,US-6787326
971,Sir Peter J. Ratcliffe,Sir Peter J. Ratcliffe,https://openalex.org/A5064727417,Peter J. Ratcliffe,W2017686473|US-6787326,W2017686473,US-6787326
971,Sir Peter J. Ratcliffe,Sir Peter J. Ratcliffe,https://openalex.org/A5064727417,Peter J. Ratcliffe,W2021529165|US-6787326,W2021529165,US-6787326
971,Sir Peter J. Ratcliffe,Sir Peter J. Ratcliffe,https://openalex.org/A5064727417,Peter J. Ratcliffe,W2086812941|US-6787326,W2086812941,US-6787326
971,Sir Peter J. Ratcliffe,Sir Peter J. Ratcliffe,https://openalex.org/A5064727417,Peter J. Ratcliffe,W2034822725|US-6787326,W2034822725,US-6787326
971,Sir Peter J. Ratcliffe,Sir Peter J. Ratcliffe,https://openalex.org/A5064727417,Peter J. Ratcliffe,W1844723954|US-6787326,W1844723954,US-6787326
286,Richard E. Smalley,Richard E. Smalley,https://openalex.org/A5015746014,R. E. Smalley,W804741289|US-6790425,W804741289,US-6790425
997,David Julius,David Julius,https://openalex.org/A5014886042,David Julius,W1495409864|US-6790629,W1495409864,US-6790629
420,Jean Dausset,Jean Dausset,https://openalex.org/A5111852671,J Dausset,W1977105316|US-6790638,W1977105316,US-6790638
420,Jean Dausset,Jean Dausset,https://openalex.org/A5111852671,J Dausset,W2035648592|US-6790638,W2035648592,US-6790638
420,Jean Dausset,Jean Dausset,https://openalex.org/A5111852671,J Dausset,W2417359296|US-6790638,W2417359296,US-6790638
965,Sir Gregory P. Winter,Sir Gregory P. Winter,https://openalex.org/A5113550627,Greg Winter,W1996796847|US-6794128,W1996796847,US-6794128
441,Harold E. Varmus,Harold E. Varmus,https://openalex.org/A5023586836,Harold Varmus,W2041795984|US-6794188,W2041795984,US-6794188
795,Robert H. Grubbs,Robert H. Grubbs,https://openalex.org/A5078597191,Robert H. Grubbs,W1965748825|US-6794534,W1965748825,US-6794534
795,Robert H. Grubbs,Robert H. Grubbs,https://openalex.org/A5078597191,Robert H. Grubbs,W1964252694|US-6794534,W1964252694,US-6794534
795,Robert H. Grubbs,Robert H. Grubbs,https://openalex.org/A5078597191,Robert H. Grubbs,W2022974342|US-6794534,W2022974342,US-6794534
795,Robert H. Grubbs,Robert H. Grubbs,https://openalex.org/A5078597191,Robert H. Grubbs,W2008600728|US-6794534,W2008600728,US-6794534
795,Robert H. Grubbs,Robert H. Grubbs,https://openalex.org/A5078597191,Robert H. Grubbs,W2081750976|US-6794534,W2081750976,US-6794534
795,Robert H. Grubbs,Robert H. Grubbs,https://openalex.org/A5078597191,Robert H. Grubbs,W2041769371|US-6794534,W2041769371,US-6794534
416,Hamilton O. Smith,Hamilton O. Smith,https://openalex.org/A5076771387,Hamilton O. Smith,W4239833500|US-6797466,W4239833500,US-6797466
416,Hamilton O. Smith,Hamilton O. Smith,https://openalex.org/A5076771387,Hamilton O. Smith,W1608218663|US-6797466,W1608218663,US-6797466
457,Stanley B. Prusiner,Stanley B. Prusiner,https://openalex.org/A5066991343,Stanley B. Prusiner,W2131477676|US-6797495,W2131477676,US-6797495
457,Stanley B. Prusiner,Stanley B. Prusiner,https://openalex.org/A5066991343,Stanley B. Prusiner,W2060227896|US-6797495,W2060227896,US-6797495
831,Roger Y. Tsien,Roger Y. Tsien,https://openalex.org/A5109193097,Roger Y. Tsien,W2077835601|US-6800733,W2077835601,US-6800733
831,Roger Y. Tsien,Roger Y. Tsien,https://openalex.org/A5109193097,Roger Y. Tsien,W2061104342|US-6800733,W2061104342,US-6800733
831,Roger Y. Tsien,Roger Y. Tsien,https://openalex.org/A5109193097,Roger Y. Tsien,W2077835601|US-6803188,W2077835601,US-6803188
831,Roger Y. Tsien,Roger Y. Tsien,https://openalex.org/A5109193097,Roger Y. Tsien,W2107913200|US-6803188,W2107913200,US-6803188
795,Robert H. Grubbs,Robert H. Grubbs,https://openalex.org/A5078597191,Robert H. Grubbs,W2951059845|US-6803429,W2951059845,US-6803429
795,Robert H. Grubbs,Robert H. Grubbs,https://openalex.org/A5078597191,Robert H. Grubbs,W2102591604|US-6803429,W2102591604,US-6803429
795,Robert H. Grubbs,Robert H. Grubbs,https://openalex.org/A5078597191,Robert H. Grubbs,W2952555220|US-6803429,W2952555220,US-6803429
280,George A. Olah,George A. Olah,https://openalex.org/A5071446330,George A. Olah,W2171050897|US-6803477,W2171050897,US-6803477
280,George A. Olah,George A. Olah,https://openalex.org/A5071446330,George A. Olah,W2949624222|US-6803477,W2949624222,US-6803477
795,Robert H. Grubbs,Robert H. Grubbs,https://openalex.org/A5078597191,Robert H. Grubbs,W1999748098|US-6806325,W1999748098,US-6806325
959,Tasuku Honjo,Tasuku Honjo,https://openalex.org/A5019039647,Tasuku Honjo,W2118471749|US-6808710,W2118471749,US-6808710
836,Carol W. Greider,Carol W. Greider,https://openalex.org/A5041730448,Carol W. Greider,W2026856852|US-6808880,W2026856852,US-6808880
274,Thomas R. Cech,Thomas R. Cech,https://openalex.org/A5017573996,Thomas R. Cech,W2079378073|US-6808880,W2079378073,US-6808880
274,Thomas R. Cech,Thomas R. Cech,https://openalex.org/A5017573996,Thomas R. Cech,W1556517582|US-6808880,W1556517582,US-6808880
274,Thomas R. Cech,Thomas R. Cech,https://openalex.org/A5017573996,Thomas R. Cech,W2004561527|US-6808880,W2004561527,US-6808880
727,Herbert Kroemer,Herbert Kroemer,https://openalex.org/A5055558095,H. Kroemer,W2020875559|US-6810064,W2020875559,US-6810064
723,Paul Greengard,Paul Greengard,https://openalex.org/A5052825834,Paul Greengard,W2068137765|US-6812337,W2068137765,US-6812337
795,Robert H. Grubbs,Robert H. Grubbs,https://openalex.org/A5078597191,Robert H. Grubbs,W1532073688|US-6813097,W1532073688,US-6813097
985,Harvey J. Alter,Harvey J. Alter,https://openalex.org/A5011221249,Harrison Alter,W2131345975|US-6815160,W2131345975,US-6815160
986,Michael Houghton,Michael Houghton,https://openalex.org/A5090612228,Michael Houghton,W2131345975|US-6815160,W2131345975,US-6815160
959,Tasuku Honjo,Tasuku Honjo,https://openalex.org/A5019039647,Tasuku Honjo,W1517207204|US-6815194,W1517207204,US-6815194
959,Tasuku Honjo,Tasuku Honjo,https://openalex.org/A5019039647,Tasuku Honjo,W2139387072|US-6815194,W2139387072,US-6815194
959,Tasuku Honjo,Tasuku Honjo,https://openalex.org/A5019039647,Tasuku Honjo,W2105273370|US-6815194,W2105273370,US-6815194
959,Tasuku Honjo,Tasuku Honjo,https://openalex.org/A5019039647,Tasuku Honjo,W2010724132|US-6815194,W2010724132,US-6815194
959,Tasuku Honjo,Tasuku Honjo,https://openalex.org/A5019039647,Tasuku Honjo,W2167280114|US-6815194,W2167280114,US-6815194
959,Tasuku Honjo,Tasuku Honjo,https://openalex.org/A5019039647,Tasuku Honjo,W2091982202|US-6815194,W2091982202,US-6815194
959,Tasuku Honjo,Tasuku Honjo,https://openalex.org/A5019039647,Tasuku Honjo,W1608481894|US-6815194,W1608481894,US-6815194
959,Tasuku Honjo,Tasuku Honjo,https://openalex.org/A5019039647,Tasuku Honjo,W2002043709|US-6815194,W2002043709,US-6815194
275,Elias James Corey,Elias James Corey,https://openalex.org/A5062182194,E. J. Corey,W2953127000|US-6815544,W2953127000,US-6815544
795,Robert H. Grubbs,Robert H. Grubbs,https://openalex.org/A5078597191,Robert H. Grubbs,W2047352071|US-6818586,W2047352071,US-6818586
795,Robert H. Grubbs,Robert H. Grubbs,https://openalex.org/A5078597191,Robert H. Grubbs,W2009441924|US-6818586,W2009441924,US-6818586
795,Robert H. Grubbs,Robert H. Grubbs,https://openalex.org/A5078597191,Robert H. Grubbs,W2008600728|US-6818586,W2008600728,US-6818586
1029,Moungi G. Bawendi,Moungi Bawendi,https://openalex.org/A5108389294,Moungi G. Bawendi,W1987763890|US-6819692,W1987763890,US-6819692
1029,Moungi G. Bawendi,Moungi Bawendi,https://openalex.org/A5108389294,Moungi G. Bawendi,W1831115176|US-6819692,W1831115176,US-6819692
280,George A. Olah,George A. Olah,https://openalex.org/A5071446330,George A. Olah,W2037267556|US-6821659,W2037267556,US-6821659
280,George A. Olah,George A. Olah,https://openalex.org/A5071446330,George A. Olah,W2156781942|US-6821659,W2156781942,US-6821659
907,Hiroshi Amano,Hiroshi Amano,https://openalex.org/A5048399593,Hiroshi Amano,W2121395191|US-6822270,W2121395191,US-6822270
906,Isamu Akasaki,Isamu Akasaki,https://openalex.org/A5081597179,Isamu Akasaki,W2121395191|US-6822270,W2121395191,US-6822270
795,Robert H. Grubbs,Robert H. Grubbs,https://openalex.org/A5078597191,Robert H. Grubbs,W1532073688|US-6824266,W1532073688,US-6824266
286,Richard E. Smalley,Richard E. Smalley,https://openalex.org/A5015746014,R. E. Smalley,W2144002149|US-6827918,W2144002149,US-6827918
286,Richard E. Smalley,Richard E. Smalley,https://openalex.org/A5015746014,R. E. Smalley,W1974756445|US-6827918,W1974756445,US-6827918
286,Richard E. Smalley,Richard E. Smalley,https://openalex.org/A5015746014,R. E. Smalley,W2053653729|US-6827918,W2053653729,US-6827918
1016,Morten Meldal,Morten Meldal,https://openalex.org/A5008925360,Morten Meldal,W2093556320|US-6828392,W2093556320,US-6828392
1049,Shimon Sakaguchi,Shimon Sakaguchi,https://openalex.org/A5025764166,Shimon Sakaguchi,W1983539448|US-6828472,W1983539448,US-6828472
907,Hiroshi Amano,Hiroshi Amano,https://openalex.org/A5048399593,Hiroshi Amano,W2033465197|US-6829273,W2033465197,US-6829273
906,Isamu Akasaki,Isamu Akasaki,https://openalex.org/A5081597179,Isamu Akasaki,W2033465197|US-6829273,W2033465197,US-6829273
792,John L. Hall,John L. Hall,https://openalex.org/A5009444030,J. L. Hall,W2057615294|US-6831935,W2057615294,US-6831935
792,John L. Hall,John L. Hall,https://openalex.org/A5009444030,J. L. Hall,W2491654516|US-6831935,W2491654516,US-6831935
792,John L. Hall,John L. Hall,https://openalex.org/A5009444030,J. L. Hall,W3213493534|US-6831935,W3213493534,US-6831935
792,John L. Hall,John L. Hall,https://openalex.org/A5009444030,J. L. Hall,W2001212385|US-6831935,W2001212385,US-6831935
792,John L. Hall,John L. Hall,https://openalex.org/A5009444030,J. L. Hall,W2025189870|US-6831935,W2025189870,US-6831935
286,Richard E. Smalley,Richard E. Smalley,https://openalex.org/A5015746014,R. E. Smalley,W2094657135|US-6835366,W2094657135,US-6835366
286,Richard E. Smalley,Richard E. Smalley,https://openalex.org/A5015746014,R. E. Smalley,W1974756445|US-6835366,W1974756445,US-6835366
286,Richard E. Smalley,Richard E. Smalley,https://openalex.org/A5015746014,R. E. Smalley,W2034653409|US-6835366,W2034653409,US-6835366
275,Elias James Corey,Elias James Corey,https://openalex.org/A5062182194,E. J. Corey,W1990449071|US-6838477,W1990449071,US-6838477
1051,Michel H. Devoret,Michel H. Devoret,https://openalex.org/A5089631322,Michel Devoret,W2034480831|US-6838694,W2034480831,US-6838694
1051,Michel H. Devoret,Michel H. Devoret,https://openalex.org/A5089631322,Michel Devoret,W2061368643|US-6838694,W2061368643,US-6838694
1051,Michel H. Devoret,Michel H. Devoret,https://openalex.org/A5089631322,Michel Devoret,W2047406922|US-6838694,W2047406922,US-6838694
1052,John M. Martinis,John M. Martinis,https://openalex.org/A5043106778,John M. Martinis,W2047406922|US-6838694,W2047406922,US-6838694
346,Paul Hermann Müller,Paul Müller,https://openalex.org/A5106076646,Paul Müller,W2148180131|US-6839578,W2148180131,US-6839578
286,Richard E. Smalley,Richard E. Smalley,https://openalex.org/A5015746014,R. E. Smalley,W2094657135|US-6841139,W2094657135,US-6841139
286,Richard E. Smalley,Richard E. Smalley,https://openalex.org/A5015746014,R. E. Smalley,W2034653409|US-6841139,W2034653409,US-6841139
286,Richard E. Smalley,Richard E. Smalley,https://openalex.org/A5015746014,R. E. Smalley,W1974756445|US-6841139,W1974756445,US-6841139
742,Ryoji Noyori,Ryoji Noyori,https://openalex.org/A5054350731,Ryōji Noyori,W1983586859|US-6841667,W1983586859,US-6841667
416,Hamilton O. Smith,Hamilton O. Smith,https://openalex.org/A5076771387,Hamilton O. Smith,W2015374912|US-6846651,W2015374912,US-6846651
416,Hamilton O. Smith,Hamilton O. Smith,https://openalex.org/A5076771387,Hamilton O. Smith,W1589823348|US-6846651,W1589823348,US-6846651
792,John L. Hall,John L. Hall,https://openalex.org/A5009444030,J. L. Hall,W2116393805|US-6850543,W2116393805,US-6850543
831,Roger Y. Tsien,Roger Y. Tsien,https://openalex.org/A5109193097,Roger Y. Tsien,W2107913200|US-6852849,W2107913200,US-6852849
831,Roger Y. Tsien,Roger Y. Tsien,https://openalex.org/A5109193097,Roger Y. Tsien,W2115734610|US-6852849,W2115734610,US-6852849
743,K. Barry Sharpless,K. Barry Sharpless,https://openalex.org/A5077401880,K. Barry Sharpless,W2020300490|US-6852874,W2020300490,US-6852874
907,Hiroshi Amano,Hiroshi Amano,https://openalex.org/A5048399593,Hiroshi Amano,W2121395191|US-6853009,W2121395191,US-6853009
906,Isamu Akasaki,Isamu Akasaki,https://openalex.org/A5081597179,Isamu Akasaki,W2121395191|US-6853009,W2121395191,US-6853009
878,Robert J. Lefkowitz,Robert J. Lefkowitz,https://openalex.org/A5080672788,Robert J. Lefkowitz,W1966960186|US-6855550,W1966960186,US-6855550
1015,Carolyn R. Bertozzi,Carolyn Bertozzi,https://openalex.org/A5088409133,Carolyn R. Bertozzi,W2102933974|US-6858213,W2102933974,US-6858213
970,William G. Kaelin Jr,William G. Kaelin Jr,https://openalex.org/A5088456751,William G. Kaelin,W1895938869|US-6858709,W1895938869,US-6858709
970,William G. Kaelin Jr,William G. Kaelin Jr,https://openalex.org/A5088456751,William G. Kaelin,W2108366666|US-6858709,W2108366666,US-6858709
1029,Moungi G. Bawendi,Moungi Bawendi,https://openalex.org/A5108389294,Moungi G. Bawendi,W2334937648|US-6861155,W2334937648,US-6861155
1029,Moungi G. Bawendi,Moungi Bawendi,https://openalex.org/A5108389294,Moungi G. Bawendi,W2044543075|US-6861155,W2044543075,US-6861155
1015,Carolyn R. Bertozzi,Carolyn Bertozzi,https://openalex.org/A5088409133,Carolyn R. Bertozzi,W2102933974|US-6863895,W2102933974,US-6863895
917,Satoshi Ōmura,Satoshi Ōmura,https://openalex.org/A5045164227,Satoshi Ōmura,W2132158213|US-6864073,W2132158213,US-6864073
917,Satoshi Ōmura,Satoshi Ōmura,https://openalex.org/A5045164227,Satoshi Ōmura,W4251925149|US-6864073,W4251925149,US-6864073
259,Aaron Klug,Aaron Klug,https://openalex.org/A5106084352,Aaron Klug,W2128328355|US-6866997,W2128328355,US-6866997
259,Aaron Klug,Aaron Klug,https://openalex.org/A5106084352,Aaron Klug,W2070528577|US-6866997,W2070528577,US-6866997
795,Robert H. Grubbs,Robert H. Grubbs,https://openalex.org/A5078597191,Robert H. Grubbs,W2036262132|US-6867274,W2036262132,US-6867274
795,Robert H. Grubbs,Robert H. Grubbs,https://openalex.org/A5078597191,Robert H. Grubbs,W2018932342|US-6867274,W2018932342,US-6867274
280,George A. Olah,George A. Olah,https://openalex.org/A5071446330,George A. Olah,W2949920660|US-6872855,W2949920660,US-6872855
280,George A. Olah,George A. Olah,https://openalex.org/A5071446330,George A. Olah,W2180991434|US-6872855,W2180991434,US-6872855
280,George A. Olah,George A. Olah,https://openalex.org/A5071446330,George A. Olah,W2298289118|US-6872855,W2298289118,US-6872855
286,Richard E. Smalley,Richard E. Smalley,https://openalex.org/A5015746014,R. E. Smalley,W1974756445|US-6875412,W1974756445,US-6875412
286,Richard E. Smalley,Richard E. Smalley,https://openalex.org/A5015746014,R. E. Smalley,W2094657135|US-6875412,W2094657135,US-6875412
286,Richard E. Smalley,Richard E. Smalley,https://openalex.org/A5015746014,R. E. Smalley,W2144002149|US-6875412,W2144002149,US-6875412
917,Satoshi Ōmura,Satoshi Ōmura,https://openalex.org/A5045164227,Satoshi Ōmura,W2084592446|US-6875766,W2084592446,US-6875766
729,Alan J. Heeger,Alan Heeger,https://openalex.org/A5087631107,Alan J. Heeger,W2063709465|US-6878974,W2063709465,US-6878974
727,Herbert Kroemer,Herbert Kroemer,https://openalex.org/A5055558095,H. Kroemer,W2063709465|US-6878974,W2063709465,US-6878974
729,Alan J. Heeger,Alan Heeger,https://openalex.org/A5087631107,Alan J. Heeger,W2057731465|US-6878974,W2057731465,US-6878974
455,Peter C. Doherty,Peter C. Doherty,https://openalex.org/A5074692390,Peter C. Doherty,W1515226983|US-6881402,W1515226983,US-6881402
795,Robert H. Grubbs,Robert H. Grubbs,https://openalex.org/A5078597191,Robert H. Grubbs,W2061565800|US-6884859,W2061565800,US-6884859
795,Robert H. Grubbs,Robert H. Grubbs,https://openalex.org/A5078597191,Robert H. Grubbs,W1967916121|US-6884859,W1967916121,US-6884859
795,Robert H. Grubbs,Robert H. Grubbs,https://openalex.org/A5078597191,Robert H. Grubbs,W2085231062|US-6884859,W2085231062,US-6884859
1050,John Clarke,John Clarke,https://openalex.org/A5010797318,John Clarke,W2049807209|US-6885192,W2049807209,US-6885192
1050,John Clarke,John Clarke,https://openalex.org/A5010797318,John Clarke,W236585280|US-6885192,W236585280,US-6885192
1050,John Clarke,John Clarke,https://openalex.org/A5010797318,John Clarke,W2112586768|US-6885192,W2112586768,US-6885192
1050,John Clarke,John Clarke,https://openalex.org/A5010797318,John Clarke,W1977358268|US-6885192,W1977358268,US-6885192
1050,John Clarke,John Clarke,https://openalex.org/A5010797318,John Clarke,W1981853750|US-6885192,W1981853750,US-6885192
1050,John Clarke,John Clarke,https://openalex.org/A5010797318,John Clarke,W2059334495|US-6885192,W2059334495,US-6885192
1050,John Clarke,John Clarke,https://openalex.org/A5010797318,John Clarke,W2016248745|US-6885192,W2016248745,US-6885192
1050,John Clarke,John Clarke,https://openalex.org/A5010797318,John Clarke,W2050822204|US-6885192,W2050822204,US-6885192
1050,John Clarke,John Clarke,https://openalex.org/A5010797318,John Clarke,W2106444913|US-6885192,W2106444913,US-6885192
1050,John Clarke,John Clarke,https://openalex.org/A5010797318,John Clarke,W2132202970|US-6885192,W2132202970,US-6885192
1050,John Clarke,John Clarke,https://openalex.org/A5010797318,John Clarke,W2058136719|US-6885192,W2058136719,US-6885192
1050,John Clarke,John Clarke,https://openalex.org/A5010797318,John Clarke,W2075413761|US-6885192,W2075413761,US-6885192
1050,John Clarke,John Clarke,https://openalex.org/A5010797318,John Clarke,W2109152856|US-6885192,W2109152856,US-6885192
961,Gérard Mourou,Gérard Mourou,https://openalex.org/A5057252770,G. Mourou,W1978256797|US-6887232,W1978256797,US-6887232
932,Sir J. Fraser Stoddart,Sir J. Fraser Stoddart,https://openalex.org/A5027688873,J. Fraser Stoddart,W2100903675|US-6891744,W2100903675,US-6891744
824,Françoise Barré-Sinoussi,Françoise Barré-Sinoussi,https://openalex.org/A5107827488,Françoise Barré‐Sinoussi,W2035553258|US-6894152,W2035553258,US-6894152
825,Luc Montagnier,Luc Montagnier,https://openalex.org/A5016871448,Luc Montagnier,W2035553258|US-6894152,W2035553258,US-6894152
824,Françoise Barré-Sinoussi,Françoise Barré-Sinoussi,https://openalex.org/A5107827488,Françoise Barré‐Sinoussi,W1549152468|US-6897301,W1549152468,US-6897301
286,Richard E. Smalley,Richard E. Smalley,https://openalex.org/A5015746014,R. E. Smalley,W2036402370|US-6899945,W2036402370,US-6899945
908,Shuji Nakamura,Shuji Nakamura,https://openalex.org/A5030709847,Shuji Nakamura,W2066892171|US-6900070,W2066892171,US-6900070
908,Shuji Nakamura,Shuji Nakamura,https://openalex.org/A5030709847,Shuji Nakamura,W2169593299|US-6900070,W2169593299,US-6900070
908,Shuji Nakamura,Shuji Nakamura,https://openalex.org/A5030709847,Shuji Nakamura,W2041593896|US-6900070,W2041593896,US-6900070
1003,David W.C. MacMillan,David W.C. MacMillan,https://openalex.org/A5025805979,David W. C. MacMillan,W2951344175|US-6900357,W2951344175,US-6900357
1003,David W.C. MacMillan,David W.C. MacMillan,https://openalex.org/A5025805979,David W. C. MacMillan,W2045154252|US-6900357,W2045154252,US-6900357
1003,David W.C. MacMillan,David W.C. MacMillan,https://openalex.org/A5025805979,David W. C. MacMillan,W2950027954|US-6900357,W2950027954,US-6900357
1003,David W.C. MacMillan,David W.C. MacMillan,https://openalex.org/A5025805979,David W. C. MacMillan,W2023792026|US-6900357,W2023792026,US-6900357
751,H. Robert Horvitz,H. Robert Horvitz,https://openalex.org/A5075093223,H. Robert Horvitz,W2079357365|US-6902732,W2079357365,US-6902732
751,H. Robert Horvitz,H. Robert Horvitz,https://openalex.org/A5075093223,H. Robert Horvitz,W2008348103|US-6902732,W2008348103,US-6902732
751,H. Robert Horvitz,H. Robert Horvitz,https://openalex.org/A5075093223,H. Robert Horvitz,W2163636387|US-6902732,W2163636387,US-6902732
751,H. Robert Horvitz,H. Robert Horvitz,https://openalex.org/A5075093223,H. Robert Horvitz,W2143772496|US-6902732,W2143772496,US-6902732
751,H. Robert Horvitz,H. Robert Horvitz,https://openalex.org/A5075093223,H. Robert Horvitz,W2050000423|US-6902732,W2050000423,US-6902732
751,H. Robert Horvitz,H. Robert Horvitz,https://openalex.org/A5075093223,H. Robert Horvitz,W2154979711|US-6902732,W2154979711,US-6902732
751,H. Robert Horvitz,H. Robert Horvitz,https://openalex.org/A5075093223,H. Robert Horvitz,W2355271737|US-6902732,W2355271737,US-6902732
751,H. Robert Horvitz,H. Robert Horvitz,https://openalex.org/A5075093223,H. Robert Horvitz,W1976312800|US-6902732,W1976312800,US-6902732
917,Satoshi Ōmura,Satoshi Ōmura,https://openalex.org/A5045164227,Satoshi Ōmura,W2004496033|US-6902925,W2004496033,US-6902925
779,Aaron Ciechanover,Aaron Ciechanover,https://openalex.org/A5087180436,Aaron Ciechanover,W2029276835|US-6905836,W2029276835,US-6905836
1048,Frederick J. Ramsdell,Fred Ramsdell,https://openalex.org/A5050752577,Fred Ramsdell,W2066638607|US-6906046,W2066638607,US-6906046
961,Gérard Mourou,Gérard Mourou,https://openalex.org/A5057252770,G. Mourou,W2083275958|US-6909764,W2083275958,US-6909764
416,Hamilton O. Smith,Hamilton O. Smith,https://openalex.org/A5076771387,Hamilton O. Smith,W2127335580|US-6914131,W2127335580,US-6914131
406,David Baltimore,David Baltimore,https://openalex.org/A5042763205,David Baltimore,W2114266096|US-6916917,W2114266096,US-6916917
249,William N. Lipscomb,William Lipscomb,https://openalex.org/A5110136758,William N. Lipscomb,W2088551222|US-6919322,W2088551222,US-6919322
274,Thomas R. Cech,Thomas R. Cech,https://openalex.org/A5017573996,Thomas R. Cech,W2079378073|US-6921664,W2079378073,US-6921664
274,Thomas R. Cech,Thomas R. Cech,https://openalex.org/A5017573996,Thomas R. Cech,W1556517582|US-6921664,W1556517582,US-6921664
140,Richard E. Taylor,Richard E. Taylor,https://openalex.org/A5009098444,Richard E. Taylor,W2144087452|US-6921769,W2144087452,US-6921769
841,Venkatraman Ramakrishnan,Venkatraman Ramakrishnan,https://openalex.org/A5086176987,V. Ramakrishnan,W2091336733|US-6925394,W2091336733,US-6925394
841,Venkatraman Ramakrishnan,Venkatraman Ramakrishnan,https://openalex.org/A5086176987,V. Ramakrishnan,W2116777154|US-6925394,W2116777154,US-6925394
841,Venkatraman Ramakrishnan,Venkatraman Ramakrishnan,https://openalex.org/A5086176987,V. Ramakrishnan,W2119966574|US-6925394,W2119966574,US-6925394
841,Venkatraman Ramakrishnan,Venkatraman Ramakrishnan,https://openalex.org/A5086176987,V. Ramakrishnan,W2042497786|US-6925394,W2042497786,US-6925394
841,Venkatraman Ramakrishnan,Venkatraman Ramakrishnan,https://openalex.org/A5086176987,V. Ramakrishnan,W2145583354|US-6925394,W2145583354,US-6925394
841,Venkatraman Ramakrishnan,Venkatraman Ramakrishnan,https://openalex.org/A5086176987,V. Ramakrishnan,W2921955662|US-6925394,W2921955662,US-6925394
841,Venkatraman Ramakrishnan,Venkatraman Ramakrishnan,https://openalex.org/A5086176987,V. Ramakrishnan,W2016606288|US-6925394,W2016606288,US-6925394
841,Venkatraman Ramakrishnan,Venkatraman Ramakrishnan,https://openalex.org/A5086176987,V. Ramakrishnan,W1870805240|US-6925394,W1870805240,US-6925394
841,Venkatraman Ramakrishnan,Venkatraman Ramakrishnan,https://openalex.org/A5086176987,V. Ramakrishnan,W2170243611|US-6925394,W2170243611,US-6925394
274,Thomas R. Cech,Thomas R. Cech,https://openalex.org/A5017573996,Thomas R. Cech,W1556517582|US-6927285,W1556517582,US-6927285
274,Thomas R. Cech,Thomas R. Cech,https://openalex.org/A5017573996,Thomas R. Cech,W2004561527|US-6927285,W2004561527,US-6927285
274,Thomas R. Cech,Thomas R. Cech,https://openalex.org/A5017573996,Thomas R. Cech,W1994431851|US-6927285,W1994431851,US-6927285
836,Carol W. Greider,Carol W. Greider,https://openalex.org/A5041730448,Carol W. Greider,W2026856852|US-6927285,W2026856852,US-6927285
274,Thomas R. Cech,Thomas R. Cech,https://openalex.org/A5017573996,Thomas R. Cech,W2079378073|US-6927285,W2079378073,US-6927285
1055,Omar M. Yaghi,Omar M. Yaghi,https://openalex.org/A5044268160,Omar M. Yaghi,W2022085591|US-6930193,W2022085591,US-6930193
1055,Omar M. Yaghi,Omar M. Yaghi,https://openalex.org/A5044268160,Omar M. Yaghi,W1975501285|US-6930193,W1975501285,US-6930193
1055,Omar M. Yaghi,Omar M. Yaghi,https://openalex.org/A5044268160,Omar M. Yaghi,W1963016962|US-6930193,W1963016962,US-6930193
286,Richard E. Smalley,Richard E. Smalley,https://openalex.org/A5015746014,R. E. Smalley,W2034653409|US-6936233,W2034653409,US-6936233
433,Joseph L. Goldstein,Joseph L. Goldstein,https://openalex.org/A5058164552,Joseph L. Goldstein,W2098806204|US-6936431,W2098806204,US-6936431
432,Michael S. Brown,Michael S. Brown,https://openalex.org/A5079762911,Michael S. Brown,W2098806204|US-6936431,W2098806204,US-6936431
1015,Carolyn R. Bertozzi,Carolyn Bertozzi,https://openalex.org/A5088409133,Carolyn R. Bertozzi,W1595841096|US-6936701,W1595841096,US-6936701
959,Tasuku Honjo,Tasuku Honjo,https://openalex.org/A5019039647,Tasuku Honjo,W1981906951|US-6936705,W1981906951,US-6936705
842,Thomas A. Steitz,Thomas A. Steitz,https://openalex.org/A5005980770,Thomas A. Steitz,W1983534198|US-6939848,W1983534198,US-6939848
945,Joachim Frank,Joachim Frank,https://openalex.org/A5042892654,Joachim Frank,W2137457846|US-6939848,W2137457846,US-6939848
842,Thomas A. Steitz,Thomas A. Steitz,https://openalex.org/A5005980770,Thomas A. Steitz,W2137457846|US-6939848,W2137457846,US-6939848
842,Thomas A. Steitz,Thomas A. Steitz,https://openalex.org/A5005980770,Thomas A. Steitz,W1868347993|US-6939848,W1868347993,US-6939848
842,Thomas A. Steitz,Thomas A. Steitz,https://openalex.org/A5005980770,Thomas A. Steitz,W2013902881|US-6939848,W2013902881,US-6939848
751,H. Robert Horvitz,H. Robert Horvitz,https://openalex.org/A5075093223,H. Robert Horvitz,W2151552476|US-6939850,W2151552476,US-6939850
751,H. Robert Horvitz,H. Robert Horvitz,https://openalex.org/A5075093223,H. Robert Horvitz,W2149755594|US-6939850,W2149755594,US-6939850
796,Richard R. Schrock,Richard R. Schrock,https://openalex.org/A5079660000,Richard R. Schrock,W2952584530|US-6939982,W2952584530,US-6939982
796,Richard R. Schrock,Richard R. Schrock,https://openalex.org/A5079660000,Richard R. Schrock,W2033447654|US-6939982,W2033447654,US-6939982
796,Richard R. Schrock,Richard R. Schrock,https://openalex.org/A5079660000,Richard R. Schrock,W1978194271|US-6939982,W1978194271,US-6939982
987,Charles M. Rice,Charles M. Rice,https://openalex.org/A5019683467,Charles M. Rice,W2473454670|US-6943246,W2473454670,US-6943246
987,Charles M. Rice,Charles M. Rice,https://openalex.org/A5019683467,Charles M. Rice,W1914884504|US-6943246,W1914884504,US-6943246
987,Charles M. Rice,Charles M. Rice,https://openalex.org/A5019683467,Charles M. Rice,W2024986190|US-6943246,W2024986190,US-6943246
987,Charles M. Rice,Charles M. Rice,https://openalex.org/A5019683467,Charles M. Rice,W2078887917|US-6943246,W2078887917,US-6943246
987,Charles M. Rice,Charles M. Rice,https://openalex.org/A5019683467,Charles M. Rice,W2045562270|US-6943246,W2045562270,US-6943246
987,Charles M. Rice,Charles M. Rice,https://openalex.org/A5019683467,Charles M. Rice,W2139624902|US-6943246,W2139624902,US-6943246
795,Robert H. Grubbs,Robert H. Grubbs,https://openalex.org/A5078597191,Robert H. Grubbs,W2951295680|US-6946533,W2951295680,US-6946533
945,Joachim Frank,Joachim Frank,https://openalex.org/A5042892654,Joachim Frank,W2137457846|US-6947844,W2137457846,US-6947844
842,Thomas A. Steitz,Thomas A. Steitz,https://openalex.org/A5005980770,Thomas A. Steitz,W2137457846|US-6947844,W2137457846,US-6947844
842,Thomas A. Steitz,Thomas A. Steitz,https://openalex.org/A5005980770,Thomas A. Steitz,W1983534198|US-6947844,W1983534198,US-6947844
842,Thomas A. Steitz,Thomas A. Steitz,https://openalex.org/A5005980770,Thomas A. Steitz,W1983534198|US-6947845,W1983534198,US-6947845
842,Thomas A. Steitz,Thomas A. Steitz,https://openalex.org/A5005980770,Thomas A. Steitz,W2069684779|US-6947845,W2069684779,US-6947845
842,Thomas A. Steitz,Thomas A. Steitz,https://openalex.org/A5005980770,Thomas A. Steitz,W2097654784|US-6947845,W2097654784,US-6947845
945,Joachim Frank,Joachim Frank,https://openalex.org/A5042892654,Joachim Frank,W2137457846|US-6947845,W2137457846,US-6947845
842,Thomas A. Steitz,Thomas A. Steitz,https://openalex.org/A5005980770,Thomas A. Steitz,W2137457846|US-6947845,W2137457846,US-6947845
824,Françoise Barré-Sinoussi,Françoise Barré-Sinoussi,https://openalex.org/A5107827488,Françoise Barré‐Sinoussi,W2035553258|US-6951648,W2035553258,US-6951648
825,Luc Montagnier,Luc Montagnier,https://openalex.org/A5016871448,Luc Montagnier,W2035553258|US-6951648,W2035553258,US-6951648
945,Joachim Frank,Joachim Frank,https://openalex.org/A5042892654,Joachim Frank,W2137457846|US-6952650,W2137457846,US-6952650
842,Thomas A. Steitz,Thomas A. Steitz,https://openalex.org/A5005980770,Thomas A. Steitz,W2137457846|US-6952650,W2137457846,US-6952650
842,Thomas A. Steitz,Thomas A. Steitz,https://openalex.org/A5005980770,Thomas A. Steitz,W1983534198|US-6952650,W1983534198,US-6952650
286,Richard E. Smalley,Richard E. Smalley,https://openalex.org/A5015746014,R. E. Smalley,W2087868648|US-6962092,W2087868648,US-6962092
730,Alan G. MacDiarmid,Alan MacDiarmid,https://openalex.org/A5008830363,A. G. MacDiarmid,W2041073635|US-6962757,W2041073635,US-6962757
457,Stanley B. Prusiner,Stanley B. Prusiner,https://openalex.org/A5066991343,Stanley B. Prusiner,W2461531905|US-6962975,W2461531905,US-6962975
457,Stanley B. Prusiner,Stanley B. Prusiner,https://openalex.org/A5066991343,Stanley B. Prusiner,W2130110018|US-6962975,W2130110018,US-6962975
457,Stanley B. Prusiner,Stanley B. Prusiner,https://openalex.org/A5066991343,Stanley B. Prusiner,W2022614447|US-6962975,W2022614447,US-6962975
457,Stanley B. Prusiner,Stanley B. Prusiner,https://openalex.org/A5066991343,Stanley B. Prusiner,W2475777834|US-6962975,W2475777834,US-6962975
457,Stanley B. Prusiner,Stanley B. Prusiner,https://openalex.org/A5066991343,Stanley B. Prusiner,W2324660492|US-6962975,W2324660492,US-6962975
457,Stanley B. Prusiner,Stanley B. Prusiner,https://openalex.org/A5066991343,Stanley B. Prusiner,W2072244190|US-6962975,W2072244190,US-6962975
457,Stanley B. Prusiner,Stanley B. Prusiner,https://openalex.org/A5066991343,Stanley B. Prusiner,W1572450776|US-6962975,W1572450776,US-6962975
457,Stanley B. Prusiner,Stanley B. Prusiner,https://openalex.org/A5066991343,Stanley B. Prusiner,W2036675767|US-6962975,W2036675767,US-6962975
457,Stanley B. Prusiner,Stanley B. Prusiner,https://openalex.org/A5066991343,Stanley B. Prusiner,W2026072486|US-6962975,W2026072486,US-6962975
457,Stanley B. Prusiner,Stanley B. Prusiner,https://openalex.org/A5066991343,Stanley B. Prusiner,W154664776|US-6962975,W154664776,US-6962975
457,Stanley B. Prusiner,Stanley B. Prusiner,https://openalex.org/A5066991343,Stanley B. Prusiner,W2159035364|US-6962975,W2159035364,US-6962975
457,Stanley B. Prusiner,Stanley B. Prusiner,https://openalex.org/A5066991343,Stanley B. Prusiner,W1976207582|US-6962975,W1976207582,US-6962975
149,David M. Lee,David M. Lee,https://openalex.org/A5004621751,David M. Lee,W2143183772|US-6964768,W2143183772,US-6964768
906,Isamu Akasaki,Isamu Akasaki,https://openalex.org/A5081597179,Isamu Akasaki,W2940185474|US-6967359,W2940185474,US-6967359
907,Hiroshi Amano,Hiroshi Amano,https://openalex.org/A5048399593,Hiroshi Amano,W2940185474|US-6967359,W2940185474,US-6967359
906,Isamu Akasaki,Isamu Akasaki,https://openalex.org/A5081597179,Isamu Akasaki,W2098872545|US-6967359,W2098872545,US-6967359
907,Hiroshi Amano,Hiroshi Amano,https://openalex.org/A5048399593,Hiroshi Amano,W2098872545|US-6967359,W2098872545,US-6967359
1015,Carolyn R. Bertozzi,Carolyn Bertozzi,https://openalex.org/A5088409133,Carolyn R. Bertozzi,W2102933974|US-6974580,W2102933974,US-6974580
986,Michael Houghton,Michael Houghton,https://openalex.org/A5090612228,Michael Houghton,W2163692778|US-6974864,W2163692778,US-6974864
259,Aaron Klug,Aaron Klug,https://openalex.org/A5106084352,Aaron Klug,W1582870526|US-6977154,W1582870526,US-6977154
751,H. Robert Horvitz,H. Robert Horvitz,https://openalex.org/A5075093223,H. Robert Horvitz,W2098727578|US-6977175,W2098727578,US-6977175
286,Richard E. Smalley,Richard E. Smalley,https://openalex.org/A5015746014,R. E. Smalley,W804741289|US-6979709,W804741289,US-6979709
961,Gérard Mourou,Gérard Mourou,https://openalex.org/A5057252770,G. Mourou,W2018472565|US-6980625,W2018472565,US-6980625
286,Richard E. Smalley,Richard E. Smalley,https://openalex.org/A5015746014,R. E. Smalley,W804741289|US-6986876,W804741289,US-6986876
795,Robert H. Grubbs,Robert H. Grubbs,https://openalex.org/A5078597191,Robert H. Grubbs,W2112944202|US-6987154,W2112944202,US-6987154
795,Robert H. Grubbs,Robert H. Grubbs,https://openalex.org/A5078597191,Robert H. Grubbs,W2033736258|US-6987154,W2033736258,US-6987154
795,Robert H. Grubbs,Robert H. Grubbs,https://openalex.org/A5078597191,Robert H. Grubbs,W1967423409|US-6987154,W1967423409,US-6987154
795,Robert H. Grubbs,Robert H. Grubbs,https://openalex.org/A5078597191,Robert H. Grubbs,W1980501669|US-6987154,W1980501669,US-6987154
126,Klaus von Klitzing,Klaus von Klitzing,https://openalex.org/A5056170134,K. von Klitzing,W2046419841|US-6987484,W2046419841,US-6987484
815,Peter Grünberg,Peter Grünberg,https://openalex.org/A5029618808,P. Grünberg,W2150386077|US-6988414,W2150386077,US-6988414
723,Paul Greengard,Paul Greengard,https://openalex.org/A5052825834,Paul Greengard,W1983285634|US-6989362,W1983285634,US-6989362
723,Paul Greengard,Paul Greengard,https://openalex.org/A5052825834,Paul Greengard,W1681161665|US-6989362,W1681161665,US-6989362
723,Paul Greengard,Paul Greengard,https://openalex.org/A5052825834,Paul Greengard,W2146439993|US-6989362,W2146439993,US-6989362
933,Bernard L. Feringa,Bernard L. Feringa,https://openalex.org/A5087713906,Ben L. Feringa,W2160259688|US-6989461,W2160259688,US-6989461
933,Bernard L. Feringa,Bernard L. Feringa,https://openalex.org/A5087713906,Ben L. Feringa,W2949101481|US-6989461,W2949101481,US-6989461
752,John E. Sulston,John E. Sulston,https://openalex.org/A5018043809,John Sulston,W2158023121|US-6991904,W2158023121,US-6991904
184,Heinrich Otto Wieland,Heinrich Wieland,https://openalex.org/A5085975174,Heinrich Wieland,W2408580820|US-6991913,W2408580820,US-6991913
961,Gérard Mourou,Gérard Mourou,https://openalex.org/A5057252770,G. Mourou,W2163591222|US-6995336,W2163591222,US-6995336
284,Robert F. Curl Jr.,Robert F. Curl Jr.,https://openalex.org/A5050630131,R. F. Curl,W1979939354|US-6995841,W1979939354,US-6995841
907,Hiroshi Amano,Hiroshi Amano,https://openalex.org/A5048399593,Hiroshi Amano,W2121395191|US-7001790,W2121395191,US-7001790
906,Isamu Akasaki,Isamu Akasaki,https://openalex.org/A5081597179,Isamu Akasaki,W2121395191|US-7001790,W2121395191,US-7001790
863,Ralph M. Steinman,Ralph M. Steinman,https://openalex.org/A5113434905,Ralph M. Steinman,W2150071886|US-7005131,W2150071886,US-7005131
863,Ralph M. Steinman,Ralph M. Steinman,https://openalex.org/A5113434905,Ralph M. Steinman,W2073151752|US-7005131,W2073151752,US-7005131
863,Ralph M. Steinman,Ralph M. Steinman,https://openalex.org/A5113434905,Ralph M. Steinman,W2144562339|US-7005131,W2144562339,US-7005131
863,Ralph M. Steinman,Ralph M. Steinman,https://openalex.org/A5113434905,Ralph M. Steinman,W1967413974|US-7005131,W1967413974,US-7005131
274,Thomas R. Cech,Thomas R. Cech,https://openalex.org/A5017573996,Thomas R. Cech,W2079378073|US-7005262,W2079378073,US-7005262
836,Carol W. Greider,Carol W. Greider,https://openalex.org/A5041730448,Carol W. Greider,W2026856852|US-7005262,W2026856852,US-7005262
412,Andrew V. Schally,Andrew V. Schally,https://openalex.org/A5068739269,Andrew V. Schally,W2298315009|US-7005418,W2298315009,US-7005418
831,Roger Y. Tsien,Roger Y. Tsien,https://openalex.org/A5109193097,Roger Y. Tsien,W2107913200|US-7005511,W2107913200,US-7005511
286,Richard E. Smalley,Richard E. Smalley,https://openalex.org/A5015746014,R. E. Smalley,W2147523251|US-7008563,W2147523251,US-7008563
233,Manfred Eigen,Manfred Eigen,https://openalex.org/A5086771096,Manfred Eigen,W1853146959|US-7015017,W1853146959,US-7015017
831,Roger Y. Tsien,Roger Y. Tsien,https://openalex.org/A5109193097,Roger Y. Tsien,W1967533433|US-7015310,W1967533433,US-7015310
831,Roger Y. Tsien,Roger Y. Tsien,https://openalex.org/A5109193097,Roger Y. Tsien,W2069271483|US-7015310,W2069271483,US-7015310
986,Michael Houghton,Michael Houghton,https://openalex.org/A5090612228,Michael Houghton,W2073595013|US-7018984,W2073595013,US-7018984
863,Ralph M. Steinman,Ralph M. Steinman,https://openalex.org/A5113434905,Ralph M. Steinman,W1511403203|US-7019119,W1511403203,US-7019119
795,Robert H. Grubbs,Robert H. Grubbs,https://openalex.org/A5078597191,Robert H. Grubbs,W2036262132|US-7022789,W2036262132,US-7022789
795,Robert H. Grubbs,Robert H. Grubbs,https://openalex.org/A5078597191,Robert H. Grubbs,W2018932342|US-7022789,W2018932342,US-7022789
825,Luc Montagnier,Luc Montagnier,https://openalex.org/A5016871448,Luc Montagnier,W2030676469|US-7022814,W2030676469,US-7022814
408,Howard Martin Temin,Howard M. Temin,https://openalex.org/A5111998828,Howard M. Temin,W2030676469|US-7022814,W2030676469,US-7022814
831,Roger Y. Tsien,Roger Y. Tsien,https://openalex.org/A5109193097,Roger Y. Tsien,W2107913200|US-7022826,W2107913200,US-7022826
412,Andrew V. Schally,Andrew V. Schally,https://openalex.org/A5068739269,Andrew V. Schally,W1966811598|US-7026281,W1966811598,US-7026281
412,Andrew V. Schally,Andrew V. Schally,https://openalex.org/A5068739269,Andrew V. Schally,W2001483661|US-7026281,W2001483661,US-7026281
286,Richard E. Smalley,Richard E. Smalley,https://openalex.org/A5015746014,R. E. Smalley,W1977746137|US-7029646,W1977746137,US-7029646
286,Richard E. Smalley,Richard E. Smalley,https://openalex.org/A5015746014,R. E. Smalley,W2053653729|US-7029646,W2053653729,US-7029646
286,Richard E. Smalley,Richard E. Smalley,https://openalex.org/A5015746014,R. E. Smalley,W1974756445|US-7029646,W1974756445,US-7029646
286,Richard E. Smalley,Richard E. Smalley,https://openalex.org/A5015746014,R. E. Smalley,W2062055870|US-7029646,W2062055870,US-7029646
286,Richard E. Smalley,Richard E. Smalley,https://openalex.org/A5015746014,R. E. Smalley,W2025702332|US-7029646,W2025702332,US-7029646
824,Françoise Barré-Sinoussi,Françoise Barré-Sinoussi,https://openalex.org/A5107827488,Françoise Barré‐Sinoussi,W2035553258|US-7029679,W2035553258,US-7029679
825,Luc Montagnier,Luc Montagnier,https://openalex.org/A5016871448,Luc Montagnier,W2035553258|US-7029679,W2035553258,US-7029679
861,Bruce A. Beutler,Bruce A. Beutler,https://openalex.org/A5059140393,Bruce Beutler,W2129319296|US-7029861,W2129319296,US-7029861
824,Françoise Barré-Sinoussi,Françoise Barré-Sinoussi,https://openalex.org/A5107827488,Françoise Barré‐Sinoussi,W2089384420|US-7030234,W2089384420,US-7030234
824,Françoise Barré-Sinoussi,Françoise Barré-Sinoussi,https://openalex.org/A5107827488,Françoise Barré‐Sinoussi,W2041775837|US-7030234,W2041775837,US-7030234
198,Richard Kuhn,Richard Kuhn,https://openalex.org/A5069864999,Richard Kühn,W2004767176|US-7033595,W2004767176,US-7033595
149,David M. Lee,David M. Lee,https://openalex.org/A5004621751,David M. Lee,W1981088485|US-7033745,W1981088485,US-7033745
986,Michael Houghton,Michael Houghton,https://openalex.org/A5090612228,Michael Houghton,W2092200952|US-7033805,W2092200952,US-7033805
986,Michael Houghton,Michael Houghton,https://openalex.org/A5090612228,Michael Houghton,W30960515|US-7033805,W30960515,US-7033805
986,Michael Houghton,Michael Houghton,https://openalex.org/A5090612228,Michael Houghton,W1979919755|US-7033805,W1979919755,US-7033805
795,Robert H. Grubbs,Robert H. Grubbs,https://openalex.org/A5078597191,Robert H. Grubbs,W1967423409|US-7034096,W1967423409,US-7034096
795,Robert H. Grubbs,Robert H. Grubbs,https://openalex.org/A5078597191,Robert H. Grubbs,W2016698467|US-7034096,W2016698467,US-7034096
907,Hiroshi Amano,Hiroshi Amano,https://openalex.org/A5048399593,Hiroshi Amano,W2121395191|US-7045809,W2121395191,US-7045809
906,Isamu Akasaki,Isamu Akasaki,https://openalex.org/A5081597179,Isamu Akasaki,W2121395191|US-7045809,W2121395191,US-7045809
286,Richard E. Smalley,Richard E. Smalley,https://openalex.org/A5015746014,R. E. Smalley,W804741289|US-7048999,W804741289,US-7048999
987,Charles M. Rice,Charles M. Rice,https://openalex.org/A5019683467,Charles M. Rice,W2078887917|US-7049428,W2078887917,US-7049428
987,Charles M. Rice,Charles M. Rice,https://openalex.org/A5019683467,Charles M. Rice,W2045562270|US-7049428,W2045562270,US-7049428
286,Richard E. Smalley,Richard E. Smalley,https://openalex.org/A5015746014,R. E. Smalley,W2155492691|US-7052668,W2155492691,US-7052668
1050,John Clarke,John Clarke,https://openalex.org/A5010797318,John Clarke,W2059334495|US-7053610,W2059334495,US-7053610
1050,John Clarke,John Clarke,https://openalex.org/A5010797318,John Clarke,W1970302601|US-7053610,W1970302601,US-7053610
1050,John Clarke,John Clarke,https://openalex.org/A5010797318,John Clarke,W2109152856|US-7053610,W2109152856,US-7053610
1050,John Clarke,John Clarke,https://openalex.org/A5010797318,John Clarke,W2058136719|US-7053610,W2058136719,US-7053610
1050,John Clarke,John Clarke,https://openalex.org/A5010797318,John Clarke,W2132202970|US-7053610,W2132202970,US-7053610
1050,John Clarke,John Clarke,https://openalex.org/A5010797318,John Clarke,W2112586768|US-7053610,W2112586768,US-7053610
1050,John Clarke,John Clarke,https://openalex.org/A5010797318,John Clarke,W1977358268|US-7053610,W1977358268,US-7053610
1050,John Clarke,John Clarke,https://openalex.org/A5010797318,John Clarke,W1981853750|US-7053610,W1981853750,US-7053610
1050,John Clarke,John Clarke,https://openalex.org/A5010797318,John Clarke,W2106444913|US-7053610,W2106444913,US-7053610
1050,John Clarke,John Clarke,https://openalex.org/A5010797318,John Clarke,W2075413761|US-7053610,W2075413761,US-7053610
1050,John Clarke,John Clarke,https://openalex.org/A5010797318,John Clarke,W2050822204|US-7053610,W2050822204,US-7053610
1050,John Clarke,John Clarke,https://openalex.org/A5010797318,John Clarke,W2049807209|US-7053610,W2049807209,US-7053610
910,Stefan W. Hell,Stefan W. Hell,https://openalex.org/A5088219208,Stefan W. Hell,W2159037551|US-7054062,W2159037551,US-7054062
836,Carol W. Greider,Carol W. Greider,https://openalex.org/A5041730448,Carol W. Greider,W2026856852|US-7056513,W2026856852,US-7056513
274,Thomas R. Cech,Thomas R. Cech,https://openalex.org/A5017573996,Thomas R. Cech,W2079378073|US-7056513,W2079378073,US-7056513
274,Thomas R. Cech,Thomas R. Cech,https://openalex.org/A5017573996,Thomas R. Cech,W1556517582|US-7056513,W1556517582,US-7056513
449,Phillip A. Sharp,Phillip A. Sharp,https://openalex.org/A5022945869,Phillip A. Sharp,W2166903671|US-7056704,W2166903671,US-7056704
878,Robert J. Lefkowitz,Robert J. Lefkowitz,https://openalex.org/A5080672788,Robert J. Lefkowitz,W2166819175|US-7060871,W2166819175,US-7060871
878,Robert J. Lefkowitz,Robert J. Lefkowitz,https://openalex.org/A5080672788,Robert J. Lefkowitz,W2043698693|US-7060871,W2043698693,US-7060871
878,Robert J. Lefkowitz,Robert J. Lefkowitz,https://openalex.org/A5080672788,Robert J. Lefkowitz,W2077425788|US-7060871,W2077425788,US-7060871
878,Robert J. Lefkowitz,Robert J. Lefkowitz,https://openalex.org/A5080672788,Robert J. Lefkowitz,W2166046118|US-7060871,W2166046118,US-7060871
878,Robert J. Lefkowitz,Robert J. Lefkowitz,https://openalex.org/A5080672788,Robert J. Lefkowitz,W2060591368|US-7060871,W2060591368,US-7060871
878,Robert J. Lefkowitz,Robert J. Lefkowitz,https://openalex.org/A5080672788,Robert J. Lefkowitz,W2003686368|US-7060871,W2003686368,US-7060871
878,Robert J. Lefkowitz,Robert J. Lefkowitz,https://openalex.org/A5080672788,Robert J. Lefkowitz,W2009552875|US-7060871,W2009552875,US-7060871
1029,Moungi G. Bawendi,Moungi Bawendi,https://openalex.org/A5108389294,Moungi G. Bawendi,W1823558030|US-7065285,W1823558030,US-7065285
1029,Moungi G. Bawendi,Moungi Bawendi,https://openalex.org/A5108389294,Moungi G. Bawendi,W1975334294|US-7065285,W1975334294,US-7065285
286,Richard E. Smalley,Richard E. Smalley,https://openalex.org/A5015746014,R. E. Smalley,W2034653409|US-7067098,W2034653409,US-7067098
911,William E. Moerner,William E. Moerner,https://openalex.org/A5068018832,W. E. Moerner,W1652946403|US-7068698,W1652946403,US-7068698
286,Richard E. Smalley,Richard E. Smalley,https://openalex.org/A5015746014,R. E. Smalley,W2008302913|US-7070754,W2008302913,US-7070754
751,H. Robert Horvitz,H. Robert Horvitz,https://openalex.org/A5075093223,H. Robert Horvitz,W2154979711|US-7071302,W2154979711,US-7071302
751,H. Robert Horvitz,H. Robert Horvitz,https://openalex.org/A5075093223,H. Robert Horvitz,W2050000423|US-7071302,W2050000423,US-7071302
751,H. Robert Horvitz,H. Robert Horvitz,https://openalex.org/A5075093223,H. Robert Horvitz,W1974047098|US-7071302,W1974047098,US-7071302
751,H. Robert Horvitz,H. Robert Horvitz,https://openalex.org/A5075093223,H. Robert Horvitz,W2151552476|US-7071302,W2151552476,US-7071302
751,H. Robert Horvitz,H. Robert Horvitz,https://openalex.org/A5075093223,H. Robert Horvitz,W2082624222|US-7071302,W2082624222,US-7071302
751,H. Robert Horvitz,H. Robert Horvitz,https://openalex.org/A5075093223,H. Robert Horvitz,W2075536470|US-7071302,W2075536470,US-7071302
751,H. Robert Horvitz,H. Robert Horvitz,https://openalex.org/A5075093223,H. Robert Horvitz,W2008348103|US-7071302,W2008348103,US-7071302
751,H. Robert Horvitz,H. Robert Horvitz,https://openalex.org/A5075093223,H. Robert Horvitz,W2163636387|US-7071302,W2163636387,US-7071302
751,H. Robert Horvitz,H. Robert Horvitz,https://openalex.org/A5075093223,H. Robert Horvitz,W1976312800|US-7071302,W1976312800,US-7071302
751,H. Robert Horvitz,H. Robert Horvitz,https://openalex.org/A5075093223,H. Robert Horvitz,W2079357365|US-7071302,W2079357365,US-7071302
751,H. Robert Horvitz,H. Robert Horvitz,https://openalex.org/A5075093223,H. Robert Horvitz,W1911240597|US-7071302,W1911240597,US-7071302
751,H. Robert Horvitz,H. Robert Horvitz,https://openalex.org/A5075093223,H. Robert Horvitz,W1924646174|US-7071302,W1924646174,US-7071302
751,H. Robert Horvitz,H. Robert Horvitz,https://openalex.org/A5075093223,H. Robert Horvitz,W2143772496|US-7071302,W2143772496,US-7071302
286,Richard E. Smalley,Richard E. Smalley,https://openalex.org/A5015746014,R. E. Smalley,W2034653409|US-7071406,W2034653409,US-7071406
286,Richard E. Smalley,Richard E. Smalley,https://openalex.org/A5015746014,R. E. Smalley,W804741289|US-7071406,W804741289,US-7071406
286,Richard E. Smalley,Richard E. Smalley,https://openalex.org/A5015746014,R. E. Smalley,W2040717113|US-7071406,W2040717113,US-7071406
286,Richard E. Smalley,Richard E. Smalley,https://openalex.org/A5015746014,R. E. Smalley,W2101041876|US-7074310,W2101041876,US-7074310
286,Richard E. Smalley,Richard E. Smalley,https://openalex.org/A5015746014,R. E. Smalley,W2127841706|US-7074310,W2127841706,US-7074310
286,Richard E. Smalley,Richard E. Smalley,https://openalex.org/A5015746014,R. E. Smalley,W2148147848|US-7074310,W2148147848,US-7074310
449,Phillip A. Sharp,Phillip A. Sharp,https://openalex.org/A5022945869,Phillip A. Sharp,W2166903671|US-7078196,W2166903671,US-7078196
729,Alan J. Heeger,Alan Heeger,https://openalex.org/A5087631107,Alan J. Heeger,W2084976638|US-7078261,W2084976638,US-7078261
729,Alan J. Heeger,Alan Heeger,https://openalex.org/A5087631107,Alan J. Heeger,W2088117098|US-7078261,W2088117098,US-7078261
729,Alan J. Heeger,Alan Heeger,https://openalex.org/A5087631107,Alan J. Heeger,W2015053750|US-7078261,W2015053750,US-7078261
841,Venkatraman Ramakrishnan,Venkatraman Ramakrishnan,https://openalex.org/A5086176987,V. Ramakrishnan,W2170243611|US-7079956,W2170243611,US-7079956
841,Venkatraman Ramakrishnan,Venkatraman Ramakrishnan,https://openalex.org/A5086176987,V. Ramakrishnan,W2119966574|US-7079956,W2119966574,US-7079956
841,Venkatraman Ramakrishnan,Venkatraman Ramakrishnan,https://openalex.org/A5086176987,V. Ramakrishnan,W2145583354|US-7079956,W2145583354,US-7079956
841,Venkatraman Ramakrishnan,Venkatraman Ramakrishnan,https://openalex.org/A5086176987,V. Ramakrishnan,W2116777154|US-7079956,W2116777154,US-7079956
841,Venkatraman Ramakrishnan,Venkatraman Ramakrishnan,https://openalex.org/A5086176987,V. Ramakrishnan,W2128167475|US-7079956,W2128167475,US-7079956
841,Venkatraman Ramakrishnan,Venkatraman Ramakrishnan,https://openalex.org/A5086176987,V. Ramakrishnan,W1870805240|US-7079956,W1870805240,US-7079956
886,Thomas C. Südhof,Thomas C. Südhof,https://openalex.org/A5061921730,Thomas C. Südhof,W2058143496|US-7081337,W2058143496,US-7081337
886,Thomas C. Südhof,Thomas C. Südhof,https://openalex.org/A5061921730,Thomas C. Südhof,W2138784057|US-7081337,W2138784057,US-7081337
959,Tasuku Honjo,Tasuku Honjo,https://openalex.org/A5019039647,Tasuku Honjo,W2139387072|US-7083966,W2139387072,US-7083966
959,Tasuku Honjo,Tasuku Honjo,https://openalex.org/A5019039647,Tasuku Honjo,W2091982202|US-7083966,W2091982202,US-7083966
959,Tasuku Honjo,Tasuku Honjo,https://openalex.org/A5019039647,Tasuku Honjo,W2167280114|US-7083966,W2167280114,US-7083966
959,Tasuku Honjo,Tasuku Honjo,https://openalex.org/A5019039647,Tasuku Honjo,W1608481894|US-7083966,W1608481894,US-7083966
959,Tasuku Honjo,Tasuku Honjo,https://openalex.org/A5019039647,Tasuku Honjo,W2033107164|US-7083966,W2033107164,US-7083966
959,Tasuku Honjo,Tasuku Honjo,https://openalex.org/A5019039647,Tasuku Honjo,W2002043709|US-7083966,W2002043709,US-7083966
268,Jean-Marie Lehn,Jean-Marie Lehn,https://openalex.org/A5059296399,Jean‐Maríe Lehn,W1984397954|US-7084115,W1984397954,US-7084115
286,Richard E. Smalley,Richard E. Smalley,https://openalex.org/A5015746014,R. E. Smalley,W804741289|US-7087207,W804741289,US-7087207
280,George A. Olah,George A. Olah,https://openalex.org/A5071446330,George A. Olah,W2011762266|US-7087789,W2011762266,US-7087789
280,George A. Olah,George A. Olah,https://openalex.org/A5071446330,George A. Olah,W2949286163|US-7087789,W2949286163,US-7087789
286,Richard E. Smalley,Richard E. Smalley,https://openalex.org/A5015746014,R. E. Smalley,W2019470830|US-7090819,W2019470830,US-7090819
286,Richard E. Smalley,Richard E. Smalley,https://openalex.org/A5015746014,R. E. Smalley,W2040717113|US-7090819,W2040717113,US-7090819
274,Thomas R. Cech,Thomas R. Cech,https://openalex.org/A5017573996,Thomas R. Cech,W2079378073|US-7091021,W2079378073,US-7091021
908,Shuji Nakamura,Shuji Nakamura,https://openalex.org/A5030709847,Shuji Nakamura,W2025826989|US-7091514,W2025826989,US-7091514
908,Shuji Nakamura,Shuji Nakamura,https://openalex.org/A5030709847,Shuji Nakamura,W2053586935|US-7091514,W2053586935,US-7091514
908,Shuji Nakamura,Shuji Nakamura,https://openalex.org/A5030709847,Shuji Nakamura,W2046244387|US-7091514,W2046244387,US-7091514
908,Shuji Nakamura,Shuji Nakamura,https://openalex.org/A5030709847,Shuji Nakamura,W2013148254|US-7091514,W2013148254,US-7091514
457,Stanley B. Prusiner,Stanley B. Prusiner,https://openalex.org/A5066991343,Stanley B. Prusiner,W2103226116|US-7094553,W2103226116,US-7094553
457,Stanley B. Prusiner,Stanley B. Prusiner,https://openalex.org/A5066991343,Stanley B. Prusiner,W2063062799|US-7094553,W2063062799,US-7094553
457,Stanley B. Prusiner,Stanley B. Prusiner,https://openalex.org/A5066991343,Stanley B. Prusiner,W1996513738|US-7094553,W1996513738,US-7094553
884,James E. Rothman,James E. Rothman,https://openalex.org/A5107942278,James E. Rothman,W2007409649|US-7094888,W2007409649,US-7094888
986,Michael Houghton,Michael Houghton,https://openalex.org/A5090612228,Michael Houghton,W2160174559|US-7097987,W2160174559,US-7097987
986,Michael Houghton,Michael Houghton,https://openalex.org/A5090612228,Michael Houghton,W1965128383|US-7097987,W1965128383,US-7097987
997,David Julius,David Julius,https://openalex.org/A5014886042,David Julius,W1495409864|US-7097991,W1495409864,US-7097991
986,Michael Houghton,Michael Houghton,https://openalex.org/A5090612228,Michael Houghton,W30960515|US-7098303,W30960515,US-7098303
986,Michael Houghton,Michael Houghton,https://openalex.org/A5090612228,Michael Houghton,W2052325775|US-7098303,W2052325775,US-7098303
986,Michael Houghton,Michael Houghton,https://openalex.org/A5090612228,Michael Houghton,W1582747522|US-7098303,W1582747522,US-7098303
986,Michael Houghton,Michael Houghton,https://openalex.org/A5090612228,Michael Houghton,W2133487025|US-7098303,W2133487025,US-7098303
959,Tasuku Honjo,Tasuku Honjo,https://openalex.org/A5019039647,Tasuku Honjo,W2118471749|US-7101550,W2118471749,US-7101550
795,Robert H. Grubbs,Robert H. Grubbs,https://openalex.org/A5078597191,Robert H. Grubbs,W1999748098|US-7102047,W1999748098,US-7102047
795,Robert H. Grubbs,Robert H. Grubbs,https://openalex.org/A5078597191,Robert H. Grubbs,W2071140820|US-7102047,W2071140820,US-7102047
986,Michael Houghton,Michael Houghton,https://openalex.org/A5090612228,Michael Houghton,W2062979587|US-7105303,W2062979587,US-7105303
986,Michael Houghton,Michael Houghton,https://openalex.org/A5090612228,Michael Houghton,W2161741847|US-7105303,W2161741847,US-7105303
286,Richard E. Smalley,Richard E. Smalley,https://openalex.org/A5015746014,R. E. Smalley,W804741289|US-7108841,W804741289,US-7108841
986,Michael Houghton,Michael Houghton,https://openalex.org/A5090612228,Michael Houghton,W2163575236|US-7108856,W2163575236,US-7108856
985,Harvey J. Alter,Harvey J. Alter,https://openalex.org/A5011221249,Harrison Alter,W2131345975|US-7108967,W2131345975,US-7108967
986,Michael Houghton,Michael Houghton,https://openalex.org/A5090612228,Michael Houghton,W2131345975|US-7108967,W2131345975,US-7108967
1053,Susumu Kitagawa,Susumu Kitagawa,https://openalex.org/A5028281315,Susumu Kitagawa,W2078678890|US-7109279,W2078678890,US-7109279
1053,Susumu Kitagawa,Susumu Kitagawa,https://openalex.org/A5028281315,Susumu Kitagawa,W2133361771|US-7109279,W2133361771,US-7109279
752,John E. Sulston,John E. Sulston,https://openalex.org/A5018043809,John Sulston,W2158023121|US-7112663,W2158023121,US-7112663
825,Luc Montagnier,Luc Montagnier,https://openalex.org/A5016871448,Luc Montagnier,W2039975091|US-7115363,W2039975091,US-7115363
825,Luc Montagnier,Luc Montagnier,https://openalex.org/A5016871448,Luc Montagnier,W2008791719|US-7115363,W2008791719,US-7115363
825,Luc Montagnier,Luc Montagnier,https://openalex.org/A5016871448,Luc Montagnier,W58215616|US-7115363,W58215616,US-7115363
824,Françoise Barré-Sinoussi,Françoise Barré-Sinoussi,https://openalex.org/A5107827488,Françoise Barré‐Sinoussi,W58215616|US-7115363,W58215616,US-7115363
963,Frances H. Arnold,Frances H. Arnold,https://openalex.org/A5043841592,Frances H. Arnold,W2162423013|US-7115403,W2162423013,US-7115403
286,Richard E. Smalley,Richard E. Smalley,https://openalex.org/A5015746014,R. E. Smalley,W2034653409|US-7115864,W2034653409,US-7115864
1050,John Clarke,John Clarke,https://openalex.org/A5010797318,John Clarke,W2112586768|US-7116102,W2112586768,US-7116102
1050,John Clarke,John Clarke,https://openalex.org/A5010797318,John Clarke,W2109152856|US-7116102,W2109152856,US-7116102
1050,John Clarke,John Clarke,https://openalex.org/A5010797318,John Clarke,W2058136719|US-7116102,W2058136719,US-7116102
1050,John Clarke,John Clarke,https://openalex.org/A5010797318,John Clarke,W2132202970|US-7116102,W2132202970,US-7116102
1050,John Clarke,John Clarke,https://openalex.org/A5010797318,John Clarke,W2050822204|US-7116102,W2050822204,US-7116102
1050,John Clarke,John Clarke,https://openalex.org/A5010797318,John Clarke,W1977358268|US-7116102,W1977358268,US-7116102
1050,John Clarke,John Clarke,https://openalex.org/A5010797318,John Clarke,W1981853750|US-7116102,W1981853750,US-7116102
1050,John Clarke,John Clarke,https://openalex.org/A5010797318,John Clarke,W2075413761|US-7116102,W2075413761,US-7116102
1050,John Clarke,John Clarke,https://openalex.org/A5010797318,John Clarke,W2106444913|US-7116102,W2106444913,US-7116102
1050,John Clarke,John Clarke,https://openalex.org/A5010797318,John Clarke,W2059334495|US-7116102,W2059334495,US-7116102
280,George A. Olah,George A. Olah,https://openalex.org/A5071446330,George A. Olah,W2063830850|US-7119232,W2063830850,US-7119232
280,George A. Olah,George A. Olah,https://openalex.org/A5071446330,George A. Olah,W2130022786|US-7119232,W2130022786,US-7119232
280,George A. Olah,George A. Olah,https://openalex.org/A5071446330,George A. Olah,W2011762266|US-7119232,W2011762266,US-7119232
280,George A. Olah,George A. Olah,https://openalex.org/A5071446330,George A. Olah,W2949290870|US-7119232,W2949290870,US-7119232
280,George A. Olah,George A. Olah,https://openalex.org/A5071446330,George A. Olah,W2949286163|US-7119232,W2949286163,US-7119232
280,George A. Olah,George A. Olah,https://openalex.org/A5071446330,George A. Olah,W2153502535|US-7119232,W2153502535,US-7119232
280,George A. Olah,George A. Olah,https://openalex.org/A5071446330,George A. Olah,W2151254925|US-7119232,W2151254925,US-7119232
986,Michael Houghton,Michael Houghton,https://openalex.org/A5090612228,Michael Houghton,W2163692778|US-7122306,W2163692778,US-7122306
735,Leland H. Hartwell,Leland Hartwell,https://openalex.org/A5112821745,Leland H. Hartwell,W1985064413|US-7122312,W1985064413,US-7122312
1015,Carolyn R. Bertozzi,Carolyn Bertozzi,https://openalex.org/A5088409133,Carolyn R. Bertozzi,W2006192357|US-7122703,W2006192357,US-7122703
1015,Carolyn R. Bertozzi,Carolyn Bertozzi,https://openalex.org/A5088409133,Carolyn R. Bertozzi,W1981659539|US-7122703,W1981659539,US-7122703
286,Richard E. Smalley,Richard E. Smalley,https://openalex.org/A5015746014,R. E. Smalley,W2169182148|US-7125502,W2169182148,US-7125502
286,Richard E. Smalley,Richard E. Smalley,https://openalex.org/A5015746014,R. E. Smalley,W2036402370|US-7125502,W2036402370,US-7125502
286,Richard E. Smalley,Richard E. Smalley,https://openalex.org/A5015746014,R. E. Smalley,W2020199123|US-7125502,W2020199123,US-7125502
286,Richard E. Smalley,Richard E. Smalley,https://openalex.org/A5015746014,R. E. Smalley,W2040717113|US-7125534,W2040717113,US-7125534
1029,Moungi G. Bawendi,Moungi Bawendi,https://openalex.org/A5108389294,Moungi G. Bawendi,W2044543075|US-7125605,W2044543075,US-7125605
917,Satoshi Ōmura,Satoshi Ōmura,https://openalex.org/A5045164227,Satoshi Ōmura,W1989512056|US-7125659,W1989512056,US-7125659
986,Michael Houghton,Michael Houghton,https://openalex.org/A5090612228,Michael Houghton,W2163692778|US-7129337,W2163692778,US-7129337
986,Michael Houghton,Michael Houghton,https://openalex.org/A5090612228,Michael Houghton,W2069191767|US-7135185,W2069191767,US-7135185
986,Michael Houghton,Michael Houghton,https://openalex.org/A5090612228,Michael Houghton,W2163692778|US-7135185,W2163692778,US-7135185
986,Michael Houghton,Michael Houghton,https://openalex.org/A5090612228,Michael Houghton,W2000229624|US-7135185,W2000229624,US-7135185
986,Michael Houghton,Michael Houghton,https://openalex.org/A5090612228,Michael Houghton,W2160174559|US-7135185,W2160174559,US-7135185
986,Michael Houghton,Michael Houghton,https://openalex.org/A5090612228,Michael Houghton,W2133487025|US-7135185,W2133487025,US-7135185
286,Richard E. Smalley,Richard E. Smalley,https://openalex.org/A5015746014,R. E. Smalley,W1974383837|US-7138100,W1974383837,US-7138100
286,Richard E. Smalley,Richard E. Smalley,https://openalex.org/A5015746014,R. E. Smalley,W2025702332|US-7138100,W2025702332,US-7138100
907,Hiroshi Amano,Hiroshi Amano,https://openalex.org/A5048399593,Hiroshi Amano,W2121395191|US-7138286,W2121395191,US-7138286
906,Isamu Akasaki,Isamu Akasaki,https://openalex.org/A5081597179,Isamu Akasaki,W2121395191|US-7138286,W2121395191,US-7138286
751,H. Robert Horvitz,H. Robert Horvitz,https://openalex.org/A5075093223,H. Robert Horvitz,W2154979711|US-7138510,W2154979711,US-7138510
751,H. Robert Horvitz,H. Robert Horvitz,https://openalex.org/A5075093223,H. Robert Horvitz,W2008348103|US-7138510,W2008348103,US-7138510
751,H. Robert Horvitz,H. Robert Horvitz,https://openalex.org/A5075093223,H. Robert Horvitz,W1911240597|US-7138510,W1911240597,US-7138510
751,H. Robert Horvitz,H. Robert Horvitz,https://openalex.org/A5075093223,H. Robert Horvitz,W1974047098|US-7138510,W1974047098,US-7138510
751,H. Robert Horvitz,H. Robert Horvitz,https://openalex.org/A5075093223,H. Robert Horvitz,W2075536470|US-7138510,W2075536470,US-7138510
751,H. Robert Horvitz,H. Robert Horvitz,https://openalex.org/A5075093223,H. Robert Horvitz,W1976312800|US-7138510,W1976312800,US-7138510
751,H. Robert Horvitz,H. Robert Horvitz,https://openalex.org/A5075093223,H. Robert Horvitz,W1924646174|US-7138510,W1924646174,US-7138510
751,H. Robert Horvitz,H. Robert Horvitz,https://openalex.org/A5075093223,H. Robert Horvitz,W2082624222|US-7138510,W2082624222,US-7138510
751,H. Robert Horvitz,H. Robert Horvitz,https://openalex.org/A5075093223,H. Robert Horvitz,W2079357365|US-7138510,W2079357365,US-7138510
751,H. Robert Horvitz,H. Robert Horvitz,https://openalex.org/A5075093223,H. Robert Horvitz,W2163636387|US-7138510,W2163636387,US-7138510
751,H. Robert Horvitz,H. Robert Horvitz,https://openalex.org/A5075093223,H. Robert Horvitz,W2143772496|US-7138510,W2143772496,US-7138510
751,H. Robert Horvitz,H. Robert Horvitz,https://openalex.org/A5075093223,H. Robert Horvitz,W2151552476|US-7138510,W2151552476,US-7138510
751,H. Robert Horvitz,H. Robert Horvitz,https://openalex.org/A5075093223,H. Robert Horvitz,W2050000423|US-7138510,W2050000423,US-7138510
450,Alfred G. Gilman,Alfred G. Gilman,https://openalex.org/A5054552947,Alfred G. Gilman,W2022723700|US-7148002,W2022723700,US-7148002
286,Richard E. Smalley,Richard E. Smalley,https://openalex.org/A5015746014,R. E. Smalley,W2127524658|US-7150864,W2127524658,US-7150864
1025,Drew Weissman,Drew Weissman,https://openalex.org/A5068253145,Drew Weissman,W1537629327|US-7151087,W1537629327,US-7151087
1025,Drew Weissman,Drew Weissman,https://openalex.org/A5068253145,Drew Weissman,W1983287226|US-7151087,W1983287226,US-7151087
292,Ahmed H. Zewail,Ahmed Zewail,https://openalex.org/A5077807260,Ahmed H. Zewail,W2031795478|US-7154091,W2031795478,US-7154091
292,Ahmed H. Zewail,Ahmed Zewail,https://openalex.org/A5077807260,Ahmed H. Zewail,W2025906452|US-7154091,W2025906452,US-7154091
292,Ahmed H. Zewail,Ahmed Zewail,https://openalex.org/A5077807260,Ahmed H. Zewail,W2133351535|US-7154091,W2133351535,US-7154091
292,Ahmed H. Zewail,Ahmed Zewail,https://openalex.org/A5077807260,Ahmed H. Zewail,W1992145745|US-7154091,W1992145745,US-7154091
825,Luc Montagnier,Luc Montagnier,https://openalex.org/A5016871448,Luc Montagnier,W2010191849|US-7157225,W2010191849,US-7157225
986,Michael Houghton,Michael Houghton,https://openalex.org/A5090612228,Michael Houghton,W2163692778|US-7157226,W2163692778,US-7157226
446,Edmond H. Fischer,Edmond H. Fischer,https://openalex.org/A5038922448,Edmond H. Fischer,W1997937533|US-7157422,W1997937533,US-7157422
831,Roger Y. Tsien,Roger Y. Tsien,https://openalex.org/A5109193097,Roger Y. Tsien,W2107913200|US-7157566,W2107913200,US-7157566
1029,Moungi G. Bawendi,Moungi Bawendi,https://openalex.org/A5108389294,Moungi G. Bawendi,W2091418484|US-7160613,W2091418484,US-7160613
457,Stanley B. Prusiner,Stanley B. Prusiner,https://openalex.org/A5066991343,Stanley B. Prusiner,W2060227896|US-7163806,W2060227896,US-7163806
457,Stanley B. Prusiner,Stanley B. Prusiner,https://openalex.org/A5066991343,Stanley B. Prusiner,W2131477676|US-7163806,W2131477676,US-7163806
457,Stanley B. Prusiner,Stanley B. Prusiner,https://openalex.org/A5066991343,Stanley B. Prusiner,W1973082063|US-7166477,W1973082063,US-7166477
824,Françoise Barré-Sinoussi,Françoise Barré-Sinoussi,https://openalex.org/A5107827488,Françoise Barré‐Sinoussi,W1549152468|US-7169396,W1549152468,US-7169396
432,Michael S. Brown,Michael S. Brown,https://openalex.org/A5079762911,Michael S. Brown,W1984150038|US-7172862,W1984150038,US-7172862
433,Joseph L. Goldstein,Joseph L. Goldstein,https://openalex.org/A5058164552,Joseph L. Goldstein,W1984150038|US-7172862,W1984150038,US-7172862
1003,David W.C. MacMillan,David W.C. MacMillan,https://openalex.org/A5025805979,David W. C. MacMillan,W2080795224|US-7173139,W2080795224,US-7173139
1003,David W.C. MacMillan,David W.C. MacMillan,https://openalex.org/A5025805979,David W. C. MacMillan,W2054788360|US-7173139,W2054788360,US-7173139
1031,Aleksey Yekimov ,Aleksey Yekimov ,https://openalex.org/A5021920207,A. I. Ekimov,W1997643239|US-7175778,W1997643239,US-7175778
795,Robert H. Grubbs,Robert H. Grubbs,https://openalex.org/A5078597191,Robert H. Grubbs,W1858670613|US-7175885,W1858670613,US-7175885
795,Robert H. Grubbs,Robert H. Grubbs,https://openalex.org/A5078597191,Robert H. Grubbs,W2751051772|US-7175885,W2751051772,US-7175885
986,Michael Houghton,Michael Houghton,https://openalex.org/A5090612228,Michael Houghton,W2163692778|US-7179470,W2163692778,US-7179470
1027,Ferenc Krausz,Ferenc Krausz,https://openalex.org/A5049801219,Ferenc Krausz,W2090184576|US-7180670,W2090184576,US-7180670
1029,Moungi G. Bawendi,Moungi Bawendi,https://openalex.org/A5108389294,Moungi G. Bawendi,W1964116607|US-7181266,W1964116607,US-7181266
1029,Moungi G. Bawendi,Moungi Bawendi,https://openalex.org/A5108389294,Moungi G. Bawendi,W2027175712|US-7181266,W2027175712,US-7181266
398,Gerald M. Edelman,Gerald M. Edelman,https://openalex.org/A5111917213,Gerald M. Edelman,W2122237896|US-7183395,W2122237896,US-7183395
275,Elias James Corey,Elias James Corey,https://openalex.org/A5062182194,E. J. Corey,W4236690562|US-7183417,W4236690562,US-7183417
275,Elias James Corey,Elias James Corey,https://openalex.org/A5062182194,E. J. Corey,W2950502305|US-7183417,W2950502305,US-7183417
908,Shuji Nakamura,Shuji Nakamura,https://openalex.org/A5030709847,Shuji Nakamura,W2002495367|US-7186302,W2002495367,US-7186302
908,Shuji Nakamura,Shuji Nakamura,https://openalex.org/A5030709847,Shuji Nakamura,W2065999961|US-7186302,W2065999961,US-7186302
908,Shuji Nakamura,Shuji Nakamura,https://openalex.org/A5030709847,Shuji Nakamura,W2043469040|US-7186302,W2043469040,US-7186302
908,Shuji Nakamura,Shuji Nakamura,https://openalex.org/A5030709847,Shuji Nakamura,W2066198776|US-7186302,W2066198776,US-7186302
908,Shuji Nakamura,Shuji Nakamura,https://openalex.org/A5030709847,Shuji Nakamura,W1977910099|US-7186302,W1977910099,US-7186302
908,Shuji Nakamura,Shuji Nakamura,https://openalex.org/A5030709847,Shuji Nakamura,W1990194382|US-7186302,W1990194382,US-7186302
1050,John Clarke,John Clarke,https://openalex.org/A5010797318,John Clarke,W2059334495|US-7187169,W2059334495,US-7187169
1050,John Clarke,John Clarke,https://openalex.org/A5010797318,John Clarke,W2132202970|US-7187169,W2132202970,US-7187169
1050,John Clarke,John Clarke,https://openalex.org/A5010797318,John Clarke,W2058136719|US-7187169,W2058136719,US-7187169
1050,John Clarke,John Clarke,https://openalex.org/A5010797318,John Clarke,W2109152856|US-7187169,W2109152856,US-7187169
1050,John Clarke,John Clarke,https://openalex.org/A5010797318,John Clarke,W2075413761|US-7187169,W2075413761,US-7187169
1050,John Clarke,John Clarke,https://openalex.org/A5010797318,John Clarke,W2106444913|US-7187169,W2106444913,US-7187169
1050,John Clarke,John Clarke,https://openalex.org/A5010797318,John Clarke,W2050822204|US-7187169,W2050822204,US-7187169
1050,John Clarke,John Clarke,https://openalex.org/A5010797318,John Clarke,W2112586768|US-7187169,W2112586768,US-7187169
917,Satoshi Ōmura,Satoshi Ōmura,https://openalex.org/A5045164227,Satoshi Ōmura,W2004496033|US-7192742,W2004496033,US-7192742
917,Satoshi Ōmura,Satoshi Ōmura,https://openalex.org/A5045164227,Satoshi Ōmura,W2952772143|US-7192742,W2952772143,US-7192742
986,Michael Houghton,Michael Houghton,https://openalex.org/A5090612228,Michael Houghton,W2163692778|US-7195765,W2163692778,US-7195765
274,Thomas R. Cech,Thomas R. Cech,https://openalex.org/A5017573996,Thomas R. Cech,W2079378073|US-7195911,W2079378073,US-7195911
406,David Baltimore,David Baltimore,https://openalex.org/A5042763205,David Baltimore,W2135135539|US-7195916,W2135135539,US-7195916
1055,Omar M. Yaghi,Omar M. Yaghi,https://openalex.org/A5044268160,Omar M. Yaghi,W2014054292|US-7196210,W2014054292,US-7196210
1055,Omar M. Yaghi,Omar M. Yaghi,https://openalex.org/A5044268160,Omar M. Yaghi,W1975501285|US-7196210,W1975501285,US-7196210
1055,Omar M. Yaghi,Omar M. Yaghi,https://openalex.org/A5044268160,Omar M. Yaghi,W2022085591|US-7196210,W2022085591,US-7196210
1055,Omar M. Yaghi,Omar M. Yaghi,https://openalex.org/A5044268160,Omar M. Yaghi,W1677747913|US-7196210,W1677747913,US-7196210
1055,Omar M. Yaghi,Omar M. Yaghi,https://openalex.org/A5044268160,Omar M. Yaghi,W2014909360|US-7196210,W2014909360,US-7196210
1029,Moungi G. Bawendi,Moungi Bawendi,https://openalex.org/A5108389294,Moungi G. Bawendi,W1975334294|US-7197226,W1975334294,US-7197226
1029,Moungi G. Bawendi,Moungi Bawendi,https://openalex.org/A5108389294,Moungi G. Bawendi,W1823558030|US-7197226,W1823558030,US-7197226
863,Ralph M. Steinman,Ralph M. Steinman,https://openalex.org/A5113434905,Ralph M. Steinman,W2166876123|US-7198948,W2166876123,US-7198948
863,Ralph M. Steinman,Ralph M. Steinman,https://openalex.org/A5113434905,Ralph M. Steinman,W2078169017|US-7198948,W2078169017,US-7198948
863,Ralph M. Steinman,Ralph M. Steinman,https://openalex.org/A5113434905,Ralph M. Steinman,W2059787743|US-7198948,W2059787743,US-7198948
863,Ralph M. Steinman,Ralph M. Steinman,https://openalex.org/A5113434905,Ralph M. Steinman,W2336390881|US-7198948,W2336390881,US-7198948
863,Ralph M. Steinman,Ralph M. Steinman,https://openalex.org/A5113434905,Ralph M. Steinman,W2036553275|US-7198948,W2036553275,US-7198948
863,Ralph M. Steinman,Ralph M. Steinman,https://openalex.org/A5113434905,Ralph M. Steinman,W2062569980|US-7198948,W2062569980,US-7198948
836,Carol W. Greider,Carol W. Greider,https://openalex.org/A5041730448,Carol W. Greider,W2026856852|US-7199234,W2026856852,US-7199234
286,Richard E. Smalley,Richard E. Smalley,https://openalex.org/A5015746014,R. E. Smalley,W2040717113|US-7201887,W2040717113,US-7201887
823,Harald zur Hausen,Harald zur Hausen,https://openalex.org/A5076220155,Harald zur Hausen,W2110324093|US-7201908,W2110324093,US-7201908
758,Kurt Wüthrich,Kurt Wüthrich,https://openalex.org/A5000254356,Kurt Wüthrich,W2025445118|US-7202021,W2025445118,US-7202021
286,Richard E. Smalley,Richard E. Smalley,https://openalex.org/A5015746014,R. E. Smalley,W2040717113|US-7204970,W2040717113,US-7204970
824,Françoise Barré-Sinoussi,Françoise Barré-Sinoussi,https://openalex.org/A5107827488,Françoise Barré‐Sinoussi,W1977282539|US-7205102,W1977282539,US-7205102
825,Luc Montagnier,Luc Montagnier,https://openalex.org/A5016871448,Luc Montagnier,W1977282539|US-7205102,W1977282539,US-7205102
825,Luc Montagnier,Luc Montagnier,https://openalex.org/A5016871448,Luc Montagnier,W2046000758|US-7205102,W2046000758,US-7205102
824,Françoise Barré-Sinoussi,Françoise Barré-Sinoussi,https://openalex.org/A5107827488,Françoise Barré‐Sinoussi,W2046000758|US-7205102,W2046000758,US-7205102
824,Françoise Barré-Sinoussi,Françoise Barré-Sinoussi,https://openalex.org/A5107827488,Françoise Barré‐Sinoussi,W2006710190|US-7205102,W2006710190,US-7205102
908,Shuji Nakamura,Shuji Nakamura,https://openalex.org/A5030709847,Shuji Nakamura,W1986152932|US-7208393,W1986152932,US-7208393
908,Shuji Nakamura,Shuji Nakamura,https://openalex.org/A5030709847,Shuji Nakamura,W1981942373|US-7208393,W1981942373,US-7208393
908,Shuji Nakamura,Shuji Nakamura,https://openalex.org/A5030709847,Shuji Nakamura,W1976933979|US-7208393,W1976933979,US-7208393
908,Shuji Nakamura,Shuji Nakamura,https://openalex.org/A5030709847,Shuji Nakamura,W1532723276|US-7208393,W1532723276,US-7208393
908,Shuji Nakamura,Shuji Nakamura,https://openalex.org/A5030709847,Shuji Nakamura,W2056386950|US-7208393,W2056386950,US-7208393
908,Shuji Nakamura,Shuji Nakamura,https://openalex.org/A5030709847,Shuji Nakamura,W2046244387|US-7208393,W2046244387,US-7208393
908,Shuji Nakamura,Shuji Nakamura,https://openalex.org/A5030709847,Shuji Nakamura,W2002495367|US-7208393,W2002495367,US-7208393
908,Shuji Nakamura,Shuji Nakamura,https://openalex.org/A5030709847,Shuji Nakamura,W2041593896|US-7208393,W2041593896,US-7208393
908,Shuji Nakamura,Shuji Nakamura,https://openalex.org/A5030709847,Shuji Nakamura,W2140581942|US-7208393,W2140581942,US-7208393
908,Shuji Nakamura,Shuji Nakamura,https://openalex.org/A5030709847,Shuji Nakamura,W4252600510|US-7208393,W4252600510,US-7208393
908,Shuji Nakamura,Shuji Nakamura,https://openalex.org/A5030709847,Shuji Nakamura,W2168623020|US-7208393,W2168623020,US-7208393
908,Shuji Nakamura,Shuji Nakamura,https://openalex.org/A5030709847,Shuji Nakamura,W2054386325|US-7208393,W2054386325,US-7208393
908,Shuji Nakamura,Shuji Nakamura,https://openalex.org/A5030709847,Shuji Nakamura,W2150758476|US-7208393,W2150758476,US-7208393
795,Robert H. Grubbs,Robert H. Grubbs,https://openalex.org/A5078597191,Robert H. Grubbs,W1532073688|US-7210783,W1532073688,US-7210783
963,Frances H. Arnold,Frances H. Arnold,https://openalex.org/A5043841592,Frances H. Arnold,W2011650104|US-7214298,W2011650104,US-7214298
460,Ferid Murad,Ferid Murad,https://openalex.org/A5113484200,Ferid Murad,W2153224353|US-7214519,W2153224353,US-7214519
460,Ferid Murad,Ferid Murad,https://openalex.org/A5113484200,Ferid Murad,W2104553301|US-7214519,W2104553301,US-7214519
825,Luc Montagnier,Luc Montagnier,https://openalex.org/A5016871448,Luc Montagnier,W2081452200|US-7217508,W2081452200,US-7217508
157,Daniel C. Tsui,Daniel C. Tsui,https://openalex.org/A5044373764,D. C. Tsui,W2026636398|US-7217926,W2026636398,US-7217926
908,Shuji Nakamura,Shuji Nakamura,https://openalex.org/A5030709847,Shuji Nakamura,W2056386950|US-7220324,W2056386950,US-7220324
908,Shuji Nakamura,Shuji Nakamura,https://openalex.org/A5030709847,Shuji Nakamura,W2150758476|US-7220324,W2150758476,US-7220324
908,Shuji Nakamura,Shuji Nakamura,https://openalex.org/A5030709847,Shuji Nakamura,W2054386325|US-7220324,W2054386325,US-7220324
908,Shuji Nakamura,Shuji Nakamura,https://openalex.org/A5030709847,Shuji Nakamura,W4252600510|US-7220324,W4252600510,US-7220324
908,Shuji Nakamura,Shuji Nakamura,https://openalex.org/A5030709847,Shuji Nakamura,W2046244387|US-7220324,W2046244387,US-7220324
986,Michael Houghton,Michael Houghton,https://openalex.org/A5090612228,Michael Houghton,W2244894619|US-7220420,W2244894619,US-7220420
986,Michael Houghton,Michael Houghton,https://openalex.org/A5090612228,Michael Houghton,W1977677882|US-7220420,W1977677882,US-7220420
963,Frances H. Arnold,Frances H. Arnold,https://openalex.org/A5043841592,Frances H. Arnold,W2055751049|US-7220563,W2055751049,US-7220563
908,Shuji Nakamura,Shuji Nakamura,https://openalex.org/A5030709847,Shuji Nakamura,W2016705713|US-7220658,W2016705713,US-7220658
908,Shuji Nakamura,Shuji Nakamura,https://openalex.org/A5030709847,Shuji Nakamura,W2056386950|US-7220658,W2056386950,US-7220658
908,Shuji Nakamura,Shuji Nakamura,https://openalex.org/A5030709847,Shuji Nakamura,W2169593299|US-7220658,W2169593299,US-7220658
908,Shuji Nakamura,Shuji Nakamura,https://openalex.org/A5030709847,Shuji Nakamura,W1976933979|US-7220658,W1976933979,US-7220658
908,Shuji Nakamura,Shuji Nakamura,https://openalex.org/A5030709847,Shuji Nakamura,W4252600510|US-7220658,W4252600510,US-7220658
908,Shuji Nakamura,Shuji Nakamura,https://openalex.org/A5030709847,Shuji Nakamura,W2054386325|US-7220658,W2054386325,US-7220658
908,Shuji Nakamura,Shuji Nakamura,https://openalex.org/A5030709847,Shuji Nakamura,W2168623020|US-7220658,W2168623020,US-7220658
908,Shuji Nakamura,Shuji Nakamura,https://openalex.org/A5030709847,Shuji Nakamura,W2140581942|US-7220658,W2140581942,US-7220658
908,Shuji Nakamura,Shuji Nakamura,https://openalex.org/A5030709847,Shuji Nakamura,W2150758476|US-7220658,W2150758476,US-7220658
932,Sir J. Fraser Stoddart,Sir J. Fraser Stoddart,https://openalex.org/A5027688873,J. Fraser Stoddart,W2052124160|US-7220818,W2052124160,US-7220818
432,Michael S. Brown,Michael S. Brown,https://openalex.org/A5079762911,Michael S. Brown,W2057318017|US-7223787,W2057318017,US-7223787
433,Joseph L. Goldstein,Joseph L. Goldstein,https://openalex.org/A5058164552,Joseph L. Goldstein,W2057318017|US-7223787,W2057318017,US-7223787
457,Stanley B. Prusiner,Stanley B. Prusiner,https://openalex.org/A5066991343,Stanley B. Prusiner,W1989838784|US-7226609,W1989838784,US-7226609
841,Venkatraman Ramakrishnan,Venkatraman Ramakrishnan,https://openalex.org/A5086176987,V. Ramakrishnan,W1977156196|US-7226747,W1977156196,US-7226747
963,Frances H. Arnold,Frances H. Arnold,https://openalex.org/A5043841592,Frances H. Arnold,W2133834597|US-7226768,W2133834597,US-7226768
1029,Moungi G. Bawendi,Moungi Bawendi,https://openalex.org/A5108389294,Moungi G. Bawendi,W2048120240|US-7229497,W2048120240,US-7229497
958,James P. Allison,James P. Allison,https://openalex.org/A5047117233,James P. Allison,W2041197290|US-7229628,W2041197290,US-7229628
958,James P. Allison,James P. Allison,https://openalex.org/A5047117233,James P. Allison,W2020775082|US-7229628,W2020775082,US-7229628
958,James P. Allison,James P. Allison,https://openalex.org/A5047117233,James P. Allison,W72456621|US-7229628,W72456621,US-7229628
958,James P. Allison,James P. Allison,https://openalex.org/A5047117233,James P. Allison,W2162856391|US-7229628,W2162856391,US-7229628
958,James P. Allison,James P. Allison,https://openalex.org/A5047117233,James P. Allison,W2094366129|US-7229628,W2094366129,US-7229628
1029,Moungi G. Bawendi,Moungi Bawendi,https://openalex.org/A5108389294,Moungi G. Bawendi,W2058621506|US-7229690,W2058621506,US-7229690
987,Charles M. Rice,Charles M. Rice,https://openalex.org/A5019683467,Charles M. Rice,W2045562270|US-7235394,W2045562270,US-7235394
987,Charles M. Rice,Charles M. Rice,https://openalex.org/A5019683467,Charles M. Rice,W2078887917|US-7235394,W2078887917,US-7235394
987,Charles M. Rice,Charles M. Rice,https://openalex.org/A5019683467,Charles M. Rice,W2473454670|US-7235394,W2473454670,US-7235394
987,Charles M. Rice,Charles M. Rice,https://openalex.org/A5019683467,Charles M. Rice,W1914884504|US-7235394,W1914884504,US-7235394
259,Aaron Klug,Aaron Klug,https://openalex.org/A5106084352,Aaron Klug,W1582870526|US-7241573,W1582870526,US-7241573
259,Aaron Klug,Aaron Klug,https://openalex.org/A5106084352,Aaron Klug,W2070528577|US-7241573,W2070528577,US-7241573
259,Aaron Klug,Aaron Klug,https://openalex.org/A5106084352,Aaron Klug,W2128328355|US-7241574,W2128328355,US-7241574
259,Aaron Klug,Aaron Klug,https://openalex.org/A5106084352,Aaron Klug,W2070528577|US-7241574,W2070528577,US-7241574
259,Aaron Klug,Aaron Klug,https://openalex.org/A5106084352,Aaron Klug,W1582870526|US-7241574,W1582870526,US-7241574
986,Michael Houghton,Michael Houghton,https://openalex.org/A5090612228,Michael Houghton,W1921694076|US-7250166,W1921694076,US-7250166
986,Michael Houghton,Michael Houghton,https://openalex.org/A5090612228,Michael Houghton,W2160174559|US-7252827,W2160174559,US-7252827
986,Michael Houghton,Michael Houghton,https://openalex.org/A5090612228,Michael Houghton,W2000229624|US-7252827,W2000229624,US-7252827
986,Michael Houghton,Michael Houghton,https://openalex.org/A5090612228,Michael Houghton,W2069191767|US-7252827,W2069191767,US-7252827
986,Michael Houghton,Michael Houghton,https://openalex.org/A5090612228,Michael Houghton,W2163692778|US-7252827,W2163692778,US-7252827
986,Michael Houghton,Michael Houghton,https://openalex.org/A5090612228,Michael Houghton,W2133487025|US-7252827,W2133487025,US-7252827
1029,Moungi G. Bawendi,Moungi Bawendi,https://openalex.org/A5108389294,Moungi G. Bawendi,W4240936446|US-7253452,W4240936446,US-7253452
1029,Moungi G. Bawendi,Moungi Bawendi,https://openalex.org/A5108389294,Moungi G. Bawendi,W2125558516|US-7253452,W2125558516,US-7253452
986,Michael Houghton,Michael Houghton,https://openalex.org/A5090612228,Michael Houghton,W2163692778|US-7255997,W2163692778,US-7255997
409,Baruch S. Blumberg,Baruch S. Blumberg,https://openalex.org/A5030590633,Baruch S. Blumberg,W2071136569|US-7256005,W2071136569,US-7256005
128,Gerd Binnig,Gerd Binnig,https://openalex.org/A5071169826,G. Binnig,W2099779303|US-7257691,W2099779303,US-7257691
758,Kurt Wüthrich,Kurt Wüthrich,https://openalex.org/A5000254356,Kurt Wüthrich,W1534728973|US-7259246,W1534728973,US-7259246
274,Thomas R. Cech,Thomas R. Cech,https://openalex.org/A5017573996,Thomas R. Cech,W2079378073|US-7262288,W2079378073,US-7262288
836,Carol W. Greider,Carol W. Greider,https://openalex.org/A5041730448,Carol W. Greider,W2026856852|US-7262288,W2026856852,US-7262288
286,Richard E. Smalley,Richard E. Smalley,https://openalex.org/A5015746014,R. E. Smalley,W2147523251|US-7264876,W2147523251,US-7264876
1003,David W.C. MacMillan,David W.C. MacMillan,https://openalex.org/A5025805979,David W. C. MacMillan,W1968710126|US-7265249,W1968710126,US-7265249
986,Michael Houghton,Michael Houghton,https://openalex.org/A5090612228,Michael Houghton,W2163575236|US-7270820,W2163575236,US-7270820
837,Jack W. Szostak,Jack W. Szostak,https://openalex.org/A5023274897,Jack W. Szostak,W2028493269|US-7270950,W2028493269,US-7270950
959,Tasuku Honjo,Tasuku Honjo,https://openalex.org/A5019039647,Tasuku Honjo,W2101191922|US-7273725,W2101191922,US-7273725
803,Craig C. Mello,Craig C. Mello,https://openalex.org/A5029315886,Craig C. Mello,W2009866838|US-7282564,W2009866838,US-7282564
802,Andrew Z. Fire,Andrew Z. Fire,https://openalex.org/A5057231025,Andrew Fire,W2158627784|US-7282564,W2158627784,US-7282564
803,Craig C. Mello,Craig C. Mello,https://openalex.org/A5029315886,Craig C. Mello,W2158627784|US-7282564,W2158627784,US-7282564
986,Michael Houghton,Michael Houghton,https://openalex.org/A5090612228,Michael Houghton,W1867663745|US-7285539,W1867663745,US-7285539
986,Michael Houghton,Michael Houghton,https://openalex.org/A5090612228,Michael Houghton,W1952863055|US-7285539,W1952863055,US-7285539
986,Michael Houghton,Michael Houghton,https://openalex.org/A5090612228,Michael Houghton,W2126762327|US-7285539,W2126762327,US-7285539
274,Thomas R. Cech,Thomas R. Cech,https://openalex.org/A5017573996,Thomas R. Cech,W2079378073|US-7285639,W2079378073,US-7285639
286,Richard E. Smalley,Richard E. Smalley,https://openalex.org/A5015746014,R. E. Smalley,W2169182148|US-7288238,W2169182148,US-7288238
795,Robert H. Grubbs,Robert H. Grubbs,https://openalex.org/A5078597191,Robert H. Grubbs,W1999748098|US-7288666,W1999748098,US-7288666
829,Osamu Shimomura,Osamu Shimomura,https://openalex.org/A5085164052,Osamu Shimomura,W2054621303|US-7294198,W2054621303,US-7294198
152,Steven Chu,Steven Chu,https://openalex.org/A5001967033,Steven Chu,W2127380975|US-7297532,W2127380975,US-7297532
958,James P. Allison,James P. Allison,https://openalex.org/A5047117233,James P. Allison,W2118705059|US-7304149,W2118705059,US-7304149
457,Stanley B. Prusiner,Stanley B. Prusiner,https://openalex.org/A5066991343,Stanley B. Prusiner,W1989838784|US-7307103,W1989838784,US-7307103
249,William N. Lipscomb,William Lipscomb,https://openalex.org/A5110136758,William N. Lipscomb,W2040535923|US-7312219,W2040535923,US-7312219
743,K. Barry Sharpless,K. Barry Sharpless,https://openalex.org/A5077401880,K. Barry Sharpless,W2037235947|US-7312361,W2037235947,US-7312361
959,Tasuku Honjo,Tasuku Honjo,https://openalex.org/A5019039647,Tasuku Honjo,W2139387072|US-7314621,W2139387072,US-7314621
959,Tasuku Honjo,Tasuku Honjo,https://openalex.org/A5019039647,Tasuku Honjo,W2033107164|US-7314621,W2033107164,US-7314621
959,Tasuku Honjo,Tasuku Honjo,https://openalex.org/A5019039647,Tasuku Honjo,W2002043709|US-7314621,W2002043709,US-7314621
959,Tasuku Honjo,Tasuku Honjo,https://openalex.org/A5019039647,Tasuku Honjo,W1608481894|US-7314621,W1608481894,US-7314621
831,Roger Y. Tsien,Roger Y. Tsien,https://openalex.org/A5109193097,Roger Y. Tsien,W1967533433|US-7314736,W1967533433,US-7314736
831,Roger Y. Tsien,Roger Y. Tsien,https://openalex.org/A5109193097,Roger Y. Tsien,W1997161797|US-7314736,W1997161797,US-7314736
831,Roger Y. Tsien,Roger Y. Tsien,https://openalex.org/A5109193097,Roger Y. Tsien,W2069271483|US-7314736,W2069271483,US-7314736
723,Paul Greengard,Paul Greengard,https://openalex.org/A5052825834,Paul Greengard,W2045129849|US-7320785,W2045129849,US-7320785
723,Paul Greengard,Paul Greengard,https://openalex.org/A5052825834,Paul Greengard,W1681161665|US-7320785,W1681161665,US-7320785
723,Paul Greengard,Paul Greengard,https://openalex.org/A5052825834,Paul Greengard,W2138324540|US-7320785,W2138324540,US-7320785
723,Paul Greengard,Paul Greengard,https://openalex.org/A5052825834,Paul Greengard,W1983759112|US-7320785,W1983759112,US-7320785
986,Michael Houghton,Michael Houghton,https://openalex.org/A5090612228,Michael Houghton,W1965128383|US-7320875,W1965128383,US-7320875
1003,David W.C. MacMillan,David W.C. MacMillan,https://openalex.org/A5025805979,David W. C. MacMillan,W2950142963|US-7323604,W2950142963,US-7323604
130,J. Georg Bednorz,J. Georg Bednorz,https://openalex.org/A5112801181,J. G. Bednorz,W2094470020|US-7324366,W2094470020,US-7324366
987,Charles M. Rice,Charles M. Rice,https://openalex.org/A5019683467,Charles M. Rice,W1985055250|US-7326536,W1985055250,US-7326536
987,Charles M. Rice,Charles M. Rice,https://openalex.org/A5019683467,Charles M. Rice,W2157843875|US-7326536,W2157843875,US-7326536
922,Paul Modrich,Paul Modrich,https://openalex.org/A5060041272,Paul Modrich,W2154181923|US-7326778,W2154181923,US-7326778
922,Paul Modrich,Paul Modrich,https://openalex.org/A5060041272,Paul Modrich,W2129066173|US-7326778,W2129066173,US-7326778
986,Michael Houghton,Michael Houghton,https://openalex.org/A5090612228,Michael Houghton,W1971395806|US-7329408,W1971395806,US-7329408
986,Michael Houghton,Michael Houghton,https://openalex.org/A5090612228,Michael Houghton,W2126762327|US-7329408,W2126762327,US-7329408
831,Roger Y. Tsien,Roger Y. Tsien,https://openalex.org/A5109193097,Roger Y. Tsien,W2107913200|US-7329735,W2107913200,US-7329735
795,Robert H. Grubbs,Robert H. Grubbs,https://openalex.org/A5078597191,Robert H. Grubbs,W2952293795|US-7329758,W2952293795,US-7329758
795,Robert H. Grubbs,Robert H. Grubbs,https://openalex.org/A5078597191,Robert H. Grubbs,W1030861703|US-7329758,W1030861703,US-7329758
98,Ivar Giaever,Ivar Giaever,https://openalex.org/A5074066171,Ivar Giæver,W2012381843|US-7332313,W2012381843,US-7332313
907,Hiroshi Amano,Hiroshi Amano,https://openalex.org/A5048399593,Hiroshi Amano,W2121395191|US-7332366,W2121395191,US-7332366
906,Isamu Akasaki,Isamu Akasaki,https://openalex.org/A5081597179,Isamu Akasaki,W2121395191|US-7332366,W2121395191,US-7332366
831,Roger Y. Tsien,Roger Y. Tsien,https://openalex.org/A5109193097,Roger Y. Tsien,W2107913200|US-7332598,W2107913200,US-7332598
831,Roger Y. Tsien,Roger Y. Tsien,https://openalex.org/A5109193097,Roger Y. Tsien,W2115734610|US-7332598,W2115734610,US-7332598
910,Stefan W. Hell,Stefan W. Hell,https://openalex.org/A5088219208,Stefan W. Hell,W2144748517|US-7333207,W2144748517,US-7333207
987,Charles M. Rice,Charles M. Rice,https://openalex.org/A5019683467,Charles M. Rice,W2078887917|US-7338759,W2078887917,US-7338759
987,Charles M. Rice,Charles M. Rice,https://openalex.org/A5019683467,Charles M. Rice,W2045562270|US-7338759,W2045562270,US-7338759
908,Shuji Nakamura,Shuji Nakamura,https://openalex.org/A5030709847,Shuji Nakamura,W2115001816|US-7338828,W2115001816,US-7338828
908,Shuji Nakamura,Shuji Nakamura,https://openalex.org/A5030709847,Shuji Nakamura,W2056386950|US-7338828,W2056386950,US-7338828
908,Shuji Nakamura,Shuji Nakamura,https://openalex.org/A5030709847,Shuji Nakamura,W2041593896|US-7338828,W2041593896,US-7338828
908,Shuji Nakamura,Shuji Nakamura,https://openalex.org/A5030709847,Shuji Nakamura,W2150758476|US-7338828,W2150758476,US-7338828
286,Richard E. Smalley,Richard E. Smalley,https://openalex.org/A5015746014,R. E. Smalley,W2008302913|US-7338915,W2008302913,US-7338915
1015,Carolyn R. Bertozzi,Carolyn Bertozzi,https://openalex.org/A5088409133,Carolyn R. Bertozzi,W2102933974|US-7344703,W2102933974,US-7344703
446,Edmond H. Fischer,Edmond H. Fischer,https://openalex.org/A5038922448,Edmond H. Fischer,W1997937533|US-7348308,W1997937533,US-7348308
1015,Carolyn R. Bertozzi,Carolyn Bertozzi,https://openalex.org/A5088409133,Carolyn R. Bertozzi,W4251775387|US-7351408,W4251775387,US-7351408
1015,Carolyn R. Bertozzi,Carolyn Bertozzi,https://openalex.org/A5088409133,Carolyn R. Bertozzi,W1595841096|US-7351408,W1595841096,US-7351408
824,Françoise Barré-Sinoussi,Françoise Barré-Sinoussi,https://openalex.org/A5107827488,Françoise Barré‐Sinoussi,W2035553258|US-7351412,W2035553258,US-7351412
825,Luc Montagnier,Luc Montagnier,https://openalex.org/A5016871448,Luc Montagnier,W2035553258|US-7351412,W2035553258,US-7351412
286,Richard E. Smalley,Richard E. Smalley,https://openalex.org/A5015746014,R. E. Smalley,W2034653409|US-7357906,W2034653409,US-7357906
416,Hamilton O. Smith,Hamilton O. Smith,https://openalex.org/A5076771387,Hamilton O. Smith,W2127335580|US-7368261,W2127335580,US-7368261
986,Michael Houghton,Michael Houghton,https://openalex.org/A5090612228,Michael Houghton,W2163692778|US-7371386,W2163692778,US-7371386
986,Michael Houghton,Michael Houghton,https://openalex.org/A5090612228,Michael Houghton,W2062174742|US-7371386,W2062174742,US-7371386
986,Michael Houghton,Michael Houghton,https://openalex.org/A5090612228,Michael Houghton,W1533851350|US-7371386,W1533851350,US-7371386
986,Michael Houghton,Michael Houghton,https://openalex.org/A5090612228,Michael Houghton,W2069191767|US-7371386,W2069191767,US-7371386
986,Michael Houghton,Michael Houghton,https://openalex.org/A5090612228,Michael Houghton,W30960515|US-7371386,W30960515,US-7371386
986,Michael Houghton,Michael Houghton,https://openalex.org/A5090612228,Michael Houghton,W160645031|US-7371386,W160645031,US-7371386
986,Michael Houghton,Michael Houghton,https://openalex.org/A5090612228,Michael Houghton,W2133487025|US-7371386,W2133487025,US-7371386
917,Satoshi Ōmura,Satoshi Ōmura,https://openalex.org/A5045164227,Satoshi Ōmura,W4251925149|US-7371548,W4251925149,US-7371548
917,Satoshi Ōmura,Satoshi Ōmura,https://openalex.org/A5045164227,Satoshi Ōmura,W2132158213|US-7371548,W2132158213,US-7371548
249,William N. Lipscomb,William Lipscomb,https://openalex.org/A5110136758,William N. Lipscomb,W2088551222|US-7371739,W2088551222,US-7371739
997,David Julius,David Julius,https://openalex.org/A5014886042,David Julius,W1995330222|US-7371841,W1995330222,US-7371841
1025,Drew Weissman,Drew Weissman,https://openalex.org/A5068253145,Drew Weissman,W1537629327|US-7374872,W1537629327,US-7374872
1025,Drew Weissman,Drew Weissman,https://openalex.org/A5068253145,Drew Weissman,W1596576376|US-7374872,W1596576376,US-7374872
1025,Drew Weissman,Drew Weissman,https://openalex.org/A5068253145,Drew Weissman,W1983287226|US-7374872,W1983287226,US-7374872
743,K. Barry Sharpless,K. Barry Sharpless,https://openalex.org/A5077401880,K. Barry Sharpless,W4232090531|US-7375234,W4232090531,US-7375234
280,George A. Olah,George A. Olah,https://openalex.org/A5071446330,George A. Olah,W4293225844|US-7378561,W4293225844,US-7378561
286,Richard E. Smalley,Richard E. Smalley,https://openalex.org/A5015746014,R. E. Smalley,W2042566820|US-7384815,W2042566820,US-7384815
933,Bernard L. Feringa,Bernard L. Feringa,https://openalex.org/A5087713906,Ben L. Feringa,W1511131259|US-7393828,W1511131259,US-7393828
412,Andrew V. Schally,Andrew V. Schally,https://openalex.org/A5068739269,Andrew V. Schally,W2298315009|US-7393834,W2298315009,US-7393834
98,Ivar Giaever,Ivar Giaever,https://openalex.org/A5074066171,Ivar Giæver,W4246434552|US-7399631,W4246434552,US-7399631
1048,Frederick J. Ramsdell,Fred Ramsdell,https://openalex.org/A5050752577,Fred Ramsdell,W1938523018|US-7405270,W1938523018,US-7405270
987,Charles M. Rice,Charles M. Rice,https://openalex.org/A5019683467,Charles M. Rice,W2045562270|US-7407758,W2045562270,US-7407758
259,Aaron Klug,Aaron Klug,https://openalex.org/A5106084352,Aaron Klug,W2031292200|US-7407776,W2031292200,US-7407776
877,David J. Wineland,David J. Wineland,https://openalex.org/A5001536933,D. J. Wineland,W2106549835|US-7411187,W2106549835,US-7411187
274,Thomas R. Cech,Thomas R. Cech,https://openalex.org/A5017573996,Thomas R. Cech,W2079378073|US-7413864,W2079378073,US-7413864
878,Robert J. Lefkowitz,Robert J. Lefkowitz,https://openalex.org/A5080672788,Robert J. Lefkowitz,W1966960186|US-7413876,W1966960186,US-7413876
959,Tasuku Honjo,Tasuku Honjo,https://openalex.org/A5019039647,Tasuku Honjo,W85633102|US-7414171,W85633102,US-7414171
959,Tasuku Honjo,Tasuku Honjo,https://openalex.org/A5019039647,Tasuku Honjo,W2098853737|US-7414171,W2098853737,US-7414171
41,James Chadwick,James Chadwick,https://openalex.org/A5042900711,James Chadwick,W2163501491|US-7417156,W2163501491,US-7417156
723,Paul Greengard,Paul Greengard,https://openalex.org/A5052825834,Paul Greengard,W1592376644|US-7427485,W1592376644,US-7427485
908,Shuji Nakamura,Shuji Nakamura,https://openalex.org/A5030709847,Shuji Nakamura,W2168623020|US-7427555,W2168623020,US-7427555
908,Shuji Nakamura,Shuji Nakamura,https://openalex.org/A5030709847,Shuji Nakamura,W2046244387|US-7427555,W2046244387,US-7427555
908,Shuji Nakamura,Shuji Nakamura,https://openalex.org/A5030709847,Shuji Nakamura,W2150758476|US-7427555,W2150758476,US-7427555
908,Shuji Nakamura,Shuji Nakamura,https://openalex.org/A5030709847,Shuji Nakamura,W1976933979|US-7427555,W1976933979,US-7427555
986,Michael Houghton,Michael Houghton,https://openalex.org/A5090612228,Michael Houghton,W2151603470|US-7429385,W2151603470,US-7429385
959,Tasuku Honjo,Tasuku Honjo,https://openalex.org/A5019039647,Tasuku Honjo,W2107752337|US-7432059,W2107752337,US-7432059
963,Frances H. Arnold,Frances H. Arnold,https://openalex.org/A5043841592,Frances H. Arnold,W1807028851|US-7435570,W1807028851,US-7435570
963,Frances H. Arnold,Frances H. Arnold,https://openalex.org/A5043841592,Frances H. Arnold,W2157004734|US-7435570,W2157004734,US-7435570
780,Avram Hershko,Avram Hershko,https://openalex.org/A5035630459,Avram Hershko,W1969210627|US-7439032,W1969210627,US-7439032
863,Ralph M. Steinman,Ralph M. Steinman,https://openalex.org/A5113434905,Ralph M. Steinman,W2073151752|US-7442377,W2073151752,US-7442377
863,Ralph M. Steinman,Ralph M. Steinman,https://openalex.org/A5113434905,Ralph M. Steinman,W2150071886|US-7442377,W2150071886,US-7442377
292,Ahmed H. Zewail,Ahmed Zewail,https://openalex.org/A5077807260,Ahmed H. Zewail,W2025906452|US-7442931,W2025906452,US-7442931
292,Ahmed H. Zewail,Ahmed Zewail,https://openalex.org/A5077807260,Ahmed H. Zewail,W2031795478|US-7442931,W2031795478,US-7442931
292,Ahmed H. Zewail,Ahmed Zewail,https://openalex.org/A5077807260,Ahmed H. Zewail,W1992145745|US-7442931,W1992145745,US-7442931
292,Ahmed H. Zewail,Ahmed Zewail,https://openalex.org/A5077807260,Ahmed H. Zewail,W2133351535|US-7442931,W2133351535,US-7442931
280,George A. Olah,George A. Olah,https://openalex.org/A5071446330,George A. Olah,W2156781942|US-7445859,W2156781942,US-7445859
412,Andrew V. Schally,Andrew V. Schally,https://openalex.org/A5068739269,Andrew V. Schally,W1966811598|US-7452865,W1966811598,US-7452865
412,Andrew V. Schally,Andrew V. Schally,https://openalex.org/A5068739269,Andrew V. Schally,W2090657739|US-7452865,W2090657739,US-7452865
412,Andrew V. Schally,Andrew V. Schally,https://openalex.org/A5068739269,Andrew V. Schally,W2001483661|US-7452865,W2001483661,US-7452865
987,Charles M. Rice,Charles M. Rice,https://openalex.org/A5019683467,Charles M. Rice,W2078887917|US-7455969,W2078887917,US-7455969
987,Charles M. Rice,Charles M. Rice,https://openalex.org/A5019683467,Charles M. Rice,W2157712520|US-7455969,W2157712520,US-7455969
987,Charles M. Rice,Charles M. Rice,https://openalex.org/A5019683467,Charles M. Rice,W2150368001|US-7455969,W2150368001,US-7455969
398,Gerald M. Edelman,Gerald M. Edelman,https://openalex.org/A5111917213,Gerald M. Edelman,W2122237896|US-7456273,W2122237896,US-7456273
1029,Moungi G. Bawendi,Moungi Bawendi,https://openalex.org/A5108389294,Moungi G. Bawendi,W1975334294|US-7457508,W1975334294,US-7457508
1029,Moungi G. Bawendi,Moungi Bawendi,https://openalex.org/A5108389294,Moungi G. Bawendi,W1823558030|US-7457508,W1823558030,US-7457508
286,Richard E. Smalley,Richard E. Smalley,https://openalex.org/A5015746014,R. E. Smalley,W2099107901|US-7459137,W2099107901,US-7459137
963,Frances H. Arnold,Frances H. Arnold,https://openalex.org/A5043841592,Frances H. Arnold,W2157004734|US-7465567,W2157004734,US-7465567
963,Frances H. Arnold,Frances H. Arnold,https://openalex.org/A5043841592,Frances H. Arnold,W2097634931|US-7465567,W2097634931,US-7465567
998,Ardem Patapoutian,Ardem Patapoutian,https://openalex.org/A5066449841,Ardem Patapoutian,W2120229762|US-7465581,W2120229762,US-7465581
998,Ardem Patapoutian,Ardem Patapoutian,https://openalex.org/A5066449841,Ardem Patapoutian,W2100241249|US-7465581,W2100241249,US-7465581
998,Ardem Patapoutian,Ardem Patapoutian,https://openalex.org/A5066449841,Ardem Patapoutian,W2107057154|US-7465581,W2107057154,US-7465581
275,Elias James Corey,Elias James Corey,https://openalex.org/A5062182194,E. J. Corey,W2087952682|US-7465720,W2087952682,US-7465720
1050,John Clarke,John Clarke,https://openalex.org/A5010797318,John Clarke,W2075413761|US-7466132,W2075413761,US-7466132
1050,John Clarke,John Clarke,https://openalex.org/A5010797318,John Clarke,W2106444913|US-7466132,W2106444913,US-7466132
1050,John Clarke,John Clarke,https://openalex.org/A5010797318,John Clarke,W2132202970|US-7466132,W2132202970,US-7466132
1050,John Clarke,John Clarke,https://openalex.org/A5010797318,John Clarke,W2059334495|US-7466132,W2059334495,US-7466132
1050,John Clarke,John Clarke,https://openalex.org/A5010797318,John Clarke,W2050822204|US-7466132,W2050822204,US-7466132
1050,John Clarke,John Clarke,https://openalex.org/A5010797318,John Clarke,W2058136719|US-7466132,W2058136719,US-7466132
1050,John Clarke,John Clarke,https://openalex.org/A5010797318,John Clarke,W2112586768|US-7466132,W2112586768,US-7466132
1050,John Clarke,John Clarke,https://openalex.org/A5010797318,John Clarke,W2109152856|US-7466132,W2109152856,US-7466132
1050,John Clarke,John Clarke,https://openalex.org/A5010797318,John Clarke,W1981853750|US-7466132,W1981853750,US-7466132
1050,John Clarke,John Clarke,https://openalex.org/A5010797318,John Clarke,W1977358268|US-7466132,W1977358268,US-7466132
128,Gerd Binnig,Gerd Binnig,https://openalex.org/A5071169826,G. Binnig,W206561656|US-7467159,W206561656,US-7467159
398,Gerald M. Edelman,Gerald M. Edelman,https://openalex.org/A5111917213,Gerald M. Edelman,W2010577232|US-7468275,W2010577232,US-7468275
412,Andrew V. Schally,Andrew V. Schally,https://openalex.org/A5068739269,Andrew V. Schally,W1550628230|US-7468354,W1550628230,US-7468354
286,Richard E. Smalley,Richard E. Smalley,https://openalex.org/A5015746014,R. E. Smalley,W1995521654|US-7470417,W1995521654,US-7470417
286,Richard E. Smalley,Richard E. Smalley,https://openalex.org/A5015746014,R. E. Smalley,W2329225121|US-7470417,W2329225121,US-7470417
1027,Ferenc Krausz,Ferenc Krausz,https://openalex.org/A5049801219,Ferenc Krausz,W1999252911|US-7474457,W1999252911,US-7474457
1027,Ferenc Krausz,Ferenc Krausz,https://openalex.org/A5049801219,Ferenc Krausz,W1963821726|US-7474457,W1963821726,US-7474457
1027,Ferenc Krausz,Ferenc Krausz,https://openalex.org/A5049801219,Ferenc Krausz,W2141800209|US-7474457,W2141800209,US-7474457
1027,Ferenc Krausz,Ferenc Krausz,https://openalex.org/A5049801219,Ferenc Krausz,W2048882764|US-7474457,W2048882764,US-7474457
128,Gerd Binnig,Gerd Binnig,https://openalex.org/A5071169826,G. Binnig,W1554779758|US-7474602,W1554779758,US-7474602
757,Koichi Tanaka,Koichi Tanaka,https://openalex.org/A5009335876,Kōichi Tanaka,W1711294379|US-7482436,W1711294379,US-7482436
1049,Shimon Sakaguchi,Shimon Sakaguchi,https://openalex.org/A5025764166,Shimon Sakaguchi,W2077450760|US-7488474,W2077450760,US-7488474
149,David M. Lee,David M. Lee,https://openalex.org/A5004621751,David M. Lee,W2143183772|US-7488478,W2143183772,US-7488478
959,Tasuku Honjo,Tasuku Honjo,https://openalex.org/A5019039647,Tasuku Honjo,W2081447339|US-7488802,W2081447339,US-7488802
986,Michael Houghton,Michael Houghton,https://openalex.org/A5090612228,Michael Houghton,W2126762327|US-7491808,W2126762327,US-7491808
286,Richard E. Smalley,Richard E. Smalley,https://openalex.org/A5015746014,R. E. Smalley,W2019470830|US-7494639,W2019470830,US-7494639
992,Jennifer A. Doudna,Jennifer A. Doudna,https://openalex.org/A5067184382,Jennifer A. Doudna,W133766157|US-7494786,W133766157,US-7494786
1038,Geoffrey Hinton,Geoffrey Hinton,https://openalex.org/A5108093963,Geoffrey E. Hinton,W2166309735|US-7496232,W2166309735,US-7496232
198,Richard Kuhn,Richard Kuhn,https://openalex.org/A5069864999,Richard Kühn,W2166190446|US-7498419,W2166190446,US-7498419
198,Richard Kuhn,Richard Kuhn,https://openalex.org/A5069864999,Richard Kühn,W1991047136|US-7498419,W1991047136,US-7498419
908,Shuji Nakamura,Shuji Nakamura,https://openalex.org/A5030709847,Shuji Nakamura,W2065999961|US-7504274,W2065999961,US-7504274
908,Shuji Nakamura,Shuji Nakamura,https://openalex.org/A5030709847,Shuji Nakamura,W2002495367|US-7504274,W2002495367,US-7504274
908,Shuji Nakamura,Shuji Nakamura,https://openalex.org/A5030709847,Shuji Nakamura,W2066198776|US-7504274,W2066198776,US-7504274
908,Shuji Nakamura,Shuji Nakamura,https://openalex.org/A5030709847,Shuji Nakamura,W1990194382|US-7504274,W1990194382,US-7504274
908,Shuji Nakamura,Shuji Nakamura,https://openalex.org/A5030709847,Shuji Nakamura,W1977910099|US-7504274,W1977910099,US-7504274
908,Shuji Nakamura,Shuji Nakamura,https://openalex.org/A5030709847,Shuji Nakamura,W2043469040|US-7504274,W2043469040,US-7504274
945,Joachim Frank,Joachim Frank,https://openalex.org/A5042892654,Joachim Frank,W2137457846|US-7504486,W2137457846,US-7504486
842,Thomas A. Steitz,Thomas A. Steitz,https://openalex.org/A5005980770,Thomas A. Steitz,W2137457846|US-7504486,W2137457846,US-7504486
842,Thomas A. Steitz,Thomas A. Steitz,https://openalex.org/A5005980770,Thomas A. Steitz,W1868347993|US-7504486,W1868347993,US-7504486
842,Thomas A. Steitz,Thomas A. Steitz,https://openalex.org/A5005980770,Thomas A. Steitz,W2097654784|US-7504486,W2097654784,US-7504486
842,Thomas A. Steitz,Thomas A. Steitz,https://openalex.org/A5005980770,Thomas A. Steitz,W1983534198|US-7504486,W1983534198,US-7504486
842,Thomas A. Steitz,Thomas A. Steitz,https://openalex.org/A5005980770,Thomas A. Steitz,W2013902881|US-7504486,W2013902881,US-7504486
729,Alan J. Heeger,Alan Heeger,https://openalex.org/A5087631107,Alan J. Heeger,W2030548922|US-7504655,W2030548922,US-7504655
825,Luc Montagnier,Luc Montagnier,https://openalex.org/A5016871448,Luc Montagnier,W2027203648|US-7507417,W2027203648,US-7507417
233,Manfred Eigen,Manfred Eigen,https://openalex.org/A5086771096,Manfred Eigen,W42564067|US-7507582,W42564067,US-7507582
779,Aaron Ciechanover,Aaron Ciechanover,https://openalex.org/A5087180436,Aaron Ciechanover,W2138519364|US-7507788,W2138519364,US-7507788
795,Robert H. Grubbs,Robert H. Grubbs,https://openalex.org/A5078597191,Robert H. Grubbs,W2147409350|US-7507854,W2147409350,US-7507854
795,Robert H. Grubbs,Robert H. Grubbs,https://openalex.org/A5078597191,Robert H. Grubbs,W2952062994|US-7507854,W2952062994,US-7507854
275,Elias James Corey,Elias James Corey,https://openalex.org/A5062182194,E. J. Corey,W4236690562|US-7511156,W4236690562,US-7511156
284,Robert F. Curl Jr.,Robert F. Curl Jr.,https://openalex.org/A5050630131,R. F. Curl,W1979939354|US-7511811,W1979939354,US-7511811
274,Thomas R. Cech,Thomas R. Cech,https://openalex.org/A5017573996,Thomas R. Cech,W2079378073|US-7517971,W2079378073,US-7517971
908,Shuji Nakamura,Shuji Nakamura,https://openalex.org/A5030709847,Shuji Nakamura,W1995209896|US-7518159,W1995209896,US-7518159
959,Tasuku Honjo,Tasuku Honjo,https://openalex.org/A5019039647,Tasuku Honjo,W2081447339|US-7521051,W2081447339,US-7521051
279,Michael Smith,Michael Smith,https://openalex.org/A5101453839,Michael J. Smith,W1978164637|US-7521473,W1978164637,US-7521473
1055,Omar M. Yaghi,Omar M. Yaghi,https://openalex.org/A5044268160,Omar M. Yaghi,W2123040787|US-7524444,W2123040787,US-7524444
963,Frances H. Arnold,Frances H. Arnold,https://openalex.org/A5043841592,Frances H. Arnold,W2117206005|US-7524664,W2117206005,US-7524664
963,Frances H. Arnold,Frances H. Arnold,https://openalex.org/A5043841592,Frances H. Arnold,W2144572696|US-7524664,W2144572696,US-7524664
963,Frances H. Arnold,Frances H. Arnold,https://openalex.org/A5043841592,Frances H. Arnold,W2063112093|US-7524664,W2063112093,US-7524664
963,Frances H. Arnold,Frances H. Arnold,https://openalex.org/A5043841592,Frances H. Arnold,W2133834597|US-7524664,W2133834597,US-7524664
963,Frances H. Arnold,Frances H. Arnold,https://openalex.org/A5043841592,Frances H. Arnold,W2083112939|US-7524664,W2083112939,US-7524664
963,Frances H. Arnold,Frances H. Arnold,https://openalex.org/A5043841592,Frances H. Arnold,W2118802018|US-7524664,W2118802018,US-7524664
831,Roger Y. Tsien,Roger Y. Tsien,https://openalex.org/A5109193097,Roger Y. Tsien,W2019108544|US-7524674,W2019108544,US-7524674
831,Roger Y. Tsien,Roger Y. Tsien,https://openalex.org/A5109193097,Roger Y. Tsien,W2056905528|US-7524674,W2056905528,US-7524674
286,Richard E. Smalley,Richard E. Smalley,https://openalex.org/A5015746014,R. E. Smalley,W2034653409|US-7527780,W2034653409,US-7527780
286,Richard E. Smalley,Richard E. Smalley,https://openalex.org/A5015746014,R. E. Smalley,W1974756445|US-7527780,W1974756445,US-7527780
286,Richard E. Smalley,Richard E. Smalley,https://openalex.org/A5015746014,R. E. Smalley,W2094657135|US-7527780,W2094657135,US-7527780
986,Michael Houghton,Michael Houghton,https://openalex.org/A5090612228,Michael Houghton,W2126762327|US-7527801,W2126762327,US-7527801
986,Michael Houghton,Michael Houghton,https://openalex.org/A5090612228,Michael Houghton,W2081456128|US-7527801,W2081456128,US-7527801
729,Alan J. Heeger,Alan Heeger,https://openalex.org/A5087631107,Alan J. Heeger,W2084976638|US-7531835,W2084976638,US-7531835
729,Alan J. Heeger,Alan Heeger,https://openalex.org/A5087631107,Alan J. Heeger,W2015053750|US-7531835,W2015053750,US-7531835
729,Alan J. Heeger,Alan Heeger,https://openalex.org/A5087631107,Alan J. Heeger,W2088117098|US-7531835,W2088117098,US-7531835
824,Françoise Barré-Sinoussi,Françoise Barré-Sinoussi,https://openalex.org/A5107827488,Françoise Barré‐Sinoussi,W2089384420|US-7534877,W2089384420,US-7534877
932,Sir J. Fraser Stoddart,Sir J. Fraser Stoddart,https://openalex.org/A5027688873,J. Fraser Stoddart,W133177992|US-7535070,W133177992,US-7535070
802,Andrew Z. Fire,Andrew Z. Fire,https://openalex.org/A5057231025,Andrew Fire,W1647075334|US-7538095,W1647075334,US-7538095
803,Craig C. Mello,Craig C. Mello,https://openalex.org/A5029315886,Craig C. Mello,W1647075334|US-7538095,W1647075334,US-7538095
737,Sir Paul M. Nurse,Sir Paul Nurse,https://openalex.org/A5019124036,Paul Nurse,W1644986253|US-7538191,W1644986253,US-7538191
917,Satoshi Ōmura,Satoshi Ōmura,https://openalex.org/A5045164227,Satoshi Ōmura,W2095564380|US-7541336,W2095564380,US-7541336
1003,David W.C. MacMillan,David W.C. MacMillan,https://openalex.org/A5025805979,David W. C. MacMillan,W2950027954|US-7541456,W2950027954,US-7541456
1003,David W.C. MacMillan,David W.C. MacMillan,https://openalex.org/A5025805979,David W. C. MacMillan,W2023792026|US-7541456,W2023792026,US-7541456
1003,David W.C. MacMillan,David W.C. MacMillan,https://openalex.org/A5025805979,David W. C. MacMillan,W2045154252|US-7541456,W2045154252,US-7541456
1003,David W.C. MacMillan,David W.C. MacMillan,https://openalex.org/A5025805979,David W. C. MacMillan,W2951344175|US-7541456,W2951344175,US-7541456
432,Michael S. Brown,Michael S. Brown,https://openalex.org/A5079762911,Michael S. Brown,W2018127398|US-7544466,W2018127398,US-7544466
433,Joseph L. Goldstein,Joseph L. Goldstein,https://openalex.org/A5058164552,Joseph L. Goldstein,W2018127398|US-7544466,W2018127398,US-7544466
433,Joseph L. Goldstein,Joseph L. Goldstein,https://openalex.org/A5058164552,Joseph L. Goldstein,W2148142181|US-7544466,W2148142181,US-7544466
432,Michael S. Brown,Michael S. Brown,https://openalex.org/A5079762911,Michael S. Brown,W2148142181|US-7544466,W2148142181,US-7544466
971,Sir Peter J. Ratcliffe,Sir Peter J. Ratcliffe,https://openalex.org/A5064727417,Peter J. Ratcliffe,W2145023430|US-7544480,W2145023430,US-7544480
987,Charles M. Rice,Charles M. Rice,https://openalex.org/A5019683467,Charles M. Rice,W2113231332|US-7557200,W2113231332,US-7557200
831,Roger Y. Tsien,Roger Y. Tsien,https://openalex.org/A5109193097,Roger Y. Tsien,W2077835601|US-7560287,W2077835601,US-7560287
831,Roger Y. Tsien,Roger Y. Tsien,https://openalex.org/A5109193097,Roger Y. Tsien,W1596797500|US-7560287,W1596797500,US-7560287
831,Roger Y. Tsien,Roger Y. Tsien,https://openalex.org/A5109193097,Roger Y. Tsien,W1626513324|US-7560287,W1626513324,US-7560287
911,William E. Moerner,William E. Moerner,https://openalex.org/A5068018832,W. E. Moerner,W1626513324|US-7560287,W1626513324,US-7560287
831,Roger Y. Tsien,Roger Y. Tsien,https://openalex.org/A5109193097,Roger Y. Tsien,W2061104342|US-7560287,W2061104342,US-7560287
274,Thomas R. Cech,Thomas R. Cech,https://openalex.org/A5017573996,Thomas R. Cech,W1556517582|US-7560437,W1556517582,US-7560437
802,Andrew Z. Fire,Andrew Z. Fire,https://openalex.org/A5057231025,Andrew Fire,W1647075334|US-7560438,W1647075334,US-7560438
803,Craig C. Mello,Craig C. Mello,https://openalex.org/A5029315886,Craig C. Mello,W1647075334|US-7560438,W1647075334,US-7560438
961,Gérard Mourou,Gérard Mourou,https://openalex.org/A5057252770,G. Mourou,W2163591222|US-7560658,W2163591222,US-7560658
726,Zhores I. Alferov,Zhores Alferov,https://openalex.org/A5112712563,Zh. I. Alfërov,W2038939652|US-7561607,W2038939652,US-7561607
1029,Moungi G. Bawendi,Moungi Bawendi,https://openalex.org/A5108389294,Moungi G. Bawendi,W2044543075|US-7566476,W2044543075,US-7566476
1029,Moungi G. Bawendi,Moungi Bawendi,https://openalex.org/A5108389294,Moungi G. Bawendi,W1975334294|US-7570864,W1975334294,US-7570864
1029,Moungi G. Bawendi,Moungi Bawendi,https://openalex.org/A5108389294,Moungi G. Bawendi,W1823558030|US-7570864,W1823558030,US-7570864
286,Richard E. Smalley,Richard E. Smalley,https://openalex.org/A5015746014,R. E. Smalley,W2039953952|US-7572426,W2039953952,US-7572426
416,Hamilton O. Smith,Hamilton O. Smith,https://openalex.org/A5076771387,Hamilton O. Smith,W2127335580|US-7576176,W2127335580,US-7576176
286,Richard E. Smalley,Richard E. Smalley,https://openalex.org/A5015746014,R. E. Smalley,W2187333561|US-7578941,W2187333561,US-7578941
286,Richard E. Smalley,Richard E. Smalley,https://openalex.org/A5015746014,R. E. Smalley,W1978378524|US-7578941,W1978378524,US-7578941
130,J. Georg Bednorz,J. Georg Bednorz,https://openalex.org/A5112801181,J. G. Bednorz,W2094470020|US-7579611,W2094470020,US-7579611
1055,Omar M. Yaghi,Omar M. Yaghi,https://openalex.org/A5044268160,Omar M. Yaghi,W2049145344|US-7582798,W2049145344,US-7582798
274,Thomas R. Cech,Thomas R. Cech,https://openalex.org/A5017573996,Thomas R. Cech,W2079378073|US-7585622,W2079378073,US-7585622
841,Venkatraman Ramakrishnan,Venkatraman Ramakrishnan,https://openalex.org/A5086176987,V. Ramakrishnan,W1977156196|US-7585638,W1977156196,US-7585638
836,Carol W. Greider,Carol W. Greider,https://openalex.org/A5041730448,Carol W. Greider,W2026856852|US-7585966,W2026856852,US-7585966
149,David M. Lee,David M. Lee,https://openalex.org/A5004621751,David M. Lee,W2077965112|US-7589074,W2077965112,US-7589074
149,David M. Lee,David M. Lee,https://openalex.org/A5004621751,David M. Lee,W2143183772|US-7589074,W2143183772,US-7589074
1015,Carolyn R. Bertozzi,Carolyn Bertozzi,https://openalex.org/A5088409133,Carolyn R. Bertozzi,W2098119218|US-7589182,W2098119218,US-7589182
1003,David W.C. MacMillan,David W.C. MacMillan,https://openalex.org/A5025805979,David W. C. MacMillan,W2080866316|US-7592463,W2080866316,US-7592463
1003,David W.C. MacMillan,David W.C. MacMillan,https://openalex.org/A5025805979,David W. C. MacMillan,W2066889571|US-7592463,W2066889571,US-7592463
1003,David W.C. MacMillan,David W.C. MacMillan,https://openalex.org/A5025805979,David W. C. MacMillan,W2054788360|US-7592463,W2054788360,US-7592463
959,Tasuku Honjo,Tasuku Honjo,https://openalex.org/A5019039647,Tasuku Honjo,W2071432396|US-7595048,W2071432396,US-7595048
831,Roger Y. Tsien,Roger Y. Tsien,https://openalex.org/A5109193097,Roger Y. Tsien,W1596797500|US-7595375,W1596797500,US-7595375
795,Robert H. Grubbs,Robert H. Grubbs,https://openalex.org/A5078597191,Robert H. Grubbs,W2150761023|US-7598330,W2150761023,US-7598330
795,Robert H. Grubbs,Robert H. Grubbs,https://openalex.org/A5078597191,Robert H. Grubbs,W2041769371|US-7598330,W2041769371,US-7598330
795,Robert H. Grubbs,Robert H. Grubbs,https://openalex.org/A5078597191,Robert H. Grubbs,W2949955934|US-7598330,W2949955934,US-7598330
795,Robert H. Grubbs,Robert H. Grubbs,https://openalex.org/A5078597191,Robert H. Grubbs,W2116741024|US-7598330,W2116741024,US-7598330
795,Robert H. Grubbs,Robert H. Grubbs,https://openalex.org/A5078597191,Robert H. Grubbs,W2033950298|US-7598330,W2033950298,US-7598330
795,Robert H. Grubbs,Robert H. Grubbs,https://openalex.org/A5078597191,Robert H. Grubbs,W2008600728|US-7598330,W2008600728,US-7598330
735,Leland H. Hartwell,Leland Hartwell,https://openalex.org/A5112821745,Leland H. Hartwell,W1985064413|US-7599799,W1985064413,US-7599799
1029,Moungi G. Bawendi,Moungi Bawendi,https://openalex.org/A5108389294,Moungi G. Bawendi,W2091418484|US-7601424,W2091418484,US-7601424
416,Hamilton O. Smith,Hamilton O. Smith,https://openalex.org/A5076771387,Hamilton O. Smith,W2127335580|US-7604810,W2127335580,US-7604810
280,George A. Olah,George A. Olah,https://openalex.org/A5071446330,George A. Olah,W2950599912|US-7605293,W2950599912,US-7605293
280,George A. Olah,George A. Olah,https://openalex.org/A5071446330,George A. Olah,W2313145660|US-7605293,W2313145660,US-7605293
841,Venkatraman Ramakrishnan,Venkatraman Ramakrishnan,https://openalex.org/A5086176987,V. Ramakrishnan,W2170243611|US-7606670,W2170243611,US-7606670
841,Venkatraman Ramakrishnan,Venkatraman Ramakrishnan,https://openalex.org/A5086176987,V. Ramakrishnan,W1870805240|US-7606670,W1870805240,US-7606670
841,Venkatraman Ramakrishnan,Venkatraman Ramakrishnan,https://openalex.org/A5086176987,V. Ramakrishnan,W2042497786|US-7606670,W2042497786,US-7606670
841,Venkatraman Ramakrishnan,Venkatraman Ramakrishnan,https://openalex.org/A5086176987,V. Ramakrishnan,W2091336733|US-7606670,W2091336733,US-7606670
841,Venkatraman Ramakrishnan,Venkatraman Ramakrishnan,https://openalex.org/A5086176987,V. Ramakrishnan,W2016606288|US-7606670,W2016606288,US-7606670
841,Venkatraman Ramakrishnan,Venkatraman Ramakrishnan,https://openalex.org/A5086176987,V. Ramakrishnan,W2116777154|US-7606670,W2116777154,US-7606670
841,Venkatraman Ramakrishnan,Venkatraman Ramakrishnan,https://openalex.org/A5086176987,V. Ramakrishnan,W2145583354|US-7606670,W2145583354,US-7606670
841,Venkatraman Ramakrishnan,Venkatraman Ramakrishnan,https://openalex.org/A5086176987,V. Ramakrishnan,W2119966574|US-7606670,W2119966574,US-7606670
933,Bernard L. Feringa,Bernard L. Feringa,https://openalex.org/A5087713906,Ben L. Feringa,W1511131259|US-7608582,W1511131259,US-7608582
426,Bengt I. Samuelsson,Bengt I. Samuelsson,https://openalex.org/A5112759205,Bengt Samuelsson,W308018551|US-7608590,W308018551,US-7608590
280,George A. Olah,George A. Olah,https://openalex.org/A5071446330,George A. Olah,W2149576395|US-7608743,W2149576395,US-7608743
280,George A. Olah,George A. Olah,https://openalex.org/A5071446330,George A. Olah,W2950599912|US-7608743,W2950599912,US-7608743
280,George A. Olah,George A. Olah,https://openalex.org/A5071446330,George A. Olah,W2313145660|US-7608743,W2313145660,US-7608743
878,Robert J. Lefkowitz,Robert J. Lefkowitz,https://openalex.org/A5080672788,Robert J. Lefkowitz,W2001051671|US-7615610,W2001051671,US-7615610
268,Jean-Marie Lehn,Jean-Marie Lehn,https://openalex.org/A5059296399,Jean‐Maríe Lehn,W1984397954|US-7618954,W1984397954,US-7618954
274,Thomas R. Cech,Thomas R. Cech,https://openalex.org/A5017573996,Thomas R. Cech,W2079378073|US-7622549,W2079378073,US-7622549
802,Andrew Z. Fire,Andrew Z. Fire,https://openalex.org/A5057231025,Andrew Fire,W1647075334|US-7622633,W1647075334,US-7622633
803,Craig C. Mello,Craig C. Mello,https://openalex.org/A5029315886,Craig C. Mello,W1647075334|US-7622633,W1647075334,US-7622633
824,Françoise Barré-Sinoussi,Françoise Barré-Sinoussi,https://openalex.org/A5107827488,Françoise Barré‐Sinoussi,W2035553258|US-7626013,W2035553258,US-7626013
825,Luc Montagnier,Luc Montagnier,https://openalex.org/A5016871448,Luc Montagnier,W2035553258|US-7626013,W2035553258,US-7626013
286,Richard E. Smalley,Richard E. Smalley,https://openalex.org/A5015746014,R. E. Smalley,W2034695429|US-7632569,W2034695429,US-7632569
286,Richard E. Smalley,Richard E. Smalley,https://openalex.org/A5015746014,R. E. Smalley,W4237347820|US-7632569,W4237347820,US-7632569
751,H. Robert Horvitz,H. Robert Horvitz,https://openalex.org/A5075093223,H. Robert Horvitz,W2159558399|US-7635563,W2159558399,US-7635563
751,H. Robert Horvitz,H. Robert Horvitz,https://openalex.org/A5075093223,H. Robert Horvitz,W2130979840|US-7635563,W2130979840,US-7635563
751,H. Robert Horvitz,H. Robert Horvitz,https://openalex.org/A5075093223,H. Robert Horvitz,W1981186391|US-7635563,W1981186391,US-7635563
412,Andrew V. Schally,Andrew V. Schally,https://openalex.org/A5068739269,Andrew V. Schally,W1550628230|US-7635682,W1550628230,US-7635682
971,Sir Peter J. Ratcliffe,Sir Peter J. Ratcliffe,https://openalex.org/A5064727417,Peter J. Ratcliffe,W2078263362|US-7638295,W2078263362,US-7638295
959,Tasuku Honjo,Tasuku Honjo,https://openalex.org/A5019039647,Tasuku Honjo,W2118471749|US-7638492,W2118471749,US-7638492
726,Zhores I. Alferov,Zhores Alferov,https://openalex.org/A5112712563,Zh. I. Alfërov,W1602135294|US-7642562,W1602135294,US-7642562
268,Jean-Marie Lehn,Jean-Marie Lehn,https://openalex.org/A5059296399,Jean‐Maríe Lehn,W1984397954|US-7648970,W1984397954,US-7648970
1055,Omar M. Yaghi,Omar M. Yaghi,https://openalex.org/A5044268160,Omar M. Yaghi,W2056127514|US-7652132,W2056127514,US-7652132
1055,Omar M. Yaghi,Omar M. Yaghi,https://openalex.org/A5044268160,Omar M. Yaghi,W2034984769|US-7652132,W2034984769,US-7652132
416,Hamilton O. Smith,Hamilton O. Smith,https://openalex.org/A5076771387,Hamilton O. Smith,W2127335580|US-7655245,W2127335580,US-7655245
986,Michael Houghton,Michael Houghton,https://openalex.org/A5090612228,Michael Houghton,W1965128383|US-7657385,W1965128383,US-7657385
986,Michael Houghton,Michael Houghton,https://openalex.org/A5090612228,Michael Houghton,W2160174559|US-7657385,W2160174559,US-7657385
863,Ralph M. Steinman,Ralph M. Steinman,https://openalex.org/A5113434905,Ralph M. Steinman,W2166876123|US-7659119,W2166876123,US-7659119
863,Ralph M. Steinman,Ralph M. Steinman,https://openalex.org/A5113434905,Ralph M. Steinman,W2036553275|US-7659119,W2036553275,US-7659119
863,Ralph M. Steinman,Ralph M. Steinman,https://openalex.org/A5113434905,Ralph M. Steinman,W2336390881|US-7659119,W2336390881,US-7659119
863,Ralph M. Steinman,Ralph M. Steinman,https://openalex.org/A5113434905,Ralph M. Steinman,W2078169017|US-7659119,W2078169017,US-7659119
863,Ralph M. Steinman,Ralph M. Steinman,https://openalex.org/A5113434905,Ralph M. Steinman,W2062569980|US-7659119,W2062569980,US-7659119
149,David M. Lee,David M. Lee,https://openalex.org/A5004621751,David M. Lee,W1981088485|US-7662375,W1981088485,US-7662375
959,Tasuku Honjo,Tasuku Honjo,https://openalex.org/A5019039647,Tasuku Honjo,W2101191922|US-7662620,W2101191922,US-7662620
1055,Omar M. Yaghi,Omar M. Yaghi,https://openalex.org/A5044268160,Omar M. Yaghi,W2014054292|US-7662746,W2014054292,US-7662746
1055,Omar M. Yaghi,Omar M. Yaghi,https://openalex.org/A5044268160,Omar M. Yaghi,W4229914251|US-7662746,W4229914251,US-7662746
1055,Omar M. Yaghi,Omar M. Yaghi,https://openalex.org/A5044268160,Omar M. Yaghi,W2164043498|US-7662746,W2164043498,US-7662746
1055,Omar M. Yaghi,Omar M. Yaghi,https://openalex.org/A5044268160,Omar M. Yaghi,W2027240576|US-7662746,W2027240576,US-7662746
971,Sir Peter J. Ratcliffe,Sir Peter J. Ratcliffe,https://openalex.org/A5064727417,Peter J. Ratcliffe,W1972382264|US-7662854,W1972382264,US-7662854
1002,Benjamin List,Benjamin List,https://openalex.org/A5040055598,Benjamin List,W1969693051|US-7666658,W1969693051,US-7666658
1002,Benjamin List,Benjamin List,https://openalex.org/A5040055598,Benjamin List,W2086518019|US-7666658,W2086518019,US-7666658
1002,Benjamin List,Benjamin List,https://openalex.org/A5040055598,Benjamin List,W2071011237|US-7666658,W2071011237,US-7666658
1002,Benjamin List,Benjamin List,https://openalex.org/A5040055598,Benjamin List,W2026658529|US-7666658,W2026658529,US-7666658
1002,Benjamin List,Benjamin List,https://openalex.org/A5040055598,Benjamin List,W4249119142|US-7666658,W4249119142,US-7666658
1002,Benjamin List,Benjamin List,https://openalex.org/A5040055598,Benjamin List,W2140864818|US-7666658,W2140864818,US-7666658
1002,Benjamin List,Benjamin List,https://openalex.org/A5040055598,Benjamin List,W1994289015|US-7666658,W1994289015,US-7666658
1002,Benjamin List,Benjamin List,https://openalex.org/A5040055598,Benjamin List,W1556223086|US-7666658,W1556223086,US-7666658
1002,Benjamin List,Benjamin List,https://openalex.org/A5040055598,Benjamin List,W1972409212|US-7666658,W1972409212,US-7666658
1002,Benjamin List,Benjamin List,https://openalex.org/A5040055598,Benjamin List,W2062784766|US-7666658,W2062784766,US-7666658
842,Thomas A. Steitz,Thomas A. Steitz,https://openalex.org/A5005980770,Thomas A. Steitz,W1983534198|US-7666849,W1983534198,US-7666849
1015,Carolyn R. Bertozzi,Carolyn Bertozzi,https://openalex.org/A5088409133,Carolyn R. Bertozzi,W1981659539|US-7667012,W1981659539,US-7667012
1015,Carolyn R. Bertozzi,Carolyn Bertozzi,https://openalex.org/A5088409133,Carolyn R. Bertozzi,W2006192357|US-7667012,W2006192357,US-7667012
286,Richard E. Smalley,Richard E. Smalley,https://openalex.org/A5015746014,R. E. Smalley,W1998157855|US-7670583,W1998157855,US-7670583
286,Richard E. Smalley,Richard E. Smalley,https://openalex.org/A5015746014,R. E. Smalley,W2019470830|US-7670583,W2019470830,US-7670583
286,Richard E. Smalley,Richard E. Smalley,https://openalex.org/A5015746014,R. E. Smalley,W2024923635|US-7670583,W2024923635,US-7670583
286,Richard E. Smalley,Richard E. Smalley,https://openalex.org/A5015746014,R. E. Smalley,W2150798273|US-7670583,W2150798273,US-7670583
286,Richard E. Smalley,Richard E. Smalley,https://openalex.org/A5015746014,R. E. Smalley,W2034653409|US-7670583,W2034653409,US-7670583
286,Richard E. Smalley,Richard E. Smalley,https://openalex.org/A5015746014,R. E. Smalley,W2025702332|US-7670583,W2025702332,US-7670583
426,Bengt I. Samuelsson,Bengt I. Samuelsson,https://openalex.org/A5112759205,Bengt Samuelsson,W308018551|US-7671032,W308018551,US-7671032
987,Charles M. Rice,Charles M. Rice,https://openalex.org/A5019683467,Charles M. Rice,W2147126871|US-7674612,W2147126871,US-7674612
987,Charles M. Rice,Charles M. Rice,https://openalex.org/A5019683467,Charles M. Rice,W2285736372|US-7674612,W2285736372,US-7674612
795,Robert H. Grubbs,Robert H. Grubbs,https://openalex.org/A5078597191,Robert H. Grubbs,W1998481487|US-7683180,W1998481487,US-7683180
795,Robert H. Grubbs,Robert H. Grubbs,https://openalex.org/A5078597191,Robert H. Grubbs,W2000411331|US-7683180,W2000411331,US-7683180
795,Robert H. Grubbs,Robert H. Grubbs,https://openalex.org/A5078597191,Robert H. Grubbs,W1995647974|US-7683180,W1995647974,US-7683180
795,Robert H. Grubbs,Robert H. Grubbs,https://openalex.org/A5078597191,Robert H. Grubbs,W2009441924|US-7683180,W2009441924,US-7683180
1002,Benjamin List,Benjamin List,https://openalex.org/A5040055598,Benjamin List,W1790777667|US-7683191,W1790777667,US-7683191
1002,Benjamin List,Benjamin List,https://openalex.org/A5040055598,Benjamin List,W2952981454|US-7683191,W2952981454,US-7683191
831,Roger Y. Tsien,Roger Y. Tsien,https://openalex.org/A5109193097,Roger Y. Tsien,W2115734610|US-7687614,W2115734610,US-7687614
286,Richard E. Smalley,Richard E. Smalley,https://openalex.org/A5015746014,R. E. Smalley,W2042566820|US-7691359,W2042566820,US-7691359
963,Frances H. Arnold,Frances H. Arnold,https://openalex.org/A5043841592,Frances H. Arnold,W2133834597|US-7691616,W2133834597,US-7691616
198,Richard Kuhn,Richard Kuhn,https://openalex.org/A5069864999,Richard Kühn,W1954119403|US-7691627,W1954119403,US-7691627
803,Craig C. Mello,Craig C. Mello,https://openalex.org/A5029315886,Craig C. Mello,W2141573080|US-7691995,W2141573080,US-7691995
449,Phillip A. Sharp,Phillip A. Sharp,https://openalex.org/A5022945869,Phillip A. Sharp,W2108330459|US-7696179,W2108330459,US-7696179
823,Harald zur Hausen,Harald zur Hausen,https://openalex.org/A5076220155,Harald zur Hausen,W2110324093|US-7700114,W2110324093,US-7700114
416,Hamilton O. Smith,Hamilton O. Smith,https://openalex.org/A5076771387,Hamilton O. Smith,W2127335580|US-7700119,W2127335580,US-7700119
259,Aaron Klug,Aaron Klug,https://openalex.org/A5106084352,Aaron Klug,W2128328355|US-7700523,W2128328355,US-7700523
908,Shuji Nakamura,Shuji Nakamura,https://openalex.org/A5030709847,Shuji Nakamura,W2054386325|US-7704331,W2054386325,US-7704331
908,Shuji Nakamura,Shuji Nakamura,https://openalex.org/A5030709847,Shuji Nakamura,W4252600510|US-7704331,W4252600510,US-7704331
908,Shuji Nakamura,Shuji Nakamura,https://openalex.org/A5030709847,Shuji Nakamura,W2150758476|US-7704331,W2150758476,US-7704331
908,Shuji Nakamura,Shuji Nakamura,https://openalex.org/A5030709847,Shuji Nakamura,W2056386950|US-7704331,W2056386950,US-7704331
908,Shuji Nakamura,Shuji Nakamura,https://openalex.org/A5030709847,Shuji Nakamura,W2046244387|US-7704331,W2046244387,US-7704331
280,George A. Olah,George A. Olah,https://openalex.org/A5071446330,George A. Olah,W2950599912|US-7704369,W2950599912,US-7704369
280,George A. Olah,George A. Olah,https://openalex.org/A5071446330,George A. Olah,W2313145660|US-7704369,W2313145660,US-7704369
958,James P. Allison,James P. Allison,https://openalex.org/A5047117233,James P. Allison,W2147442472|US-7704701,W2147442472,US-7704701
963,Frances H. Arnold,Frances H. Arnold,https://openalex.org/A5043841592,Frances H. Arnold,W2157004734|US-7704715,W2157004734,US-7704715
963,Frances H. Arnold,Frances H. Arnold,https://openalex.org/A5043841592,Frances H. Arnold,W2097634931|US-7704715,W2097634931,US-7704715
908,Shuji Nakamura,Shuji Nakamura,https://openalex.org/A5030709847,Shuji Nakamura,W1965888916|US-7704763,W1965888916,US-7704763
908,Shuji Nakamura,Shuji Nakamura,https://openalex.org/A5030709847,Shuji Nakamura,W1979300756|US-7704763,W1979300756,US-7704763
280,George A. Olah,George A. Olah,https://openalex.org/A5071446330,George A. Olah,W2313145660|US-7705059,W2313145660,US-7705059
986,Michael Houghton,Michael Houghton,https://openalex.org/A5090612228,Michael Houghton,W2163692778|US-7709006,W2163692778,US-7709006
959,Tasuku Honjo,Tasuku Honjo,https://openalex.org/A5019039647,Tasuku Honjo,W2107752337|US-7709214,W2107752337,US-7709214
971,Sir Peter J. Ratcliffe,Sir Peter J. Ratcliffe,https://openalex.org/A5064727417,Peter J. Ratcliffe,W1749022239|US-7709600,W1749022239,US-7709600
971,Sir Peter J. Ratcliffe,Sir Peter J. Ratcliffe,https://openalex.org/A5064727417,Peter J. Ratcliffe,W2086812941|US-7709600,W2086812941,US-7709600
971,Sir Peter J. Ratcliffe,Sir Peter J. Ratcliffe,https://openalex.org/A5064727417,Peter J. Ratcliffe,W1583254882|US-7709600,W1583254882,US-7709600
971,Sir Peter J. Ratcliffe,Sir Peter J. Ratcliffe,https://openalex.org/A5064727417,Peter J. Ratcliffe,W2144625075|US-7709600,W2144625075,US-7709600
971,Sir Peter J. Ratcliffe,Sir Peter J. Ratcliffe,https://openalex.org/A5064727417,Peter J. Ratcliffe,W258081432|US-7709600,W258081432,US-7709600
971,Sir Peter J. Ratcliffe,Sir Peter J. Ratcliffe,https://openalex.org/A5064727417,Peter J. Ratcliffe,W1844723954|US-7709600,W1844723954,US-7709600
971,Sir Peter J. Ratcliffe,Sir Peter J. Ratcliffe,https://openalex.org/A5064727417,Peter J. Ratcliffe,W2034822725|US-7709600,W2034822725,US-7709600
971,Sir Peter J. Ratcliffe,Sir Peter J. Ratcliffe,https://openalex.org/A5064727417,Peter J. Ratcliffe,W2017686473|US-7709600,W2017686473,US-7709600
416,Hamilton O. Smith,Hamilton O. Smith,https://openalex.org/A5076771387,Hamilton O. Smith,W2127335580|US-7714121,W2127335580,US-7714121
908,Shuji Nakamura,Shuji Nakamura,https://openalex.org/A5030709847,Shuji Nakamura,W2069380506|US-7719020,W2069380506,US-7719020
198,Richard Kuhn,Richard Kuhn,https://openalex.org/A5069864999,Richard Kühn,W2137755244|US-7722885,W2137755244,US-7722885
416,Hamilton O. Smith,Hamilton O. Smith,https://openalex.org/A5076771387,Hamilton O. Smith,W1971439989|US-7723077,W1971439989,US-7723077
908,Shuji Nakamura,Shuji Nakamura,https://openalex.org/A5030709847,Shuji Nakamura,W1995209896|US-7723746,W1995209896,US-7723746
286,Richard E. Smalley,Richard E. Smalley,https://openalex.org/A5015746014,R. E. Smalley,W2006114880|US-7727504,W2006114880,US-7727504
286,Richard E. Smalley,Richard E. Smalley,https://openalex.org/A5015746014,R. E. Smalley,W2169182148|US-7727504,W2169182148,US-7727504
286,Richard E. Smalley,Richard E. Smalley,https://openalex.org/A5015746014,R. E. Smalley,W2030011472|US-7727504,W2030011472,US-7727504
286,Richard E. Smalley,Richard E. Smalley,https://openalex.org/A5015746014,R. E. Smalley,W2036402370|US-7727504,W2036402370,US-7727504
286,Richard E. Smalley,Richard E. Smalley,https://openalex.org/A5015746014,R. E. Smalley,W2131541614|US-7727504,W2131541614,US-7727504
286,Richard E. Smalley,Richard E. Smalley,https://openalex.org/A5015746014,R. E. Smalley,W2155492691|US-7727504,W2155492691,US-7727504
995,Paul R. Milgrom,Paul R. Milgrom,https://openalex.org/A5054280613,Paul Milgrom,W3145395265|US-7729975,W3145395265,US-7729975
406,David Baltimore,David Baltimore,https://openalex.org/A5042763205,David Baltimore,W2135135539|US-7732193,W2135135539,US-7732193
406,David Baltimore,David Baltimore,https://openalex.org/A5042763205,David Baltimore,W2135135539|US-7732207,W2135135539,US-7732207
836,Carol W. Greider,Carol W. Greider,https://openalex.org/A5041730448,Carol W. Greider,W2026856852|US-7732402,W2026856852,US-7732402
284,Robert F. Curl Jr.,Robert F. Curl Jr.,https://openalex.org/A5050630131,R. F. Curl,W795950153|US-7733924,W795950153,US-7733924
406,David Baltimore,David Baltimore,https://openalex.org/A5042763205,David Baltimore,W2135135539|US-7737124,W2135135539,US-7737124
268,Jean-Marie Lehn,Jean-Marie Lehn,https://openalex.org/A5059296399,Jean‐Maríe Lehn,W1984397954|US-7745423,W1984397954,US-7745423
729,Alan J. Heeger,Alan Heeger,https://openalex.org/A5087631107,Alan J. Heeger,W2111473495|US-7745520,W2111473495,US-7745520
959,Tasuku Honjo,Tasuku Honjo,https://openalex.org/A5019039647,Tasuku Honjo,W2101191922|US-7749758,W2101191922,US-7749758
274,Thomas R. Cech,Thomas R. Cech,https://openalex.org/A5017573996,Thomas R. Cech,W2079378073|US-7750121,W2079378073,US-7750121
803,Craig C. Mello,Craig C. Mello,https://openalex.org/A5029315886,Craig C. Mello,W4241434797|US-7750144,W4241434797,US-7750144
795,Robert H. Grubbs,Robert H. Grubbs,https://openalex.org/A5078597191,Robert H. Grubbs,W1999748098|US-7750172,W1999748098,US-7750172
259,Aaron Klug,Aaron Klug,https://openalex.org/A5106084352,Aaron Klug,W2113689543|US-7759059,W2113689543,US-7759059
259,Aaron Klug,Aaron Klug,https://openalex.org/A5106084352,Aaron Klug,W2128328355|US-7759059,W2128328355,US-7759059
259,Aaron Klug,Aaron Klug,https://openalex.org/A5106084352,Aaron Klug,W2041537542|US-7759059,W2041537542,US-7759059
259,Aaron Klug,Aaron Klug,https://openalex.org/A5106084352,Aaron Klug,W2070528577|US-7759059,W2070528577,US-7759059
803,Craig C. Mello,Craig C. Mello,https://openalex.org/A5029315886,Craig C. Mello,W2095461860|US-7759463,W2095461860,US-7759463
802,Andrew Z. Fire,Andrew Z. Fire,https://openalex.org/A5057231025,Andrew Fire,W2095461860|US-7759463,W2095461860,US-7759463
802,Andrew Z. Fire,Andrew Z. Fire,https://openalex.org/A5057231025,Andrew Fire,W2158627784|US-7759463,W2158627784,US-7759463
803,Craig C. Mello,Craig C. Mello,https://openalex.org/A5029315886,Craig C. Mello,W2158627784|US-7759463,W2158627784,US-7759463
803,Craig C. Mello,Craig C. Mello,https://openalex.org/A5029315886,Craig C. Mello,W2141573080|US-7759463,W2141573080,US-7759463
803,Craig C. Mello,Craig C. Mello,https://openalex.org/A5029315886,Craig C. Mello,W2009866838|US-7759463,W2009866838,US-7759463
757,Koichi Tanaka,Koichi Tanaka,https://openalex.org/A5009335876,Kōichi Tanaka,W1982981272|US-7763249,W1982981272,US-7763249
878,Robert J. Lefkowitz,Robert J. Lefkowitz,https://openalex.org/A5080672788,Robert J. Lefkowitz,W2131863923|US-7763437,W2131863923,US-7763437
743,K. Barry Sharpless,K. Barry Sharpless,https://openalex.org/A5077401880,K. Barry Sharpless,W2162586071|US-7763736,W2162586071,US-7763736
412,Andrew V. Schally,Andrew V. Schally,https://openalex.org/A5068739269,Andrew V. Schally,W1550628230|US-7767648,W1550628230,US-7767648
825,Luc Montagnier,Luc Montagnier,https://openalex.org/A5016871448,Luc Montagnier,W2053667638|US-7767800,W2053667638,US-7767800
824,Françoise Barré-Sinoussi,Françoise Barré-Sinoussi,https://openalex.org/A5107827488,Françoise Barré‐Sinoussi,W2035553258|US-7767800,W2035553258,US-7767800
825,Luc Montagnier,Luc Montagnier,https://openalex.org/A5016871448,Luc Montagnier,W2035553258|US-7767800,W2035553258,US-7767800
825,Luc Montagnier,Luc Montagnier,https://openalex.org/A5016871448,Luc Montagnier,W2466933921|US-7767800,W2466933921,US-7767800
908,Shuji Nakamura,Shuji Nakamura,https://openalex.org/A5030709847,Shuji Nakamura,W2061944834|US-7769066,W2061944834,US-7769066
416,Hamilton O. Smith,Hamilton O. Smith,https://openalex.org/A5076771387,Hamilton O. Smith,W1971439989|US-7776532,W1971439989,US-7776532
409,Baruch S. Blumberg,Baruch S. Blumberg,https://openalex.org/A5030590633,Baruch S. Blumberg,W2099046152|US-7776550,W2099046152,US-7776550
286,Richard E. Smalley,Richard E. Smalley,https://openalex.org/A5015746014,R. E. Smalley,W2094657135|US-7780939,W2094657135,US-7780939
879,Brian K. Kobilka,Brian Kobilka,https://openalex.org/A5079682203,Brian K. Kobilka,W2104477830|US-7790850,W2104477830,US-7790850
879,Brian K. Kobilka,Brian Kobilka,https://openalex.org/A5079682203,Brian K. Kobilka,W1988097700|US-7790850,W1988097700,US-7790850
879,Brian K. Kobilka,Brian Kobilka,https://openalex.org/A5079682203,Brian K. Kobilka,W1825353903|US-7790850,W1825353903,US-7790850
879,Brian K. Kobilka,Brian Kobilka,https://openalex.org/A5079682203,Brian K. Kobilka,W2006998486|US-7790850,W2006998486,US-7790850
987,Charles M. Rice,Charles M. Rice,https://openalex.org/A5019683467,Charles M. Rice,W2078887917|US-7794942,W2078887917,US-7794942
987,Charles M. Rice,Charles M. Rice,https://openalex.org/A5019683467,Charles M. Rice,W2150368001|US-7794942,W2150368001,US-7794942
987,Charles M. Rice,Charles M. Rice,https://openalex.org/A5019683467,Charles M. Rice,W2045562270|US-7794942,W2045562270,US-7794942
917,Satoshi Ōmura,Satoshi Ōmura,https://openalex.org/A5045164227,Satoshi Ōmura,W2949550536|US-7794991,W2949550536,US-7794991
917,Satoshi Ōmura,Satoshi Ōmura,https://openalex.org/A5045164227,Satoshi Ōmura,W2953150328|US-7794991,W2953150328,US-7794991
280,George A. Olah,George A. Olah,https://openalex.org/A5071446330,George A. Olah,W2171674049|US-7795175,W2171674049,US-7795175
280,George A. Olah,George A. Olah,https://openalex.org/A5071446330,George A. Olah,W2313025981|US-7795175,W2313025981,US-7795175
795,Robert H. Grubbs,Robert H. Grubbs,https://openalex.org/A5078597191,Robert H. Grubbs,W1532073688|US-7798644,W1532073688,US-7798644
1055,Omar M. Yaghi,Omar M. Yaghi,https://openalex.org/A5044268160,Omar M. Yaghi,W4239958190|US-7799120,W4239958190,US-7799120
1055,Omar M. Yaghi,Omar M. Yaghi,https://openalex.org/A5044268160,Omar M. Yaghi,W4229914251|US-7799120,W4229914251,US-7799120
1047,Mary E. Brunkow,Mary E. Brunkow,https://openalex.org/A5072638080,Mary E. Brunkow,W2097976832|US-7799523,W2097976832,US-7799523
1015,Carolyn R. Bertozzi,Carolyn Bertozzi,https://openalex.org/A5088409133,Carolyn R. Bertozzi,W2009304941|US-7807619,W2009304941,US-7807619
1015,Carolyn R. Bertozzi,Carolyn Bertozzi,https://openalex.org/A5088409133,Carolyn R. Bertozzi,W1968222033|US-7807619,W1968222033,US-7807619
987,Charles M. Rice,Charles M. Rice,https://openalex.org/A5019683467,Charles M. Rice,W2132214245|US-7811579,W2132214245,US-7811579
1029,Moungi G. Bawendi,Moungi Bawendi,https://openalex.org/A5108389294,Moungi G. Bawendi,W2078891275|US-7813160,W2078891275,US-7813160
908,Shuji Nakamura,Shuji Nakamura,https://openalex.org/A5030709847,Shuji Nakamura,W2018200307|US-7813400,W2018200307,US-7813400
908,Shuji Nakamura,Shuji Nakamura,https://openalex.org/A5030709847,Shuji Nakamura,W2122577395|US-7813400,W2122577395,US-7813400
908,Shuji Nakamura,Shuji Nakamura,https://openalex.org/A5030709847,Shuji Nakamura,W2055263580|US-7825006,W2055263580,US-7825006
398,Gerald M. Edelman,Gerald M. Edelman,https://openalex.org/A5111917213,Gerald M. Edelman,W2117006284|US-7827124,W2117006284,US-7827124
729,Alan J. Heeger,Alan Heeger,https://openalex.org/A5087631107,Alan J. Heeger,W2084571425|US-7830085,W2084571425,US-7830085
729,Alan J. Heeger,Alan Heeger,https://openalex.org/A5087631107,Alan J. Heeger,W2022726821|US-7830085,W2022726821,US-7830085
729,Alan J. Heeger,Alan Heeger,https://openalex.org/A5087631107,Alan J. Heeger,W2998754863|US-7830085,W2998754863,US-7830085
729,Alan J. Heeger,Alan Heeger,https://openalex.org/A5087631107,Alan J. Heeger,W2005240816|US-7830085,W2005240816,US-7830085
729,Alan J. Heeger,Alan Heeger,https://openalex.org/A5087631107,Alan J. Heeger,W1991309494|US-7830085,W1991309494,US-7830085
997,David Julius,David Julius,https://openalex.org/A5014886042,David Julius,W1995330222|US-7834150,W1995330222,US-7834150
795,Robert H. Grubbs,Robert H. Grubbs,https://openalex.org/A5078597191,Robert H. Grubbs,W1532073688|US-7837326,W1532073688,US-7837326
863,Ralph M. Steinman,Ralph M. Steinman,https://openalex.org/A5113434905,Ralph M. Steinman,W2292421231|US-7837990,W2292421231,US-7837990
863,Ralph M. Steinman,Ralph M. Steinman,https://openalex.org/A5113434905,Ralph M. Steinman,W2128808174|US-7837990,W2128808174,US-7837990
986,Michael Houghton,Michael Houghton,https://openalex.org/A5090612228,Michael Houghton,W1921694076|US-7837996,W1921694076,US-7837996
997,David Julius,David Julius,https://openalex.org/A5014886042,David Julius,W1995330222|US-7838253,W1995330222,US-7838253
1015,Carolyn R. Bertozzi,Carolyn Bertozzi,https://openalex.org/A5088409133,Carolyn R. Bertozzi,W2006192357|US-7838665,W2006192357,US-7838665
1015,Carolyn R. Bertozzi,Carolyn Bertozzi,https://openalex.org/A5088409133,Carolyn R. Bertozzi,W1981659539|US-7838665,W1981659539,US-7838665
908,Shuji Nakamura,Shuji Nakamura,https://openalex.org/A5030709847,Shuji Nakamura,W2070047651|US-7842527,W2070047651,US-7842527
908,Shuji Nakamura,Shuji Nakamura,https://openalex.org/A5030709847,Shuji Nakamura,W2059785697|US-7842527,W2059785697,US-7842527
908,Shuji Nakamura,Shuji Nakamura,https://openalex.org/A5030709847,Shuji Nakamura,W2018767194|US-7842527,W2018767194,US-7842527
398,Gerald M. Edelman,Gerald M. Edelman,https://openalex.org/A5111917213,Gerald M. Edelman,W1532019045|US-7844556,W1532019045,US-7844556
398,Gerald M. Edelman,Gerald M. Edelman,https://openalex.org/A5111917213,Gerald M. Edelman,W1981642026|US-7844556,W1981642026,US-7844556
398,Gerald M. Edelman,Gerald M. Edelman,https://openalex.org/A5111917213,Gerald M. Edelman,W2073923969|US-7844556,W2073923969,US-7844556
280,George A. Olah,George A. Olah,https://openalex.org/A5071446330,George A. Olah,W2313145660|US-7846978,W2313145660,US-7846978
908,Shuji Nakamura,Shuji Nakamura,https://openalex.org/A5030709847,Shuji Nakamura,W2002577423|US-7847280,W2002577423,US-7847280
908,Shuji Nakamura,Shuji Nakamura,https://openalex.org/A5030709847,Shuji Nakamura,W2169593299|US-7847293,W2169593299,US-7847293
908,Shuji Nakamura,Shuji Nakamura,https://openalex.org/A5030709847,Shuji Nakamura,W4252600510|US-7847293,W4252600510,US-7847293
908,Shuji Nakamura,Shuji Nakamura,https://openalex.org/A5030709847,Shuji Nakamura,W1532723276|US-7847293,W1532723276,US-7847293
908,Shuji Nakamura,Shuji Nakamura,https://openalex.org/A5030709847,Shuji Nakamura,W2046244387|US-7847293,W2046244387,US-7847293
908,Shuji Nakamura,Shuji Nakamura,https://openalex.org/A5030709847,Shuji Nakamura,W2168623020|US-7847293,W2168623020,US-7847293
908,Shuji Nakamura,Shuji Nakamura,https://openalex.org/A5030709847,Shuji Nakamura,W2056386950|US-7847293,W2056386950,US-7847293
908,Shuji Nakamura,Shuji Nakamura,https://openalex.org/A5030709847,Shuji Nakamura,W1976933979|US-7847293,W1976933979,US-7847293
908,Shuji Nakamura,Shuji Nakamura,https://openalex.org/A5030709847,Shuji Nakamura,W2054386325|US-7847293,W2054386325,US-7847293
908,Shuji Nakamura,Shuji Nakamura,https://openalex.org/A5030709847,Shuji Nakamura,W2016705713|US-7847293,W2016705713,US-7847293
908,Shuji Nakamura,Shuji Nakamura,https://openalex.org/A5030709847,Shuji Nakamura,W2140581942|US-7847293,W2140581942,US-7847293
259,Aaron Klug,Aaron Klug,https://openalex.org/A5106084352,Aaron Klug,W2052162860|US-7851216,W2052162860,US-7851216
259,Aaron Klug,Aaron Klug,https://openalex.org/A5106084352,Aaron Klug,W2041537542|US-7851216,W2041537542,US-7851216
986,Michael Houghton,Michael Houghton,https://openalex.org/A5090612228,Michael Houghton,W2163692778|US-7855052,W2163692778,US-7855052
907,Hiroshi Amano,Hiroshi Amano,https://openalex.org/A5048399593,Hiroshi Amano,W2071693448|US-7855385,W2071693448,US-7855385
906,Isamu Akasaki,Isamu Akasaki,https://openalex.org/A5081597179,Isamu Akasaki,W2071693448|US-7855385,W2071693448,US-7855385
907,Hiroshi Amano,Hiroshi Amano,https://openalex.org/A5048399593,Hiroshi Amano,W2085664809|US-7855385,W2085664809,US-7855385
906,Isamu Akasaki,Isamu Akasaki,https://openalex.org/A5081597179,Isamu Akasaki,W2085664809|US-7855385,W2085664809,US-7855385
917,Satoshi Ōmura,Satoshi Ōmura,https://openalex.org/A5045164227,Satoshi Ōmura,W1989512056|US-7858333,W1989512056,US-7858333
1029,Moungi G. Bawendi,Moungi Bawendi,https://openalex.org/A5108389294,Moungi G. Bawendi,W2058621506|US-7862892,W2058621506,US-7862892
758,Kurt Wüthrich,Kurt Wüthrich,https://openalex.org/A5000254356,Kurt Wüthrich,W2025445118|US-7863006,W2025445118,US-7863006
963,Frances H. Arnold,Frances H. Arnold,https://openalex.org/A5043841592,Frances H. Arnold,W2144572696|US-7863030,W2144572696,US-7863030
963,Frances H. Arnold,Frances H. Arnold,https://openalex.org/A5043841592,Frances H. Arnold,W2063112093|US-7863030,W2063112093,US-7863030
963,Frances H. Arnold,Frances H. Arnold,https://openalex.org/A5043841592,Frances H. Arnold,W2083112939|US-7863030,W2083112939,US-7863030
963,Frances H. Arnold,Frances H. Arnold,https://openalex.org/A5043841592,Frances H. Arnold,W2118802018|US-7863030,W2118802018,US-7863030
963,Frances H. Arnold,Frances H. Arnold,https://openalex.org/A5043841592,Frances H. Arnold,W2133834597|US-7863030,W2133834597,US-7863030
963,Frances H. Arnold,Frances H. Arnold,https://openalex.org/A5043841592,Frances H. Arnold,W2117206005|US-7863030,W2117206005,US-7863030
910,Stefan W. Hell,Stefan W. Hell,https://openalex.org/A5088219208,Stefan W. Hell,W2091898366|US-7863585,W2091898366,US-7863585
910,Stefan W. Hell,Stefan W. Hell,https://openalex.org/A5088219208,Stefan W. Hell,W1965487513|US-7863585,W1965487513,US-7863585
910,Stefan W. Hell,Stefan W. Hell,https://openalex.org/A5088219208,Stefan W. Hell,W2152298085|US-7863585,W2152298085,US-7863585
907,Hiroshi Amano,Hiroshi Amano,https://openalex.org/A5048399593,Hiroshi Amano,W2121395191|US-7867800,W2121395191,US-7867800
906,Isamu Akasaki,Isamu Akasaki,https://openalex.org/A5081597179,Isamu Akasaki,W2121395191|US-7867800,W2121395191,US-7867800
1015,Carolyn R. Bertozzi,Carolyn Bertozzi,https://openalex.org/A5088409133,Carolyn R. Bertozzi,W2098119218|US-7868152,W2098119218,US-7868152
908,Shuji Nakamura,Shuji Nakamura,https://openalex.org/A5030709847,Shuji Nakamura,W2082298130|US-7868341,W2082298130,US-7868341
1055,Omar M. Yaghi,Omar M. Yaghi,https://openalex.org/A5044268160,Omar M. Yaghi,W1654130197|US-7879221,W1654130197,US-7879221
836,Carol W. Greider,Carol W. Greider,https://openalex.org/A5041730448,Carol W. Greider,W2026856852|US-7879609,W2026856852,US-7879609
274,Thomas R. Cech,Thomas R. Cech,https://openalex.org/A5017573996,Thomas R. Cech,W2079378073|US-7879609,W2079378073,US-7879609
286,Richard E. Smalley,Richard E. Smalley,https://openalex.org/A5015746014,R. E. Smalley,W2039953952|US-7887774,W2039953952,US-7887774
286,Richard E. Smalley,Richard E. Smalley,https://openalex.org/A5015746014,R. E. Smalley,W2042566820|US-7892517,W2042566820,US-7892517
803,Craig C. Mello,Craig C. Mello,https://openalex.org/A5029315886,Craig C. Mello,W2141573080|US-7893036,W2141573080,US-7893036
987,Charles M. Rice,Charles M. Rice,https://openalex.org/A5019683467,Charles M. Rice,W2012808888|US-7894996,W2012808888,US-7894996
987,Charles M. Rice,Charles M. Rice,https://openalex.org/A5019683467,Charles M. Rice,W2033125798|US-7894996,W2033125798,US-7894996
831,Roger Y. Tsien,Roger Y. Tsien,https://openalex.org/A5109193097,Roger Y. Tsien,W1596797500|US-7897385,W1596797500,US-7897385
910,Stefan W. Hell,Stefan W. Hell,https://openalex.org/A5088219208,Stefan W. Hell,W1995431699|US-7897937,W1995431699,US-7897937
280,George A. Olah,George A. Olah,https://openalex.org/A5071446330,George A. Olah,W2313145660|US-7906559,W2313145660,US-7906559
280,George A. Olah,George A. Olah,https://openalex.org/A5071446330,George A. Olah,W581878400|US-7906559,W581878400,US-7906559
280,George A. Olah,George A. Olah,https://openalex.org/A5071446330,George A. Olah,W2113086422|US-7906559,W2113086422,US-7906559
280,George A. Olah,George A. Olah,https://openalex.org/A5071446330,George A. Olah,W2950069845|US-7906559,W2950069845,US-7906559
280,George A. Olah,George A. Olah,https://openalex.org/A5071446330,George A. Olah,W2051796629|US-7906559,W2051796629,US-7906559
280,George A. Olah,George A. Olah,https://openalex.org/A5071446330,George A. Olah,W2950599912|US-7906559,W2950599912,US-7906559
280,George A. Olah,George A. Olah,https://openalex.org/A5071446330,George A. Olah,W1970065659|US-7906559,W1970065659,US-7906559
831,Roger Y. Tsien,Roger Y. Tsien,https://openalex.org/A5109193097,Roger Y. Tsien,W2115734610|US-7906636,W2115734610,US-7906636
723,Paul Greengard,Paul Greengard,https://openalex.org/A5052825834,Paul Greengard,W2140822113|US-7910586,W2140822113,US-7910586
1055,Omar M. Yaghi,Omar M. Yaghi,https://openalex.org/A5044268160,Omar M. Yaghi,W1654130197|US-7910732,W1654130197,US-7910732
879,Brian K. Kobilka,Brian Kobilka,https://openalex.org/A5079682203,Brian K. Kobilka,W2168833646|US-7912654,W2168833646,US-7912654
879,Brian K. Kobilka,Brian Kobilka,https://openalex.org/A5079682203,Brian K. Kobilka,W1825353903|US-7912654,W1825353903,US-7912654
879,Brian K. Kobilka,Brian Kobilka,https://openalex.org/A5079682203,Brian K. Kobilka,W133816924|US-7912654,W133816924,US-7912654
292,Ahmed H. Zewail,Ahmed Zewail,https://openalex.org/A5077807260,Ahmed H. Zewail,W2025906452|US-7915583,W2025906452,US-7915583
292,Ahmed H. Zewail,Ahmed Zewail,https://openalex.org/A5077807260,Ahmed H. Zewail,W2031795478|US-7915583,W2031795478,US-7915583
292,Ahmed H. Zewail,Ahmed Zewail,https://openalex.org/A5077807260,Ahmed H. Zewail,W1992145745|US-7915583,W1992145745,US-7915583
292,Ahmed H. Zewail,Ahmed Zewail,https://openalex.org/A5077807260,Ahmed H. Zewail,W2133351535|US-7915583,W2133351535,US-7915583
406,David Baltimore,David Baltimore,https://openalex.org/A5042763205,David Baltimore,W2135135539|US-7919309,W2135135539,US-7919309
268,Jean-Marie Lehn,Jean-Marie Lehn,https://openalex.org/A5059296399,Jean‐Maríe Lehn,W1984397954|US-7919481,W1984397954,US-7919481
863,Ralph M. Steinman,Ralph M. Steinman,https://openalex.org/A5113434905,Ralph M. Steinman,W2146086412|US-7923247,W2146086412,US-7923247
863,Ralph M. Steinman,Ralph M. Steinman,https://openalex.org/A5113434905,Ralph M. Steinman,W2166876123|US-7923247,W2166876123,US-7923247
863,Ralph M. Steinman,Ralph M. Steinman,https://openalex.org/A5113434905,Ralph M. Steinman,W2062569980|US-7923247,W2062569980,US-7923247
863,Ralph M. Steinman,Ralph M. Steinman,https://openalex.org/A5113434905,Ralph M. Steinman,W2059787743|US-7923247,W2059787743,US-7923247
1015,Carolyn R. Bertozzi,Carolyn Bertozzi,https://openalex.org/A5088409133,Carolyn R. Bertozzi,W2006192357|US-7923582,W2006192357,US-7923582
1015,Carolyn R. Bertozzi,Carolyn Bertozzi,https://openalex.org/A5088409133,Carolyn R. Bertozzi,W1981659539|US-7923582,W1981659539,US-7923582
987,Charles M. Rice,Charles M. Rice,https://openalex.org/A5019683467,Charles M. Rice,W2086564022|US-7928193,W2086564022,US-7928193
1014,Anton Zeilinger,Anton Zeilinger,https://openalex.org/A5001105113,Anton Zeilinger,W2508902623|US-7929700,W2508902623,US-7929700
1055,Omar M. Yaghi,Omar M. Yaghi,https://openalex.org/A5044268160,Omar M. Yaghi,W2123040787|US-7931960,W2123040787,US-7931960
796,Richard R. Schrock,Richard R. Schrock,https://openalex.org/A5079660000,Richard R. Schrock,W2085559683|US-7932397,W2085559683,US-7932397
796,Richard R. Schrock,Richard R. Schrock,https://openalex.org/A5079660000,Richard R. Schrock,W2056230987|US-7932397,W2056230987,US-7932397
796,Richard R. Schrock,Richard R. Schrock,https://openalex.org/A5079660000,Richard R. Schrock,W2047560320|US-7932397,W2047560320,US-7932397
796,Richard R. Schrock,Richard R. Schrock,https://openalex.org/A5079660000,Richard R. Schrock,W2051166993|US-7932397,W2051166993,US-7932397
796,Richard R. Schrock,Richard R. Schrock,https://openalex.org/A5079660000,Richard R. Schrock,W2079517466|US-7932397,W2079517466,US-7932397
436,Susumu Tonegawa,Susumu Tonegawa,https://openalex.org/A5038557565,Susumu Tonegawa,W2147028713|US-7935500,W2147028713,US-7935500
436,Susumu Tonegawa,Susumu Tonegawa,https://openalex.org/A5038557565,Susumu Tonegawa,W1963956528|US-7935500,W1963956528,US-7935500
737,Sir Paul M. Nurse,Sir Paul Nurse,https://openalex.org/A5019124036,Paul Nurse,W1644986253|US-7935789,W1644986253,US-7935789
729,Alan J. Heeger,Alan Heeger,https://openalex.org/A5087631107,Alan J. Heeger,W1967473238|US-7935961,W1967473238,US-7935961
406,David Baltimore,David Baltimore,https://openalex.org/A5042763205,David Baltimore,W2141586147|US-7939059,W2141586147,US-7939059
286,Richard E. Smalley,Richard E. Smalley,https://openalex.org/A5015746014,R. E. Smalley,W2034695429|US-7939136,W2034695429,US-7939136
286,Richard E. Smalley,Richard E. Smalley,https://openalex.org/A5015746014,R. E. Smalley,W4237347820|US-7939136,W4237347820,US-7939136
1015,Carolyn R. Bertozzi,Carolyn Bertozzi,https://openalex.org/A5088409133,Carolyn R. Bertozzi,W2006192357|US-7939626,W2006192357,US-7939626
1015,Carolyn R. Bertozzi,Carolyn Bertozzi,https://openalex.org/A5088409133,Carolyn R. Bertozzi,W1981659539|US-7939626,W1981659539,US-7939626
831,Roger Y. Tsien,Roger Y. Tsien,https://openalex.org/A5109193097,Roger Y. Tsien,W2019108544|US-7955844,W2019108544,US-7955844
908,Shuji Nakamura,Shuji Nakamura,https://openalex.org/A5030709847,Shuji Nakamura,W2150758476|US-7956360,W2150758476,US-7956360
908,Shuji Nakamura,Shuji Nakamura,https://openalex.org/A5030709847,Shuji Nakamura,W1977910099|US-7956360,W1977910099,US-7956360
908,Shuji Nakamura,Shuji Nakamura,https://openalex.org/A5030709847,Shuji Nakamura,W2056386950|US-7956360,W2056386950,US-7956360
908,Shuji Nakamura,Shuji Nakamura,https://openalex.org/A5030709847,Shuji Nakamura,W2054386325|US-7956360,W2054386325,US-7956360
908,Shuji Nakamura,Shuji Nakamura,https://openalex.org/A5030709847,Shuji Nakamura,W2041593896|US-7956360,W2041593896,US-7956360
908,Shuji Nakamura,Shuji Nakamura,https://openalex.org/A5030709847,Shuji Nakamura,W1981942373|US-7956360,W1981942373,US-7956360
908,Shuji Nakamura,Shuji Nakamura,https://openalex.org/A5030709847,Shuji Nakamura,W2046244387|US-7956360,W2046244387,US-7956360
908,Shuji Nakamura,Shuji Nakamura,https://openalex.org/A5030709847,Shuji Nakamura,W4252600510|US-7956360,W4252600510,US-7956360
908,Shuji Nakamura,Shuji Nakamura,https://openalex.org/A5030709847,Shuji Nakamura,W1532723276|US-7956360,W1532723276,US-7956360
908,Shuji Nakamura,Shuji Nakamura,https://openalex.org/A5030709847,Shuji Nakamura,W2058637668|US-7956360,W2058637668,US-7956360
908,Shuji Nakamura,Shuji Nakamura,https://openalex.org/A5030709847,Shuji Nakamura,W2140581942|US-7956360,W2140581942,US-7956360
908,Shuji Nakamura,Shuji Nakamura,https://openalex.org/A5030709847,Shuji Nakamura,W1986152932|US-7956360,W1986152932,US-7956360
908,Shuji Nakamura,Shuji Nakamura,https://openalex.org/A5030709847,Shuji Nakamura,W1976933979|US-7956360,W1976933979,US-7956360
908,Shuji Nakamura,Shuji Nakamura,https://openalex.org/A5030709847,Shuji Nakamura,W2168623020|US-7956360,W2168623020,US-7956360
908,Shuji Nakamura,Shuji Nakamura,https://openalex.org/A5030709847,Shuji Nakamura,W2002495367|US-7956360,W2002495367,US-7956360
908,Shuji Nakamura,Shuji Nakamura,https://openalex.org/A5030709847,Shuji Nakamura,W1970146857|US-7956371,W1970146857,US-7956371
976,John B. Goodenough,John B. Goodenough,https://openalex.org/A5088016695,John B. Goodenough,W940656163|US-7960058,W940656163,US-7960058
909,Eric Betzig,Eric Betzig,https://openalex.org/A5048568518,Eric Betzig,W4241765618|US-7961764,W4241765618,US-7961764
909,Eric Betzig,Eric Betzig,https://openalex.org/A5048568518,Eric Betzig,W2010732138|US-7961764,W2010732138,US-7961764
976,John B. Goodenough,John B. Goodenough,https://openalex.org/A5088016695,John B. Goodenough,W940656163|US-7964308,W940656163,US-7964308
875,Shinya Yamanaka,Shinya Yamanaka,https://openalex.org/A5081862387,Shinya Yamanaka,W1994142477|US-7964401,W1994142477,US-7964401
128,Gerd Binnig,Gerd Binnig,https://openalex.org/A5071169826,G. Binnig,W2159692221|US-7965615,W2159692221,US-7965615
814,Albert Fert,Albert Fert,https://openalex.org/A5055262951,A. Fert,W1505810407|US-7969762,W1505810407,US-7969762
814,Albert Fert,Albert Fert,https://openalex.org/A5055262951,A. Fert,W2951530554|US-7969762,W2951530554,US-7969762
976,John B. Goodenough,John B. Goodenough,https://openalex.org/A5088016695,John B. Goodenough,W940656163|US-7972728,W940656163,US-7972728
908,Shuji Nakamura,Shuji Nakamura,https://openalex.org/A5030709847,Shuji Nakamura,W2027121711|US-7976630,W2027121711,US-7976630
986,Michael Houghton,Michael Houghton,https://openalex.org/A5090612228,Michael Houghton,W2163692778|US-7976849,W2163692778,US-7976849
752,John E. Sulston,John E. Sulston,https://openalex.org/A5018043809,John Sulston,W2158023121|US-7977047,W2158023121,US-7977047
908,Shuji Nakamura,Shuji Nakamura,https://openalex.org/A5030709847,Shuji Nakamura,W2055263580|US-7977694,W2055263580,US-7977694
908,Shuji Nakamura,Shuji Nakamura,https://openalex.org/A5030709847,Shuji Nakamura,W2000475730|US-7977694,W2000475730,US-7977694
908,Shuji Nakamura,Shuji Nakamura,https://openalex.org/A5030709847,Shuji Nakamura,W2046214546|US-7977694,W2046214546,US-7977694
1015,Carolyn R. Bertozzi,Carolyn Bertozzi,https://openalex.org/A5088409133,Carolyn R. Bertozzi,W1529099716|US-7981625,W1529099716,US-7981625
917,Satoshi Ōmura,Satoshi Ōmura,https://openalex.org/A5045164227,Satoshi Ōmura,W2949550536|US-7982057,W2949550536,US-7982057
917,Satoshi Ōmura,Satoshi Ōmura,https://openalex.org/A5045164227,Satoshi Ōmura,W2953150328|US-7982057,W2953150328,US-7982057
908,Shuji Nakamura,Shuji Nakamura,https://openalex.org/A5030709847,Shuji Nakamura,W2046244387|US-7982208,W2046244387,US-7982208
908,Shuji Nakamura,Shuji Nakamura,https://openalex.org/A5030709847,Shuji Nakamura,W2013148254|US-7982208,W2013148254,US-7982208
908,Shuji Nakamura,Shuji Nakamura,https://openalex.org/A5030709847,Shuji Nakamura,W2053586935|US-7982208,W2053586935,US-7982208
970,William G. Kaelin Jr,William G. Kaelin Jr,https://openalex.org/A5088456751,William G. Kaelin,W2021932335|US-7985563,W2021932335,US-7985563
970,William G. Kaelin Jr,William G. Kaelin Jr,https://openalex.org/A5088456751,William G. Kaelin,W2040031153|US-7985563,W2040031153,US-7985563
1015,Carolyn R. Bertozzi,Carolyn Bertozzi,https://openalex.org/A5088409133,Carolyn R. Bertozzi,W1983639577|US-7985783,W1983639577,US-7985783
1015,Carolyn R. Bertozzi,Carolyn Bertozzi,https://openalex.org/A5088409133,Carolyn R. Bertozzi,W1979108979|US-7985783,W1979108979,US-7985783
1015,Carolyn R. Bertozzi,Carolyn Bertozzi,https://openalex.org/A5088409133,Carolyn R. Bertozzi,W1979491356|US-7985783,W1979491356,US-7985783
416,Hamilton O. Smith,Hamilton O. Smith,https://openalex.org/A5076771387,Hamilton O. Smith,W2127335580|US-7988979,W2127335580,US-7988979
450,Alfred G. Gilman,Alfred G. Gilman,https://openalex.org/A5054552947,Alfred G. Gilman,W2022723700|US-7994294,W2022723700,US-7994294
908,Shuji Nakamura,Shuji Nakamura,https://openalex.org/A5030709847,Shuji Nakamura,W2010596367|US-7994527,W2010596367,US-7994527
908,Shuji Nakamura,Shuji Nakamura,https://openalex.org/A5030709847,Shuji Nakamura,W2069380506|US-7994527,W2069380506,US-7994527
908,Shuji Nakamura,Shuji Nakamura,https://openalex.org/A5030709847,Shuji Nakamura,W1977180494|US-7994527,W1977180494,US-7994527
908,Shuji Nakamura,Shuji Nakamura,https://openalex.org/A5030709847,Shuji Nakamura,W2003388612|US-7994527,W2003388612,US-7994527
908,Shuji Nakamura,Shuji Nakamura,https://openalex.org/A5030709847,Shuji Nakamura,W1967222853|US-7994527,W1967222853,US-7994527
878,Robert J. Lefkowitz,Robert J. Lefkowitz,https://openalex.org/A5080672788,Robert J. Lefkowitz,W2131863923|US-7999075,W2131863923,US-7999075
433,Joseph L. Goldstein,Joseph L. Goldstein,https://openalex.org/A5058164552,Joseph L. Goldstein,W2098806204|US-8003342,W2098806204,US-8003342
432,Michael S. Brown,Michael S. Brown,https://openalex.org/A5079762911,Michael S. Brown,W2098806204|US-8003342,W2098806204,US-8003342
433,Joseph L. Goldstein,Joseph L. Goldstein,https://openalex.org/A5058164552,Joseph L. Goldstein,W1557478309|US-8003342,W1557478309,US-8003342
432,Michael S. Brown,Michael S. Brown,https://openalex.org/A5079762911,Michael S. Brown,W1557478309|US-8003342,W1557478309,US-8003342
795,Robert H. Grubbs,Robert H. Grubbs,https://openalex.org/A5078597191,Robert H. Grubbs,W2951085320|US-8008224,W2951085320,US-8008224
795,Robert H. Grubbs,Robert H. Grubbs,https://openalex.org/A5078597191,Robert H. Grubbs,W1965748825|US-8008224,W1965748825,US-8008224
130,J. Georg Bednorz,J. Georg Bednorz,https://openalex.org/A5112801181,J. G. Bednorz,W2094470020|US-8012793,W2094470020,US-8012793
433,Joseph L. Goldstein,Joseph L. Goldstein,https://openalex.org/A5058164552,Joseph L. Goldstein,W2148142181|US-8013015,W2148142181,US-8013015
432,Michael S. Brown,Michael S. Brown,https://openalex.org/A5079762911,Michael S. Brown,W2148142181|US-8013015,W2148142181,US-8013015
432,Michael S. Brown,Michael S. Brown,https://openalex.org/A5079762911,Michael S. Brown,W2971910702|US-8013015,W2971910702,US-8013015
433,Joseph L. Goldstein,Joseph L. Goldstein,https://openalex.org/A5058164552,Joseph L. Goldstein,W2971910702|US-8013015,W2971910702,US-8013015
432,Michael S. Brown,Michael S. Brown,https://openalex.org/A5079762911,Michael S. Brown,W2018127398|US-8013015,W2018127398,US-8013015
433,Joseph L. Goldstein,Joseph L. Goldstein,https://openalex.org/A5058164552,Joseph L. Goldstein,W2018127398|US-8013015,W2018127398,US-8013015
987,Charles M. Rice,Charles M. Rice,https://openalex.org/A5019683467,Charles M. Rice,W2075147482|US-8021835,W2075147482,US-8021835
1015,Carolyn R. Bertozzi,Carolyn Bertozzi,https://openalex.org/A5088409133,Carolyn R. Bertozzi,W2130251950|US-8022040,W2130251950,US-8022040
963,Frances H. Arnold,Frances H. Arnold,https://openalex.org/A5043841592,Frances H. Arnold,W2088905973|US-8026085,W2088905973,US-8026085
831,Roger Y. Tsien,Roger Y. Tsien,https://openalex.org/A5109193097,Roger Y. Tsien,W1596797500|US-8034614,W1596797500,US-8034614
149,David M. Lee,David M. Lee,https://openalex.org/A5004621751,David M. Lee,W2074589683|US-8039208,W2074589683,US-8039208
795,Robert H. Grubbs,Robert H. Grubbs,https://openalex.org/A5078597191,Robert H. Grubbs,W1030861703|US-8039566,W1030861703,US-8039566
795,Robert H. Grubbs,Robert H. Grubbs,https://openalex.org/A5078597191,Robert H. Grubbs,W2045663653|US-8039566,W2045663653,US-8039566
795,Robert H. Grubbs,Robert H. Grubbs,https://openalex.org/A5078597191,Robert H. Grubbs,W1966284437|US-8039566,W1966284437,US-8039566
795,Robert H. Grubbs,Robert H. Grubbs,https://openalex.org/A5078597191,Robert H. Grubbs,W2950398954|US-8039566,W2950398954,US-8039566
795,Robert H. Grubbs,Robert H. Grubbs,https://openalex.org/A5078597191,Robert H. Grubbs,W2043935388|US-8039566,W2043935388,US-8039566
908,Shuji Nakamura,Shuji Nakamura,https://openalex.org/A5030709847,Shuji Nakamura,W2152526377|US-8044383,W2152526377,US-8044383
908,Shuji Nakamura,Shuji Nakamura,https://openalex.org/A5030709847,Shuji Nakamura,W2018399868|US-8044417,W2018399868,US-8044417
908,Shuji Nakamura,Shuji Nakamura,https://openalex.org/A5030709847,Shuji Nakamura,W2052944313|US-8044417,W2052944313,US-8044417
908,Shuji Nakamura,Shuji Nakamura,https://openalex.org/A5030709847,Shuji Nakamura,W1998481993|US-8044417,W1998481993,US-8044417
908,Shuji Nakamura,Shuji Nakamura,https://openalex.org/A5030709847,Shuji Nakamura,W2010506990|US-8044417,W2010506990,US-8044417
908,Shuji Nakamura,Shuji Nakamura,https://openalex.org/A5030709847,Shuji Nakamura,W4231775764|US-8044417,W4231775764,US-8044417
908,Shuji Nakamura,Shuji Nakamura,https://openalex.org/A5030709847,Shuji Nakamura,W1996679350|US-8044417,W1996679350,US-8044417
908,Shuji Nakamura,Shuji Nakamura,https://openalex.org/A5030709847,Shuji Nakamura,W2080855730|US-8044417,W2080855730,US-8044417
908,Shuji Nakamura,Shuji Nakamura,https://openalex.org/A5030709847,Shuji Nakamura,W2066220468|US-8044417,W2066220468,US-8044417
908,Shuji Nakamura,Shuji Nakamura,https://openalex.org/A5030709847,Shuji Nakamura,W2002577423|US-8044417,W2002577423,US-8044417
908,Shuji Nakamura,Shuji Nakamura,https://openalex.org/A5030709847,Shuji Nakamura,W1995209896|US-8044417,W1995209896,US-8044417
908,Shuji Nakamura,Shuji Nakamura,https://openalex.org/A5030709847,Shuji Nakamura,W2163873798|US-8044417,W2163873798,US-8044417
908,Shuji Nakamura,Shuji Nakamura,https://openalex.org/A5030709847,Shuji Nakamura,W1971884877|US-8044417,W1971884877,US-8044417
908,Shuji Nakamura,Shuji Nakamura,https://openalex.org/A5030709847,Shuji Nakamura,W2065760515|US-8044417,W2065760515,US-8044417
908,Shuji Nakamura,Shuji Nakamura,https://openalex.org/A5030709847,Shuji Nakamura,W2168486918|US-8044417,W2168486918,US-8044417
875,Shinya Yamanaka,Shinya Yamanaka,https://openalex.org/A5081862387,Shinya Yamanaka,W3021812574|US-8048999,W3021812574,US-8048999
875,Shinya Yamanaka,Shinya Yamanaka,https://openalex.org/A5081862387,Shinya Yamanaka,W4211226719|US-8048999,W4211226719,US-8048999
908,Shuji Nakamura,Shuji Nakamura,https://openalex.org/A5030709847,Shuji Nakamura,W2018200307|US-8050304,W2018200307,US-8050304
908,Shuji Nakamura,Shuji Nakamura,https://openalex.org/A5030709847,Shuji Nakamura,W2122577395|US-8050304,W2122577395,US-8050304
908,Shuji Nakamura,Shuji Nakamura,https://openalex.org/A5030709847,Shuji Nakamura,W1988234771|US-8053264,W1988234771,US-8053264
977,M. Stanley Whittingham,M. Stanley Whittingham,https://openalex.org/A5023061999,M. Stanley Whittingham,W2090307092|US-8057962,W2090307092,US-8057962
875,Shinya Yamanaka,Shinya Yamanaka,https://openalex.org/A5081862387,Shinya Yamanaka,W2078201066|US-8058065,W2078201066,US-8058065
875,Shinya Yamanaka,Shinya Yamanaka,https://openalex.org/A5081862387,Shinya Yamanaka,W1974555237|US-8058065,W1974555237,US-8058065
875,Shinya Yamanaka,Shinya Yamanaka,https://openalex.org/A5081862387,Shinya Yamanaka,W1602568023|US-8058065,W1602568023,US-8058065
875,Shinya Yamanaka,Shinya Yamanaka,https://openalex.org/A5081862387,Shinya Yamanaka,W4211226719|US-8058065,W4211226719,US-8058065
875,Shinya Yamanaka,Shinya Yamanaka,https://openalex.org/A5081862387,Shinya Yamanaka,W2054521968|US-8058065,W2054521968,US-8058065
875,Shinya Yamanaka,Shinya Yamanaka,https://openalex.org/A5081862387,Shinya Yamanaka,W2072621038|US-8058065,W2072621038,US-8058065
875,Shinya Yamanaka,Shinya Yamanaka,https://openalex.org/A5081862387,Shinya Yamanaka,W2168374765|US-8058065,W2168374765,US-8058065
875,Shinya Yamanaka,Shinya Yamanaka,https://openalex.org/A5081862387,Shinya Yamanaka,W1978173381|US-8058065,W1978173381,US-8058065
875,Shinya Yamanaka,Shinya Yamanaka,https://openalex.org/A5081862387,Shinya Yamanaka,W2154543509|US-8058065,W2154543509,US-8058065
875,Shinya Yamanaka,Shinya Yamanaka,https://openalex.org/A5081862387,Shinya Yamanaka,W2071699739|US-8058065,W2071699739,US-8058065
875,Shinya Yamanaka,Shinya Yamanaka,https://openalex.org/A5081862387,Shinya Yamanaka,W3021812574|US-8058065,W3021812574,US-8058065
875,Shinya Yamanaka,Shinya Yamanaka,https://openalex.org/A5081862387,Shinya Yamanaka,W2032058920|US-8058065,W2032058920,US-8058065
875,Shinya Yamanaka,Shinya Yamanaka,https://openalex.org/A5081862387,Shinya Yamanaka,W2096216062|US-8058065,W2096216062,US-8058065
131,K. Alexander Müller,K. Alex Müller,https://openalex.org/A5025810793,K. A. Müller,W1493578394|US-8060169,W1493578394,US-8060169
130,J. Georg Bednorz,J. Georg Bednorz,https://openalex.org/A5112801181,J. G. Bednorz,W1493578394|US-8060169,W1493578394,US-8060169
976,John B. Goodenough,John B. Goodenough,https://openalex.org/A5088016695,John B. Goodenough,W2072430054|US-8067117,W2072430054,US-8067117
976,John B. Goodenough,John B. Goodenough,https://openalex.org/A5088016695,John B. Goodenough,W2023770840|US-8067117,W2023770840,US-8067117
976,John B. Goodenough,John B. Goodenough,https://openalex.org/A5088016695,John B. Goodenough,W940656163|US-8067117,W940656163,US-8067117
441,Harold E. Varmus,Harold E. Varmus,https://openalex.org/A5023586836,Harold Varmus,W2139236349|US-8067175,W2139236349,US-8067175
441,Harold E. Varmus,Harold E. Varmus,https://openalex.org/A5023586836,Harold Varmus,W2002937040|US-8067175,W2002937040,US-8067175
795,Robert H. Grubbs,Robert H. Grubbs,https://openalex.org/A5078597191,Robert H. Grubbs,W1967423409|US-8067623,W1967423409,US-8067623
795,Robert H. Grubbs,Robert H. Grubbs,https://openalex.org/A5078597191,Robert H. Grubbs,W2952394624|US-8067623,W2952394624,US-8067623
795,Robert H. Grubbs,Robert H. Grubbs,https://openalex.org/A5078597191,Robert H. Grubbs,W2016698467|US-8067623,W2016698467,US-8067623
879,Brian K. Kobilka,Brian Kobilka,https://openalex.org/A5079682203,Brian K. Kobilka,W2006998486|US-8071742,W2006998486,US-8071742
879,Brian K. Kobilka,Brian Kobilka,https://openalex.org/A5079682203,Brian K. Kobilka,W1825353903|US-8071742,W1825353903,US-8071742
879,Brian K. Kobilka,Brian Kobilka,https://openalex.org/A5079682203,Brian K. Kobilka,W2104477830|US-8071742,W2104477830,US-8071742
879,Brian K. Kobilka,Brian Kobilka,https://openalex.org/A5079682203,Brian K. Kobilka,W1988097700|US-8071742,W1988097700,US-8071742
963,Frances H. Arnold,Frances H. Arnold,https://openalex.org/A5043841592,Frances H. Arnold,W2133834597|US-8076114,W2133834597,US-8076114
1015,Carolyn R. Bertozzi,Carolyn Bertozzi,https://openalex.org/A5088409133,Carolyn R. Bertozzi,W2006192357|US-8076496,W2006192357,US-8076496
1015,Carolyn R. Bertozzi,Carolyn Bertozzi,https://openalex.org/A5088409133,Carolyn R. Bertozzi,W1981659539|US-8076496,W1981659539,US-8076496
729,Alan J. Heeger,Alan Heeger,https://openalex.org/A5087631107,Alan J. Heeger,W1968534071|US-8076842,W1968534071,US-8076842
729,Alan J. Heeger,Alan Heeger,https://openalex.org/A5087631107,Alan J. Heeger,W1971574700|US-8076842,W1971574700,US-8076842
729,Alan J. Heeger,Alan Heeger,https://openalex.org/A5087631107,Alan J. Heeger,W1978394461|US-8076842,W1978394461,US-8076842
729,Alan J. Heeger,Alan Heeger,https://openalex.org/A5087631107,Alan J. Heeger,W2005240816|US-8076842,W2005240816,US-8076842
729,Alan J. Heeger,Alan Heeger,https://openalex.org/A5087631107,Alan J. Heeger,W2998754863|US-8076842,W2998754863,US-8076842
1030,Louis E. Brus,Louis Brus,https://openalex.org/A5012651049,Louis E. Brus,W2053212223|US-8080281,W2053212223,US-8080281
1029,Moungi G. Bawendi,Moungi Bawendi,https://openalex.org/A5108389294,Moungi G. Bawendi,W2125558516|US-8080437,W2125558516,US-8080437
1029,Moungi G. Bawendi,Moungi Bawendi,https://openalex.org/A5108389294,Moungi G. Bawendi,W4240936446|US-8080437,W4240936446,US-8080437
908,Shuji Nakamura,Shuji Nakamura,https://openalex.org/A5030709847,Shuji Nakamura,W2091533025|US-8084763,W2091533025,US-8084763
908,Shuji Nakamura,Shuji Nakamura,https://openalex.org/A5030709847,Shuji Nakamura,W2059785697|US-8084763,W2059785697,US-8084763
908,Shuji Nakamura,Shuji Nakamura,https://openalex.org/A5030709847,Shuji Nakamura,W2048145282|US-8084763,W2048145282,US-8084763
908,Shuji Nakamura,Shuji Nakamura,https://openalex.org/A5030709847,Shuji Nakamura,W1996679350|US-8084763,W1996679350,US-8084763
908,Shuji Nakamura,Shuji Nakamura,https://openalex.org/A5030709847,Shuji Nakamura,W2060074122|US-8084763,W2060074122,US-8084763
959,Tasuku Honjo,Tasuku Honjo,https://openalex.org/A5019039647,Tasuku Honjo,W2081447339|US-8088905,W2081447339,US-8088905
284,Robert F. Curl Jr.,Robert F. Curl Jr.,https://openalex.org/A5050630131,R. F. Curl,W1979939354|US-8089628,W1979939354,US-8089628
128,Gerd Binnig,Gerd Binnig,https://openalex.org/A5071169826,G. Binnig,W2153431772|US-8090180,W2153431772,US-8090180
987,Charles M. Rice,Charles M. Rice,https://openalex.org/A5019683467,Charles M. Rice,W2157843875|US-8093353,W2157843875,US-8093353
987,Charles M. Rice,Charles M. Rice,https://openalex.org/A5019683467,Charles M. Rice,W1985055250|US-8093353,W1985055250,US-8093353
963,Frances H. Arnold,Frances H. Arnold,https://openalex.org/A5043841592,Frances H. Arnold,W1964521061|US-8097440,W1964521061,US-8097440
908,Shuji Nakamura,Shuji Nakamura,https://openalex.org/A5030709847,Shuji Nakamura,W2056386950|US-8097481,W2056386950,US-8097481
908,Shuji Nakamura,Shuji Nakamura,https://openalex.org/A5030709847,Shuji Nakamura,W2041593896|US-8097481,W2041593896,US-8097481
1015,Carolyn R. Bertozzi,Carolyn Bertozzi,https://openalex.org/A5088409133,Carolyn R. Bertozzi,W1979491356|US-8097701,W1979491356,US-8097701
1015,Carolyn R. Bertozzi,Carolyn Bertozzi,https://openalex.org/A5088409133,Carolyn R. Bertozzi,W1983639577|US-8097701,W1983639577,US-8097701
1015,Carolyn R. Bertozzi,Carolyn Bertozzi,https://openalex.org/A5088409133,Carolyn R. Bertozzi,W1979108979|US-8097701,W1979108979,US-8097701
1029,Moungi G. Bawendi,Moungi Bawendi,https://openalex.org/A5108389294,Moungi G. Bawendi,W1987842657|US-8101021,W1987842657,US-8101021
1029,Moungi G. Bawendi,Moungi Bawendi,https://openalex.org/A5108389294,Moungi G. Bawendi,W2044543075|US-8101234,W2044543075,US-8101234
743,K. Barry Sharpless,K. Barry Sharpless,https://openalex.org/A5077401880,K. Barry Sharpless,W2009458165|US-8101238,W2009458165,US-8101238
743,K. Barry Sharpless,K. Barry Sharpless,https://openalex.org/A5077401880,K. Barry Sharpless,W2113014170|US-8101238,W2113014170,US-8101238
1039,David Baker,David Baker,https://openalex.org/A5053192926,David Baker,W2036428713|US-8101399,W2036428713,US-8101399
1029,Moungi G. Bawendi,Moungi Bawendi,https://openalex.org/A5108389294,Moungi G. Bawendi,W2046865601|US-8101430,W2046865601,US-8101430
757,Koichi Tanaka,Koichi Tanaka,https://openalex.org/A5009335876,Kōichi Tanaka,W2002885752|US-8101578,W2002885752,US-8101578
1047,Mary E. Brunkow,Mary E. Brunkow,https://openalex.org/A5072638080,Mary E. Brunkow,W2161984225|US-8110357,W2161984225,US-8110357
908,Shuji Nakamura,Shuji Nakamura,https://openalex.org/A5030709847,Shuji Nakamura,W1971253603|US-8114698,W1971253603,US-8114698
961,Gérard Mourou,Gérard Mourou,https://openalex.org/A5057252770,G. Mourou,W2324255564|US-8116340,W2324255564,US-8116340
986,Michael Houghton,Michael Houghton,https://openalex.org/A5090612228,Michael Houghton,W2081456128|US-8119145,W2081456128,US-8119145
986,Michael Houghton,Michael Houghton,https://openalex.org/A5090612228,Michael Houghton,W2126762327|US-8119145,W2126762327,US-8119145
406,David Baltimore,David Baltimore,https://openalex.org/A5042763205,David Baltimore,W1479988914|US-8119772,W1479988914,US-8119772
152,Steven Chu,Steven Chu,https://openalex.org/A5001967033,Steven Chu,W2068076192|US-8123898,W2068076192,US-8123898
455,Peter C. Doherty,Peter C. Doherty,https://openalex.org/A5074692390,Peter C. Doherty,W1989483194|US-8124101,W1989483194,US-8124101
986,Michael Houghton,Michael Houghton,https://openalex.org/A5090612228,Michael Houghton,W2081456128|US-8124104,W2081456128,US-8124104
986,Michael Houghton,Michael Houghton,https://openalex.org/A5090612228,Michael Houghton,W2126762327|US-8124104,W2126762327,US-8124104
908,Shuji Nakamura,Shuji Nakamura,https://openalex.org/A5030709847,Shuji Nakamura,W2056386950|US-8128756,W2056386950,US-8128756
908,Shuji Nakamura,Shuji Nakamura,https://openalex.org/A5030709847,Shuji Nakamura,W2046244387|US-8128756,W2046244387,US-8128756
908,Shuji Nakamura,Shuji Nakamura,https://openalex.org/A5030709847,Shuji Nakamura,W2054386325|US-8128756,W2054386325,US-8128756
908,Shuji Nakamura,Shuji Nakamura,https://openalex.org/A5030709847,Shuji Nakamura,W4252600510|US-8128756,W4252600510,US-8128756
908,Shuji Nakamura,Shuji Nakamura,https://openalex.org/A5030709847,Shuji Nakamura,W2150758476|US-8128756,W2150758476,US-8128756
875,Shinya Yamanaka,Shinya Yamanaka,https://openalex.org/A5081862387,Shinya Yamanaka,W2154543509|US-8129187,W2154543509,US-8129187
875,Shinya Yamanaka,Shinya Yamanaka,https://openalex.org/A5081862387,Shinya Yamanaka,W2054521968|US-8129187,W2054521968,US-8129187
875,Shinya Yamanaka,Shinya Yamanaka,https://openalex.org/A5081862387,Shinya Yamanaka,W4211226719|US-8129187,W4211226719,US-8129187
875,Shinya Yamanaka,Shinya Yamanaka,https://openalex.org/A5081862387,Shinya Yamanaka,W2032058920|US-8129187,W2032058920,US-8129187
875,Shinya Yamanaka,Shinya Yamanaka,https://openalex.org/A5081862387,Shinya Yamanaka,W3021812574|US-8129187,W3021812574,US-8129187
875,Shinya Yamanaka,Shinya Yamanaka,https://openalex.org/A5081862387,Shinya Yamanaka,W1974555237|US-8129187,W1974555237,US-8129187
875,Shinya Yamanaka,Shinya Yamanaka,https://openalex.org/A5081862387,Shinya Yamanaka,W2071699739|US-8129187,W2071699739,US-8129187
875,Shinya Yamanaka,Shinya Yamanaka,https://openalex.org/A5081862387,Shinya Yamanaka,W1602568023|US-8129187,W1602568023,US-8129187
743,K. Barry Sharpless,K. Barry Sharpless,https://openalex.org/A5077401880,K. Barry Sharpless,W2162586071|US-8129542,W2162586071,US-8129542
128,Gerd Binnig,Gerd Binnig,https://openalex.org/A5071169826,G. Binnig,W2153431772|US-8131038,W2153431772,US-8131038
398,Gerald M. Edelman,Gerald M. Edelman,https://openalex.org/A5111917213,Gerald M. Edelman,W2117006284|US-8131658,W2117006284,US-8131658
406,David Baltimore,David Baltimore,https://openalex.org/A5042763205,David Baltimore,W1980965429|US-8133727,W1980965429,US-8133727
280,George A. Olah,George A. Olah,https://openalex.org/A5071446330,George A. Olah,W2313145660|US-8133926,W2313145660,US-8133926
280,George A. Olah,George A. Olah,https://openalex.org/A5071446330,George A. Olah,W581878400|US-8133926,W581878400,US-8133926
1015,Carolyn R. Bertozzi,Carolyn Bertozzi,https://openalex.org/A5088409133,Carolyn R. Bertozzi,W2023626818|US-8137925,W2023626818,US-8137925
986,Michael Houghton,Michael Houghton,https://openalex.org/A5090612228,Michael Houghton,W1991902309|US-8138161,W1991902309,US-8138161
280,George A. Olah,George A. Olah,https://openalex.org/A5071446330,George A. Olah,W2149576395|US-8138380,W2149576395,US-8138380
280,George A. Olah,George A. Olah,https://openalex.org/A5071446330,George A. Olah,W2051796629|US-8138380,W2051796629,US-8138380
879,Brian K. Kobilka,Brian Kobilka,https://openalex.org/A5079682203,Brian K. Kobilka,W1825353903|US-8139715,W1825353903,US-8139715
879,Brian K. Kobilka,Brian Kobilka,https://openalex.org/A5079682203,Brian K. Kobilka,W2006998486|US-8139715,W2006998486,US-8139715
879,Brian K. Kobilka,Brian Kobilka,https://openalex.org/A5079682203,Brian K. Kobilka,W2104477830|US-8139715,W2104477830,US-8139715
879,Brian K. Kobilka,Brian Kobilka,https://openalex.org/A5079682203,Brian K. Kobilka,W1988097700|US-8139715,W1988097700,US-8139715
986,Michael Houghton,Michael Houghton,https://openalex.org/A5090612228,Michael Houghton,W2081456128|US-8142793,W2081456128,US-8142793
986,Michael Houghton,Michael Houghton,https://openalex.org/A5090612228,Michael Houghton,W2126762327|US-8142793,W2126762327,US-8142793
906,Isamu Akasaki,Isamu Akasaki,https://openalex.org/A5081597179,Isamu Akasaki,W2080753674|US-8143632,W2080753674,US-8143632
726,Zhores I. Alferov,Zhores Alferov,https://openalex.org/A5112712563,Zh. I. Alfërov,W1602135294|US-8148186,W1602135294,US-8148186
908,Shuji Nakamura,Shuji Nakamura,https://openalex.org/A5030709847,Shuji Nakamura,W4252600510|US-8148244,W4252600510,US-8148244
908,Shuji Nakamura,Shuji Nakamura,https://openalex.org/A5030709847,Shuji Nakamura,W2091533025|US-8148713,W2091533025,US-8148713
908,Shuji Nakamura,Shuji Nakamura,https://openalex.org/A5030709847,Shuji Nakamura,W1970146857|US-8148713,W1970146857,US-8148713
908,Shuji Nakamura,Shuji Nakamura,https://openalex.org/A5030709847,Shuji Nakamura,W2038923774|US-8148713,W2038923774,US-8148713
911,William E. Moerner,William E. Moerner,https://openalex.org/A5068018832,W. E. Moerner,W2072552907|US-8153446,W2072552907,US-8153446
911,William E. Moerner,William E. Moerner,https://openalex.org/A5068018832,W. E. Moerner,W1982019125|US-8153446,W1982019125,US-8153446
911,William E. Moerner,William E. Moerner,https://openalex.org/A5068018832,W. E. Moerner,W2091923712|US-8153446,W2091923712,US-8153446
1029,Moungi G. Bawendi,Moungi Bawendi,https://openalex.org/A5108389294,Moungi G. Bawendi,W2044543075|US-8158193,W2044543075,US-8158193
972,Gregg L. Semenza,Gregg L. Semenza,https://openalex.org/A5051276665,Gregg L. Semenza,W2079346533|US-8168603,W2079346533,US-8168603
908,Shuji Nakamura,Shuji Nakamura,https://openalex.org/A5030709847,Shuji Nakamura,W2059785697|US-8178373,W2059785697,US-8178373
908,Shuji Nakamura,Shuji Nakamura,https://openalex.org/A5030709847,Shuji Nakamura,W2018767194|US-8178373,W2018767194,US-8178373
908,Shuji Nakamura,Shuji Nakamura,https://openalex.org/A5030709847,Shuji Nakamura,W2070047651|US-8178373,W2070047651,US-8178373
268,Jean-Marie Lehn,Jean-Marie Lehn,https://openalex.org/A5059296399,Jean‐Maríe Lehn,W1984397954|US-8178514,W1984397954,US-8178514
879,Brian K. Kobilka,Brian Kobilka,https://openalex.org/A5079682203,Brian K. Kobilka,W2104477830|US-8178655,W2104477830,US-8178655
879,Brian K. Kobilka,Brian Kobilka,https://openalex.org/A5079682203,Brian K. Kobilka,W1825353903|US-8178655,W1825353903,US-8178655
879,Brian K. Kobilka,Brian Kobilka,https://openalex.org/A5079682203,Brian K. Kobilka,W2006998486|US-8178655,W2006998486,US-8178655
879,Brian K. Kobilka,Brian Kobilka,https://openalex.org/A5079682203,Brian K. Kobilka,W1988097700|US-8178655,W1988097700,US-8178655
908,Shuji Nakamura,Shuji Nakamura,https://openalex.org/A5030709847,Shuji Nakamura,W2053586935|US-8188458,W2053586935,US-8188458
908,Shuji Nakamura,Shuji Nakamura,https://openalex.org/A5030709847,Shuji Nakamura,W2013148254|US-8188458,W2013148254,US-8188458
908,Shuji Nakamura,Shuji Nakamura,https://openalex.org/A5030709847,Shuji Nakamura,W2046244387|US-8188458,W2046244387,US-8188458
908,Shuji Nakamura,Shuji Nakamura,https://openalex.org/A5030709847,Shuji Nakamura,W2060720141|US-8189639,W2060720141,US-8189639
932,Sir J. Fraser Stoddart,Sir J. Fraser Stoddart,https://openalex.org/A5027688873,J. Fraser Stoddart,W133177992|US-8193598,W133177992,US-8193598
1025,Drew Weissman,Drew Weissman,https://openalex.org/A5068253145,Drew Weissman,W1596576376|US-8198042,W1596576376,US-8198042
1025,Drew Weissman,Drew Weissman,https://openalex.org/A5068253145,Drew Weissman,W1983287226|US-8198042,W1983287226,US-8198042
1025,Drew Weissman,Drew Weissman,https://openalex.org/A5068253145,Drew Weissman,W1537629327|US-8198042,W1537629327,US-8198042
1039,David Baker,David Baker,https://openalex.org/A5053192926,David Baker,W1979652083|US-8198056,W1979652083,US-8198056
292,Ahmed H. Zewail,Ahmed Zewail,https://openalex.org/A5077807260,Ahmed H. Zewail,W2275102204|US-8203120,W2275102204,US-8203120
292,Ahmed H. Zewail,Ahmed Zewail,https://openalex.org/A5077807260,Ahmed H. Zewail,W2016366175|US-8203120,W2016366175,US-8203120
292,Ahmed H. Zewail,Ahmed Zewail,https://openalex.org/A5077807260,Ahmed H. Zewail,W2031795478|US-8203120,W2031795478,US-8203120
292,Ahmed H. Zewail,Ahmed Zewail,https://openalex.org/A5077807260,Ahmed H. Zewail,W2115405822|US-8203120,W2115405822,US-8203120
292,Ahmed H. Zewail,Ahmed Zewail,https://openalex.org/A5077807260,Ahmed H. Zewail,W2082057748|US-8203120,W2082057748,US-8203120
292,Ahmed H. Zewail,Ahmed Zewail,https://openalex.org/A5077807260,Ahmed H. Zewail,W2083650825|US-8203120,W2083650825,US-8203120
292,Ahmed H. Zewail,Ahmed Zewail,https://openalex.org/A5077807260,Ahmed H. Zewail,W632834551|US-8203120,W632834551,US-8203120
292,Ahmed H. Zewail,Ahmed Zewail,https://openalex.org/A5077807260,Ahmed H. Zewail,W2146330827|US-8203120,W2146330827,US-8203120
292,Ahmed H. Zewail,Ahmed Zewail,https://openalex.org/A5077807260,Ahmed H. Zewail,W1981628475|US-8203120,W1981628475,US-8203120
292,Ahmed H. Zewail,Ahmed Zewail,https://openalex.org/A5077807260,Ahmed H. Zewail,W2026711988|US-8203120,W2026711988,US-8203120
292,Ahmed H. Zewail,Ahmed Zewail,https://openalex.org/A5077807260,Ahmed H. Zewail,W2032212746|US-8203120,W2032212746,US-8203120
292,Ahmed H. Zewail,Ahmed Zewail,https://openalex.org/A5077807260,Ahmed H. Zewail,W2040386359|US-8203120,W2040386359,US-8203120
292,Ahmed H. Zewail,Ahmed Zewail,https://openalex.org/A5077807260,Ahmed H. Zewail,W2148997563|US-8203120,W2148997563,US-8203120
292,Ahmed H. Zewail,Ahmed Zewail,https://openalex.org/A5077807260,Ahmed H. Zewail,W2345975993|US-8203120,W2345975993,US-8203120
292,Ahmed H. Zewail,Ahmed Zewail,https://openalex.org/A5077807260,Ahmed H. Zewail,W2173191157|US-8203120,W2173191157,US-8203120
292,Ahmed H. Zewail,Ahmed Zewail,https://openalex.org/A5077807260,Ahmed H. Zewail,W2025430627|US-8203120,W2025430627,US-8203120
292,Ahmed H. Zewail,Ahmed Zewail,https://openalex.org/A5077807260,Ahmed H. Zewail,W567916380|US-8203120,W567916380,US-8203120
292,Ahmed H. Zewail,Ahmed Zewail,https://openalex.org/A5077807260,Ahmed H. Zewail,W1973658884|US-8203120,W1973658884,US-8203120
292,Ahmed H. Zewail,Ahmed Zewail,https://openalex.org/A5077807260,Ahmed H. Zewail,W2134207752|US-8203120,W2134207752,US-8203120
292,Ahmed H. Zewail,Ahmed Zewail,https://openalex.org/A5077807260,Ahmed H. Zewail,W2566014805|US-8203120,W2566014805,US-8203120
292,Ahmed H. Zewail,Ahmed Zewail,https://openalex.org/A5077807260,Ahmed H. Zewail,W1970425293|US-8203120,W1970425293,US-8203120
292,Ahmed H. Zewail,Ahmed Zewail,https://openalex.org/A5077807260,Ahmed H. Zewail,W2014015460|US-8203120,W2014015460,US-8203120
292,Ahmed H. Zewail,Ahmed Zewail,https://openalex.org/A5077807260,Ahmed H. Zewail,W2037124125|US-8203120,W2037124125,US-8203120
292,Ahmed H. Zewail,Ahmed Zewail,https://openalex.org/A5077807260,Ahmed H. Zewail,W2070951363|US-8203120,W2070951363,US-8203120
436,Susumu Tonegawa,Susumu Tonegawa,https://openalex.org/A5038557565,Susumu Tonegawa,W2095606075|US-8206896,W2095606075,US-8206896
992,Jennifer A. Doudna,Jennifer A. Doudna,https://openalex.org/A5067184382,Jennifer A. Doudna,W133766157|US-8206968,W133766157,US-8206968
837,Jack W. Szostak,Jack W. Szostak,https://openalex.org/A5023274897,Jack W. Szostak,W2028493269|US-8207093,W2028493269,US-8207093
1039,David Baker,David Baker,https://openalex.org/A5053192926,David Baker,W1979652083|US-8211689,W1979652083,US-8211689
908,Shuji Nakamura,Shuji Nakamura,https://openalex.org/A5030709847,Shuji Nakamura,W2056319093|US-8211723,W2056319093,US-8211723
908,Shuji Nakamura,Shuji Nakamura,https://openalex.org/A5030709847,Shuji Nakamura,W1976553910|US-8211723,W1976553910,US-8211723
729,Alan J. Heeger,Alan Heeger,https://openalex.org/A5087631107,Alan J. Heeger,W2009525610|US-8211996,W2009525610,US-8211996
280,George A. Olah,George A. Olah,https://openalex.org/A5071446330,George A. Olah,W2950599912|US-8212088,W2950599912,US-8212088
986,Michael Houghton,Michael Houghton,https://openalex.org/A5090612228,Michael Houghton,W2126762327|US-8216590,W2126762327,US-8216590
757,Koichi Tanaka,Koichi Tanaka,https://openalex.org/A5009335876,Kōichi Tanaka,W1982981272|US-8222002,W1982981272,US-8222002
274,Thomas R. Cech,Thomas R. Cech,https://openalex.org/A5017573996,Thomas R. Cech,W2079378073|US-8222392,W2079378073,US-8222392
796,Richard R. Schrock,Richard R. Schrock,https://openalex.org/A5079660000,Richard R. Schrock,W2253244391|US-8222469,W2253244391,US-8222469
796,Richard R. Schrock,Richard R. Schrock,https://openalex.org/A5079660000,Richard R. Schrock,W2011570326|US-8222469,W2011570326,US-8222469
149,David M. Lee,David M. Lee,https://openalex.org/A5004621751,David M. Lee,W2124248657|US-8224579,W2124248657,US-8224579
149,David M. Lee,David M. Lee,https://openalex.org/A5004621751,David M. Lee,W1541952406|US-8224579,W1541952406,US-8224579
995,Paul R. Milgrom,Paul R. Milgrom,https://openalex.org/A5054280613,Paul Milgrom,W3145395265|US-8224743,W3145395265,US-8224743
824,Françoise Barré-Sinoussi,Françoise Barré-Sinoussi,https://openalex.org/A5107827488,Françoise Barré‐Sinoussi,W2089384420|US-8227185,W2089384420,US-8227185
824,Françoise Barré-Sinoussi,Françoise Barré-Sinoussi,https://openalex.org/A5107827488,Françoise Barré‐Sinoussi,W2041775837|US-8227185,W2041775837,US-8227185
98,Ivar Giaever,Ivar Giaever,https://openalex.org/A5074066171,Ivar Giæver,W2332297545|US-8227223,W2332297545,US-8227223
448,Richard J. Roberts,Richard J. Roberts,https://openalex.org/A5091034547,Richard J. Roberts,W2118473805|US-8227231,W2118473805,US-8227231
412,Andrew V. Schally,Andrew V. Schally,https://openalex.org/A5068739269,Andrew V. Schally,W2077675332|US-8227405,W2077675332,US-8227405
412,Andrew V. Schally,Andrew V. Schally,https://openalex.org/A5068739269,Andrew V. Schally,W2077675332|US-8227421,W2077675332,US-8227421
908,Shuji Nakamura,Shuji Nakamura,https://openalex.org/A5030709847,Shuji Nakamura,W2152526377|US-8227819,W2152526377,US-8227819
825,Luc Montagnier,Luc Montagnier,https://openalex.org/A5016871448,Luc Montagnier,W2010191849|US-8236324,W2010191849,US-8236324
274,Thomas R. Cech,Thomas R. Cech,https://openalex.org/A5017573996,Thomas R. Cech,W2079378073|US-8236774,W2079378073,US-8236774
836,Carol W. Greider,Carol W. Greider,https://openalex.org/A5041730448,Carol W. Greider,W2026856852|US-8236774,W2026856852,US-8236774
729,Alan J. Heeger,Alan Heeger,https://openalex.org/A5087631107,Alan J. Heeger,W2161560766|US-8247548,W2161560766,US-8247548
292,Ahmed H. Zewail,Ahmed Zewail,https://openalex.org/A5077807260,Ahmed H. Zewail,W2083650825|US-8247769,W2083650825,US-8247769
292,Ahmed H. Zewail,Ahmed Zewail,https://openalex.org/A5077807260,Ahmed H. Zewail,W2566014805|US-8247769,W2566014805,US-8247769
292,Ahmed H. Zewail,Ahmed Zewail,https://openalex.org/A5077807260,Ahmed H. Zewail,W1970425293|US-8247769,W1970425293,US-8247769
292,Ahmed H. Zewail,Ahmed Zewail,https://openalex.org/A5077807260,Ahmed H. Zewail,W2134207752|US-8247769,W2134207752,US-8247769
292,Ahmed H. Zewail,Ahmed Zewail,https://openalex.org/A5077807260,Ahmed H. Zewail,W1981628475|US-8247769,W1981628475,US-8247769
292,Ahmed H. Zewail,Ahmed Zewail,https://openalex.org/A5077807260,Ahmed H. Zewail,W2115405822|US-8247769,W2115405822,US-8247769
292,Ahmed H. Zewail,Ahmed Zewail,https://openalex.org/A5077807260,Ahmed H. Zewail,W567916380|US-8247769,W567916380,US-8247769
292,Ahmed H. Zewail,Ahmed Zewail,https://openalex.org/A5077807260,Ahmed H. Zewail,W2037124125|US-8247769,W2037124125,US-8247769
292,Ahmed H. Zewail,Ahmed Zewail,https://openalex.org/A5077807260,Ahmed H. Zewail,W2032212746|US-8247769,W2032212746,US-8247769
292,Ahmed H. Zewail,Ahmed Zewail,https://openalex.org/A5077807260,Ahmed H. Zewail,W2031795478|US-8247769,W2031795478,US-8247769
292,Ahmed H. Zewail,Ahmed Zewail,https://openalex.org/A5077807260,Ahmed H. Zewail,W1996087426|US-8247769,W1996087426,US-8247769
292,Ahmed H. Zewail,Ahmed Zewail,https://openalex.org/A5077807260,Ahmed H. Zewail,W2070951363|US-8247769,W2070951363,US-8247769
292,Ahmed H. Zewail,Ahmed Zewail,https://openalex.org/A5077807260,Ahmed H. Zewail,W2014015460|US-8247769,W2014015460,US-8247769
292,Ahmed H. Zewail,Ahmed Zewail,https://openalex.org/A5077807260,Ahmed H. Zewail,W2148997563|US-8247769,W2148997563,US-8247769
292,Ahmed H. Zewail,Ahmed Zewail,https://openalex.org/A5077807260,Ahmed H. Zewail,W2040386359|US-8247769,W2040386359,US-8247769
292,Ahmed H. Zewail,Ahmed Zewail,https://openalex.org/A5077807260,Ahmed H. Zewail,W2082057748|US-8247769,W2082057748,US-8247769
292,Ahmed H. Zewail,Ahmed Zewail,https://openalex.org/A5077807260,Ahmed H. Zewail,W2016366175|US-8247769,W2016366175,US-8247769
292,Ahmed H. Zewail,Ahmed Zewail,https://openalex.org/A5077807260,Ahmed H. Zewail,W2275102204|US-8247769,W2275102204,US-8247769
292,Ahmed H. Zewail,Ahmed Zewail,https://openalex.org/A5077807260,Ahmed H. Zewail,W2345975993|US-8247769,W2345975993,US-8247769
978,Akira Yoshino,Akira Yoshino,https://openalex.org/A5103185273,Akira Yoshino,W2064580902|US-8248757,W2064580902,US-8248757
963,Frances H. Arnold,Frances H. Arnold,https://openalex.org/A5043841592,Frances H. Arnold,W2088905973|US-8252559,W2088905973,US-8252559
908,Shuji Nakamura,Shuji Nakamura,https://openalex.org/A5030709847,Shuji Nakamura,W1979904211|US-8253221,W1979904211,US-8253221
908,Shuji Nakamura,Shuji Nakamura,https://openalex.org/A5030709847,Shuji Nakamura,W2027121711|US-8253221,W2027121711,US-8253221
908,Shuji Nakamura,Shuji Nakamura,https://openalex.org/A5030709847,Shuji Nakamura,W2028569544|US-8253221,W2028569544,US-8253221
908,Shuji Nakamura,Shuji Nakamura,https://openalex.org/A5030709847,Shuji Nakamura,W1981294219|US-8253221,W1981294219,US-8253221
908,Shuji Nakamura,Shuji Nakamura,https://openalex.org/A5030709847,Shuji Nakamura,W2066457719|US-8254423,W2066457719,US-8254423
879,Brian K. Kobilka,Brian Kobilka,https://openalex.org/A5079682203,Brian K. Kobilka,W2006998486|US-8260596,W2006998486,US-8260596
879,Brian K. Kobilka,Brian Kobilka,https://openalex.org/A5079682203,Brian K. Kobilka,W1825353903|US-8260596,W1825353903,US-8260596
879,Brian K. Kobilka,Brian Kobilka,https://openalex.org/A5079682203,Brian K. Kobilka,W1988097700|US-8260596,W1988097700,US-8260596
879,Brian K. Kobilka,Brian Kobilka,https://openalex.org/A5079682203,Brian K. Kobilka,W2104477830|US-8260596,W2104477830,US-8260596
879,Brian K. Kobilka,Brian Kobilka,https://openalex.org/A5079682203,Brian K. Kobilka,W1995646338|US-8263754,W1995646338,US-8263754
879,Brian K. Kobilka,Brian Kobilka,https://openalex.org/A5079682203,Brian K. Kobilka,W2147751537|US-8263754,W2147751537,US-8263754
879,Brian K. Kobilka,Brian Kobilka,https://openalex.org/A5079682203,Brian K. Kobilka,W2109336177|US-8263754,W2109336177,US-8263754
917,Satoshi Ōmura,Satoshi Ōmura,https://openalex.org/A5045164227,Satoshi Ōmura,W2022969543|US-8269051,W2022969543,US-8269051
995,Paul R. Milgrom,Paul R. Milgrom,https://openalex.org/A5054280613,Paul Milgrom,W2500823295|US-8271345,W2500823295,US-8271345
995,Paul R. Milgrom,Paul R. Milgrom,https://openalex.org/A5054280613,Paul Milgrom,W1954834360|US-8271345,W1954834360,US-8271345
406,David Baltimore,David Baltimore,https://openalex.org/A5042763205,David Baltimore,W2030692386|US-8273345,W2030692386,US-8273345
406,David Baltimore,David Baltimore,https://openalex.org/A5042763205,David Baltimore,W2074713417|US-8273345,W2074713417,US-8273345
1025,Drew Weissman,Drew Weissman,https://openalex.org/A5068253145,Drew Weissman,W81209440|US-8278036,W81209440,US-8278036
1024,Katalin Karikó,Katalin Karikó,https://openalex.org/A5030598859,Katalin Karikó,W81209440|US-8278036,W81209440,US-8278036
875,Shinya Yamanaka,Shinya Yamanaka,https://openalex.org/A5081862387,Shinya Yamanaka,W1506835737|US-8278104,W1506835737,US-8278104
875,Shinya Yamanaka,Shinya Yamanaka,https://openalex.org/A5081862387,Shinya Yamanaka,W2168374765|US-8278104,W2168374765,US-8278104
875,Shinya Yamanaka,Shinya Yamanaka,https://openalex.org/A5081862387,Shinya Yamanaka,W2045081995|US-8278104,W2045081995,US-8278104
875,Shinya Yamanaka,Shinya Yamanaka,https://openalex.org/A5081862387,Shinya Yamanaka,W2096216062|US-8278104,W2096216062,US-8278104
875,Shinya Yamanaka,Shinya Yamanaka,https://openalex.org/A5081862387,Shinya Yamanaka,W2154543509|US-8278104,W2154543509,US-8278104
875,Shinya Yamanaka,Shinya Yamanaka,https://openalex.org/A5081862387,Shinya Yamanaka,W1974555237|US-8278104,W1974555237,US-8278104
875,Shinya Yamanaka,Shinya Yamanaka,https://openalex.org/A5081862387,Shinya Yamanaka,W1602568023|US-8278104,W1602568023,US-8278104
875,Shinya Yamanaka,Shinya Yamanaka,https://openalex.org/A5081862387,Shinya Yamanaka,W3021812574|US-8278104,W3021812574,US-8278104
875,Shinya Yamanaka,Shinya Yamanaka,https://openalex.org/A5081862387,Shinya Yamanaka,W1978173381|US-8278104,W1978173381,US-8278104
875,Shinya Yamanaka,Shinya Yamanaka,https://openalex.org/A5081862387,Shinya Yamanaka,W4211226719|US-8278104,W4211226719,US-8278104
875,Shinya Yamanaka,Shinya Yamanaka,https://openalex.org/A5081862387,Shinya Yamanaka,W2071699739|US-8278104,W2071699739,US-8278104
875,Shinya Yamanaka,Shinya Yamanaka,https://openalex.org/A5081862387,Shinya Yamanaka,W2032058920|US-8278104,W2032058920,US-8278104
875,Shinya Yamanaka,Shinya Yamanaka,https://openalex.org/A5081862387,Shinya Yamanaka,W2066483052|US-8278104,W2066483052,US-8278104
875,Shinya Yamanaka,Shinya Yamanaka,https://openalex.org/A5081862387,Shinya Yamanaka,W2054521968|US-8278104,W2054521968,US-8278104
838,Charles Kuen Kao,Charles K. Kao,https://openalex.org/A5029955290,C. Kao,W1951237749|US-8279091,W1951237749,US-8279091
976,John B. Goodenough,John B. Goodenough,https://openalex.org/A5088016695,John B. Goodenough,W2072430054|US-8282691,W2072430054,US-8282691
976,John B. Goodenough,John B. Goodenough,https://openalex.org/A5088016695,John B. Goodenough,W2023770840|US-8282691,W2023770840,US-8282691
802,Andrew Z. Fire,Andrew Z. Fire,https://openalex.org/A5057231025,Andrew Fire,W1647075334|US-8283329,W1647075334,US-8283329
803,Craig C. Mello,Craig C. Mello,https://openalex.org/A5029315886,Craig C. Mello,W1647075334|US-8283329,W1647075334,US-8283329
757,Koichi Tanaka,Koichi Tanaka,https://openalex.org/A5009335876,Kōichi Tanaka,W2153241587|US-8283625,W2153241587,US-8283625
398,Gerald M. Edelman,Gerald M. Edelman,https://openalex.org/A5111917213,Gerald M. Edelman,W1532019045|US-8285657,W1532019045,US-8285657
398,Gerald M. Edelman,Gerald M. Edelman,https://openalex.org/A5111917213,Gerald M. Edelman,W2073923969|US-8285657,W2073923969,US-8285657
398,Gerald M. Edelman,Gerald M. Edelman,https://openalex.org/A5111917213,Gerald M. Edelman,W1981642026|US-8285657,W1981642026,US-8285657
1012,Alain Aspect,Alain Aspect,https://openalex.org/A5046427077,Alain Aspect,W2054101843|US-8288712,W2054101843,US-8288712
279,Michael Smith,Michael Smith,https://openalex.org/A5101453839,Michael J. Smith,W2068339946|US-8293245,W2068339946,US-8293245
279,Michael Smith,Michael Smith,https://openalex.org/A5101453839,Michael J. Smith,W2051135997|US-8293245,W2051135997,US-8293245
279,Michael Smith,Michael Smith,https://openalex.org/A5101453839,Michael J. Smith,W2156679520|US-8293245,W2156679520,US-8293245
416,Hamilton O. Smith,Hamilton O. Smith,https://openalex.org/A5076771387,Hamilton O. Smith,W2127335580|US-8293251,W2127335580,US-8293251
908,Shuji Nakamura,Shuji Nakamura,https://openalex.org/A5030709847,Shuji Nakamura,W2086657067|US-8294166,W2086657067,US-8294166
908,Shuji Nakamura,Shuji Nakamura,https://openalex.org/A5030709847,Shuji Nakamura,W2067384691|US-8294166,W2067384691,US-8294166
1014,Anton Zeilinger,Anton Zeilinger,https://openalex.org/A5001105113,Anton Zeilinger,W2114351833|US-8294967,W2114351833,US-8294967
908,Shuji Nakamura,Shuji Nakamura,https://openalex.org/A5030709847,Shuji Nakamura,W2091533025|US-8299452,W2091533025,US-8299452
908,Shuji Nakamura,Shuji Nakamura,https://openalex.org/A5030709847,Shuji Nakamura,W2038923774|US-8299452,W2038923774,US-8299452
908,Shuji Nakamura,Shuji Nakamura,https://openalex.org/A5030709847,Shuji Nakamura,W1970146857|US-8299452,W1970146857,US-8299452
806,Roger D. Kornberg,Roger D. Kornberg,https://openalex.org/A5049465163,Roger D. Kornberg,W2140537016|US-8304257,W2140537016,US-8304257
806,Roger D. Kornberg,Roger D. Kornberg,https://openalex.org/A5049465163,Roger D. Kornberg,W2072113036|US-8304257,W2072113036,US-8304257
806,Roger D. Kornberg,Roger D. Kornberg,https://openalex.org/A5049465163,Roger D. Kornberg,W1983494079|US-8304257,W1983494079,US-8304257
803,Craig C. Mello,Craig C. Mello,https://openalex.org/A5029315886,Craig C. Mello,W4241434797|US-8304530,W4241434797,US-8304530
963,Frances H. Arnold,Frances H. Arnold,https://openalex.org/A5043841592,Frances H. Arnold,W2148331201|US-8309333,W2148331201,US-8309333
803,Craig C. Mello,Craig C. Mello,https://openalex.org/A5029315886,Craig C. Mello,W4241434797|US-8309705,W4241434797,US-8309705
1055,Omar M. Yaghi,Omar M. Yaghi,https://openalex.org/A5044268160,Omar M. Yaghi,W1654130197|US-8313559,W1654130197,US-8313559
1029,Moungi G. Bawendi,Moungi Bawendi,https://openalex.org/A5108389294,Moungi G. Bawendi,W2046865601|US-8313957,W2046865601,US-8313957
986,Michael Houghton,Michael Houghton,https://openalex.org/A5090612228,Michael Houghton,W2163692778|US-8318421,W2163692778,US-8318421
1039,David Baker,David Baker,https://openalex.org/A5053192926,David Baker,W1979652083|US-8318464,W1979652083,US-8318464
1039,David Baker,David Baker,https://openalex.org/A5053192926,David Baker,W1979652083|US-8318473,W1979652083,US-8318473
923,Aziz Sancar,Aziz Sancar,https://openalex.org/A5016678671,Aziz Sancar,W2161131836|US-8323987,W2161131836,US-8323987
406,David Baltimore,David Baltimore,https://openalex.org/A5042763205,David Baltimore,W2030692386|US-8329162,W2030692386,US-8329162
406,David Baltimore,David Baltimore,https://openalex.org/A5042763205,David Baltimore,W2074713417|US-8329162,W2074713417,US-8329162
825,Luc Montagnier,Luc Montagnier,https://openalex.org/A5016871448,Luc Montagnier,W58215616|US-8329396,W58215616,US-8329396
824,Françoise Barré-Sinoussi,Françoise Barré-Sinoussi,https://openalex.org/A5107827488,Françoise Barré‐Sinoussi,W58215616|US-8329396,W58215616,US-8329396
824,Françoise Barré-Sinoussi,Françoise Barré-Sinoussi,https://openalex.org/A5107827488,Françoise Barré‐Sinoussi,W2035553258|US-8329396,W2035553258,US-8329396
825,Luc Montagnier,Luc Montagnier,https://openalex.org/A5016871448,Luc Montagnier,W2035553258|US-8329396,W2035553258,US-8329396
879,Brian K. Kobilka,Brian Kobilka,https://openalex.org/A5079682203,Brian K. Kobilka,W2006998486|US-8329432,W2006998486,US-8329432
879,Brian K. Kobilka,Brian Kobilka,https://openalex.org/A5079682203,Brian K. Kobilka,W1825353903|US-8329432,W1825353903,US-8329432
879,Brian K. Kobilka,Brian Kobilka,https://openalex.org/A5079682203,Brian K. Kobilka,W2104477830|US-8329432,W2104477830,US-8329432
879,Brian K. Kobilka,Brian Kobilka,https://openalex.org/A5079682203,Brian K. Kobilka,W1988097700|US-8329432,W1988097700,US-8329432
449,Phillip A. Sharp,Phillip A. Sharp,https://openalex.org/A5022945869,Phillip A. Sharp,W2145638174|US-8329463,W2145638174,US-8329463
449,Phillip A. Sharp,Phillip A. Sharp,https://openalex.org/A5022945869,Phillip A. Sharp,W2166903671|US-8329463,W2166903671,US-8329463
432,Michael S. Brown,Michael S. Brown,https://openalex.org/A5079762911,Michael S. Brown,W2018127398|US-8329745,W2018127398,US-8329745
433,Joseph L. Goldstein,Joseph L. Goldstein,https://openalex.org/A5058164552,Joseph L. Goldstein,W2018127398|US-8329745,W2018127398,US-8329745
433,Joseph L. Goldstein,Joseph L. Goldstein,https://openalex.org/A5058164552,Joseph L. Goldstein,W2148142181|US-8329745,W2148142181,US-8329745
432,Michael S. Brown,Michael S. Brown,https://openalex.org/A5079762911,Michael S. Brown,W2148142181|US-8329745,W2148142181,US-8329745
432,Michael S. Brown,Michael S. Brown,https://openalex.org/A5079762911,Michael S. Brown,W2971910702|US-8329745,W2971910702,US-8329745
433,Joseph L. Goldstein,Joseph L. Goldstein,https://openalex.org/A5058164552,Joseph L. Goldstein,W2971910702|US-8329745,W2971910702,US-8329745
803,Craig C. Mello,Craig C. Mello,https://openalex.org/A5029315886,Craig C. Mello,W4241434797|US-8329892,W4241434797,US-8329892
908,Shuji Nakamura,Shuji Nakamura,https://openalex.org/A5030709847,Shuji Nakamura,W2069380506|US-8334151,W2069380506,US-8334151
995,Paul R. Milgrom,Paul R. Milgrom,https://openalex.org/A5054280613,Paul Milgrom,W3145395265|US-8335738,W3145395265,US-8335738
1039,David Baker,David Baker,https://openalex.org/A5053192926,David Baker,W1996142946|US-8340951,W1996142946,US-8340951
963,Frances H. Arnold,Frances H. Arnold,https://openalex.org/A5043841592,Frances H. Arnold,W2117206005|US-8343744,W2117206005,US-8343744
963,Frances H. Arnold,Frances H. Arnold,https://openalex.org/A5043841592,Frances H. Arnold,W2009774095|US-8343744,W2009774095,US-8343744
963,Frances H. Arnold,Frances H. Arnold,https://openalex.org/A5043841592,Frances H. Arnold,W2063112093|US-8343744,W2063112093,US-8343744
963,Frances H. Arnold,Frances H. Arnold,https://openalex.org/A5043841592,Frances H. Arnold,W2144572696|US-8343744,W2144572696,US-8343744
963,Frances H. Arnold,Frances H. Arnold,https://openalex.org/A5043841592,Frances H. Arnold,W2133834597|US-8343744,W2133834597,US-8343744
963,Frances H. Arnold,Frances H. Arnold,https://openalex.org/A5043841592,Frances H. Arnold,W2083112939|US-8343744,W2083112939,US-8343744
963,Frances H. Arnold,Frances H. Arnold,https://openalex.org/A5043841592,Frances H. Arnold,W2118802018|US-8343744,W2118802018,US-8343744
1015,Carolyn R. Bertozzi,Carolyn Bertozzi,https://openalex.org/A5088409133,Carolyn R. Bertozzi,W1979108979|US-8349910,W1979108979,US-8349910
1015,Carolyn R. Bertozzi,Carolyn Bertozzi,https://openalex.org/A5088409133,Carolyn R. Bertozzi,W1983639577|US-8349910,W1983639577,US-8349910
1015,Carolyn R. Bertozzi,Carolyn Bertozzi,https://openalex.org/A5088409133,Carolyn R. Bertozzi,W1979491356|US-8349910,W1979491356,US-8349910
796,Richard R. Schrock,Richard R. Schrock,https://openalex.org/A5079660000,Richard R. Schrock,W2079517466|US-8350073,W2079517466,US-8350073
796,Richard R. Schrock,Richard R. Schrock,https://openalex.org/A5079660000,Richard R. Schrock,W2051166993|US-8350073,W2051166993,US-8350073
796,Richard R. Schrock,Richard R. Schrock,https://openalex.org/A5079660000,Richard R. Schrock,W2056230987|US-8350073,W2056230987,US-8350073
796,Richard R. Schrock,Richard R. Schrock,https://openalex.org/A5079660000,Richard R. Schrock,W2085559683|US-8350073,W2085559683,US-8350073
796,Richard R. Schrock,Richard R. Schrock,https://openalex.org/A5079660000,Richard R. Schrock,W2047560320|US-8350073,W2047560320,US-8350073
908,Shuji Nakamura,Shuji Nakamura,https://openalex.org/A5030709847,Shuji Nakamura,W1980568722|US-8354679,W1980568722,US-8354679
908,Shuji Nakamura,Shuji Nakamura,https://openalex.org/A5030709847,Shuji Nakamura,W1996679350|US-8357925,W1996679350,US-8357925
908,Shuji Nakamura,Shuji Nakamura,https://openalex.org/A5030709847,Shuji Nakamura,W2059785697|US-8357925,W2059785697,US-8357925
908,Shuji Nakamura,Shuji Nakamura,https://openalex.org/A5030709847,Shuji Nakamura,W2091533025|US-8357925,W2091533025,US-8357925
908,Shuji Nakamura,Shuji Nakamura,https://openalex.org/A5030709847,Shuji Nakamura,W2060074122|US-8357925,W2060074122,US-8357925
908,Shuji Nakamura,Shuji Nakamura,https://openalex.org/A5030709847,Shuji Nakamura,W2048145282|US-8357925,W2048145282,US-8357925
997,David Julius,David Julius,https://openalex.org/A5014886042,David Julius,W1995330222|US-8361733,W1995330222,US-8361733
963,Frances H. Arnold,Frances H. Arnold,https://openalex.org/A5043841592,Frances H. Arnold,W2148331201|US-8361769,W2148331201,US-8361769
963,Frances H. Arnold,Frances H. Arnold,https://openalex.org/A5043841592,Frances H. Arnold,W2083112939|US-8361769,W2083112939,US-8361769
406,David Baltimore,David Baltimore,https://openalex.org/A5042763205,David Baltimore,W2135135539|US-8361787,W2135135539,US-8361787
795,Robert H. Grubbs,Robert H. Grubbs,https://openalex.org/A5078597191,Robert H. Grubbs,W2951085320|US-8361922,W2951085320,US-8361922
795,Robert H. Grubbs,Robert H. Grubbs,https://openalex.org/A5078597191,Robert H. Grubbs,W1965748825|US-8361922,W1965748825,US-8361922
406,David Baltimore,David Baltimore,https://openalex.org/A5042763205,David Baltimore,W2160724571|US-8361982,W2160724571,US-8361982
406,David Baltimore,David Baltimore,https://openalex.org/A5042763205,David Baltimore,W2135135539|US-8361982,W2135135539,US-8361982
449,Phillip A. Sharp,Phillip A. Sharp,https://openalex.org/A5022945869,Phillip A. Sharp,W2166903671|US-8362231,W2166903671,US-8362231
449,Phillip A. Sharp,Phillip A. Sharp,https://openalex.org/A5022945869,Phillip A. Sharp,W2145638174|US-8362231,W2145638174,US-8362231
796,Richard R. Schrock,Richard R. Schrock,https://openalex.org/A5079660000,Richard R. Schrock,W2267944202|US-8362311,W2267944202,US-8362311
796,Richard R. Schrock,Richard R. Schrock,https://openalex.org/A5079660000,Richard R. Schrock,W2157651545|US-8362311,W2157651545,US-8362311
796,Richard R. Schrock,Richard R. Schrock,https://openalex.org/A5079660000,Richard R. Schrock,W2000108344|US-8362311,W2000108344,US-8362311
963,Frances H. Arnold,Frances H. Arnold,https://openalex.org/A5043841592,Frances H. Arnold,W2133834597|US-8367386,W2133834597,US-8367386
406,David Baltimore,David Baltimore,https://openalex.org/A5042763205,David Baltimore,W2030692386|US-8372390,W2030692386,US-8372390
406,David Baltimore,David Baltimore,https://openalex.org/A5042763205,David Baltimore,W2074713417|US-8372390,W2074713417,US-8372390
149,David M. Lee,David M. Lee,https://openalex.org/A5004621751,David M. Lee,W1882946118|US-8372594,W1882946118,US-8372594
449,Phillip A. Sharp,Phillip A. Sharp,https://openalex.org/A5022945869,Phillip A. Sharp,W2166903671|US-8372968,W2166903671,US-8372968
449,Phillip A. Sharp,Phillip A. Sharp,https://openalex.org/A5022945869,Phillip A. Sharp,W2145638174|US-8372968,W2145638174,US-8372968
743,K. Barry Sharpless,K. Barry Sharpless,https://openalex.org/A5077401880,K. Barry Sharpless,W4256634851|US-8372986,W4256634851,US-8372986
743,K. Barry Sharpless,K. Barry Sharpless,https://openalex.org/A5077401880,K. Barry Sharpless,W2949084090|US-8372986,W2949084090,US-8372986
743,K. Barry Sharpless,K. Barry Sharpless,https://openalex.org/A5077401880,K. Barry Sharpless,W2951054450|US-8372986,W2951054450,US-8372986
743,K. Barry Sharpless,K. Barry Sharpless,https://openalex.org/A5077401880,K. Barry Sharpless,W2049800012|US-8372986,W2049800012,US-8372986
795,Robert H. Grubbs,Robert H. Grubbs,https://openalex.org/A5078597191,Robert H. Grubbs,W1979271043|US-8394330,W1979271043,US-8394330
449,Phillip A. Sharp,Phillip A. Sharp,https://openalex.org/A5022945869,Phillip A. Sharp,W2145638174|US-8394628,W2145638174,US-8394628
449,Phillip A. Sharp,Phillip A. Sharp,https://openalex.org/A5022945869,Phillip A. Sharp,W2166903671|US-8394628,W2166903671,US-8394628
286,Richard E. Smalley,Richard E. Smalley,https://openalex.org/A5015746014,R. E. Smalley,W2006114880|US-8394664,W2006114880,US-8394664
1029,Moungi G. Bawendi,Moungi Bawendi,https://openalex.org/A5108389294,Moungi G. Bawendi,W2315794948|US-8399939,W2315794948,US-8399939
1055,Omar M. Yaghi,Omar M. Yaghi,https://openalex.org/A5044268160,Omar M. Yaghi,W2079546053|US-8415493,W2079546053,US-8415493
1055,Omar M. Yaghi,Omar M. Yaghi,https://openalex.org/A5044268160,Omar M. Yaghi,W1677747913|US-8415493,W1677747913,US-8415493
449,Phillip A. Sharp,Phillip A. Sharp,https://openalex.org/A5022945869,Phillip A. Sharp,W2166903671|US-8420391,W2166903671,US-8420391
449,Phillip A. Sharp,Phillip A. Sharp,https://openalex.org/A5022945869,Phillip A. Sharp,W2145638174|US-8420391,W2145638174,US-8420391
917,Satoshi Ōmura,Satoshi Ōmura,https://openalex.org/A5045164227,Satoshi Ōmura,W1989512056|US-8426131,W1989512056,US-8426131
292,Ahmed H. Zewail,Ahmed Zewail,https://openalex.org/A5077807260,Ahmed H. Zewail,W2020006133|US-8429761,W2020006133,US-8429761
1015,Carolyn R. Bertozzi,Carolyn Bertozzi,https://openalex.org/A5088409133,Carolyn R. Bertozzi,W2009304941|US-8431558,W2009304941,US-8431558
1015,Carolyn R. Bertozzi,Carolyn Bertozzi,https://openalex.org/A5088409133,Carolyn R. Bertozzi,W1968222033|US-8431558,W1968222033,US-8431558
757,Koichi Tanaka,Koichi Tanaka,https://openalex.org/A5009335876,Kōichi Tanaka,W2095769598|US-8440414,W2095769598,US-8440414
737,Sir Paul M. Nurse,Sir Paul Nurse,https://openalex.org/A5019124036,Paul Nurse,W1648218360|US-8440414,W1648218360,US-8440414
737,Sir Paul M. Nurse,Sir Paul Nurse,https://openalex.org/A5019124036,Paul Nurse,W1644986253|US-8440414,W1644986253,US-8440414
280,George A. Olah,George A. Olah,https://openalex.org/A5071446330,George A. Olah,W2298556937|US-8440729,W2298556937,US-8440729
280,George A. Olah,George A. Olah,https://openalex.org/A5071446330,George A. Olah,W581878400|US-8440729,W581878400,US-8440729
280,George A. Olah,George A. Olah,https://openalex.org/A5071446330,George A. Olah,W2313145660|US-8440729,W2313145660,US-8440729
280,George A. Olah,George A. Olah,https://openalex.org/A5071446330,George A. Olah,W1970065659|US-8440729,W1970065659,US-8440729
292,Ahmed H. Zewail,Ahmed Zewail,https://openalex.org/A5077807260,Ahmed H. Zewail,W2275102204|US-8440970,W2275102204,US-8440970
292,Ahmed H. Zewail,Ahmed Zewail,https://openalex.org/A5077807260,Ahmed H. Zewail,W2134207752|US-8440970,W2134207752,US-8440970
292,Ahmed H. Zewail,Ahmed Zewail,https://openalex.org/A5077807260,Ahmed H. Zewail,W2566014805|US-8440970,W2566014805,US-8440970
292,Ahmed H. Zewail,Ahmed Zewail,https://openalex.org/A5077807260,Ahmed H. Zewail,W1970425293|US-8440970,W1970425293,US-8440970
292,Ahmed H. Zewail,Ahmed Zewail,https://openalex.org/A5077807260,Ahmed H. Zewail,W2031795478|US-8440970,W2031795478,US-8440970
292,Ahmed H. Zewail,Ahmed Zewail,https://openalex.org/A5077807260,Ahmed H. Zewail,W1981628475|US-8440970,W1981628475,US-8440970
292,Ahmed H. Zewail,Ahmed Zewail,https://openalex.org/A5077807260,Ahmed H. Zewail,W2115405822|US-8440970,W2115405822,US-8440970
292,Ahmed H. Zewail,Ahmed Zewail,https://openalex.org/A5077807260,Ahmed H. Zewail,W567916380|US-8440970,W567916380,US-8440970
292,Ahmed H. Zewail,Ahmed Zewail,https://openalex.org/A5077807260,Ahmed H. Zewail,W2070951363|US-8440970,W2070951363,US-8440970
292,Ahmed H. Zewail,Ahmed Zewail,https://openalex.org/A5077807260,Ahmed H. Zewail,W2032212746|US-8440970,W2032212746,US-8440970
292,Ahmed H. Zewail,Ahmed Zewail,https://openalex.org/A5077807260,Ahmed H. Zewail,W2082057748|US-8440970,W2082057748,US-8440970
292,Ahmed H. Zewail,Ahmed Zewail,https://openalex.org/A5077807260,Ahmed H. Zewail,W2083650825|US-8440970,W2083650825,US-8440970
292,Ahmed H. Zewail,Ahmed Zewail,https://openalex.org/A5077807260,Ahmed H. Zewail,W1996087426|US-8440970,W1996087426,US-8440970
292,Ahmed H. Zewail,Ahmed Zewail,https://openalex.org/A5077807260,Ahmed H. Zewail,W2014015460|US-8440970,W2014015460,US-8440970
292,Ahmed H. Zewail,Ahmed Zewail,https://openalex.org/A5077807260,Ahmed H. Zewail,W2148997563|US-8440970,W2148997563,US-8440970
292,Ahmed H. Zewail,Ahmed Zewail,https://openalex.org/A5077807260,Ahmed H. Zewail,W2037124125|US-8440970,W2037124125,US-8440970
292,Ahmed H. Zewail,Ahmed Zewail,https://openalex.org/A5077807260,Ahmed H. Zewail,W2040386359|US-8440970,W2040386359,US-8440970
292,Ahmed H. Zewail,Ahmed Zewail,https://openalex.org/A5077807260,Ahmed H. Zewail,W2345975993|US-8440970,W2345975993,US-8440970
1038,Geoffrey Hinton,Geoffrey Hinton,https://openalex.org/A5108093963,Geoffrey E. Hinton,W2184045248|US-8442821,W2184045248,US-8442821
1038,Geoffrey Hinton,Geoffrey Hinton,https://openalex.org/A5108093963,Geoffrey E. Hinton,W2160815625|US-8442821,W2160815625,US-8442821
449,Phillip A. Sharp,Phillip A. Sharp,https://openalex.org/A5022945869,Phillip A. Sharp,W2145638174|US-8445237,W2145638174,US-8445237
449,Phillip A. Sharp,Phillip A. Sharp,https://openalex.org/A5022945869,Phillip A. Sharp,W2166903671|US-8445237,W2166903671,US-8445237
908,Shuji Nakamura,Shuji Nakamura,https://openalex.org/A5030709847,Shuji Nakamura,W2046244387|US-8450192,W2046244387,US-8450192
908,Shuji Nakamura,Shuji Nakamura,https://openalex.org/A5030709847,Shuji Nakamura,W1985471753|US-8451876,W1985471753,US-8451876
908,Shuji Nakamura,Shuji Nakamura,https://openalex.org/A5030709847,Shuji Nakamura,W2013148254|US-8455885,W2013148254,US-8455885
280,George A. Olah,George A. Olah,https://openalex.org/A5071446330,George A. Olah,W2949426242|US-8461215,W2949426242,US-8461215
280,George A. Olah,George A. Olah,https://openalex.org/A5071446330,George A. Olah,W2108623890|US-8461215,W2108623890,US-8461215
280,George A. Olah,George A. Olah,https://openalex.org/A5071446330,George A. Olah,W1974801467|US-8461215,W1974801467,US-8461215
280,George A. Olah,George A. Olah,https://openalex.org/A5071446330,George A. Olah,W1974801467|US-8461217,W1974801467,US-8461217
280,George A. Olah,George A. Olah,https://openalex.org/A5071446330,George A. Olah,W2949426242|US-8461217,W2949426242,US-8461217
280,George A. Olah,George A. Olah,https://openalex.org/A5071446330,George A. Olah,W2149576395|US-8461217,W2149576395,US-8461217
280,George A. Olah,George A. Olah,https://openalex.org/A5071446330,George A. Olah,W2113086422|US-8461218,W2113086422,US-8461218
280,George A. Olah,George A. Olah,https://openalex.org/A5071446330,George A. Olah,W2950599912|US-8461218,W2950599912,US-8461218
280,George A. Olah,George A. Olah,https://openalex.org/A5071446330,George A. Olah,W1545857018|US-8461218,W1545857018,US-8461218
1015,Carolyn R. Bertozzi,Carolyn Bertozzi,https://openalex.org/A5088409133,Carolyn R. Bertozzi,W1968222033|US-8461298,W1968222033,US-8461298
1015,Carolyn R. Bertozzi,Carolyn Bertozzi,https://openalex.org/A5088409133,Carolyn R. Bertozzi,W2009304941|US-8461298,W2009304941,US-8461298
1015,Carolyn R. Bertozzi,Carolyn Bertozzi,https://openalex.org/A5088409133,Carolyn R. Bertozzi,W2070910610|US-8461403,W2070910610,US-8461403
908,Shuji Nakamura,Shuji Nakamura,https://openalex.org/A5030709847,Shuji Nakamura,W2027121711|US-8465588,W2027121711,US-8465588
291,John A. Pople,John Pople,https://openalex.org/A5038387078,John A. Pople,W1972108806|US-8465883,W1972108806,US-8465883
997,David Julius,David Julius,https://openalex.org/A5014886042,David Julius,W1995330222|US-8470545,W1995330222,US-8470545
992,Jennifer A. Doudna,Jennifer A. Doudna,https://openalex.org/A5067184382,Jennifer A. Doudna,W133766157|US-8470575,W133766157,US-8470575
842,Thomas A. Steitz,Thomas A. Steitz,https://openalex.org/A5005980770,Thomas A. Steitz,W1983534198|US-8470990,W1983534198,US-8470990
1002,Benjamin List,Benjamin List,https://openalex.org/A5040055598,Benjamin List,W2151119090|US-8471046,W2151119090,US-8471046
1002,Benjamin List,Benjamin List,https://openalex.org/A5040055598,Benjamin List,W1995102397|US-8471046,W1995102397,US-8471046
1002,Benjamin List,Benjamin List,https://openalex.org/A5040055598,Benjamin List,W2140306128|US-8471046,W2140306128,US-8471046
1002,Benjamin List,Benjamin List,https://openalex.org/A5040055598,Benjamin List,W2952320095|US-8471046,W2952320095,US-8471046
850,Konstantin Novoselov,Konstantin Novoselov,https://openalex.org/A5072248970,Kostya S. Novoselov,W2312266525|US-8471199,W2312266525,US-8471199
1055,Omar M. Yaghi,Omar M. Yaghi,https://openalex.org/A5044268160,Omar M. Yaghi,W2047198066|US-8480792,W2047198066,US-8480792
1029,Moungi G. Bawendi,Moungi Bawendi,https://openalex.org/A5108389294,Moungi G. Bawendi,W2044543075|US-8481112,W2044543075,US-8481112
1029,Moungi G. Bawendi,Moungi Bawendi,https://openalex.org/A5108389294,Moungi G. Bawendi,W2044543075|US-8481113,W2044543075,US-8481113
750,Sydney Brenner,Sydney Brenner,https://openalex.org/A5111910776,Sydney Brenner,W1580520822|US-8481292,W1580520822,US-8481292
750,Sydney Brenner,Sydney Brenner,https://openalex.org/A5111910776,Sydney Brenner,W2133385595|US-8481292,W2133385595,US-8481292
1024,Katalin Karikó,Katalin Karikó,https://openalex.org/A5030598859,Katalin Karikó,W2114208662|US-8481508,W2114208662,US-8481508
965,Sir Gregory P. Winter,Sir Gregory P. Winter,https://openalex.org/A5113550627,Greg Winter,W2083684074|US-8491906,W2083684074,US-8491906
416,Hamilton O. Smith,Hamilton O. Smith,https://openalex.org/A5076771387,Hamilton O. Smith,W2047612868|US-8497069,W2047612868,US-8497069
1055,Omar M. Yaghi,Omar M. Yaghi,https://openalex.org/A5044268160,Omar M. Yaghi,W1654130197|US-8501150,W1654130197,US-8501150
441,Harold E. Varmus,Harold E. Varmus,https://openalex.org/A5023586836,Harold Varmus,W2139236349|US-8501413,W2139236349,US-8501413
441,Harold E. Varmus,Harold E. Varmus,https://openalex.org/A5023586836,Harold Varmus,W2002937040|US-8501413,W2002937040,US-8501413
441,Harold E. Varmus,Harold E. Varmus,https://openalex.org/A5023586836,Harold Varmus,W2121389354|US-8501413,W2121389354,US-8501413
441,Harold E. Varmus,Harold E. Varmus,https://openalex.org/A5023586836,Harold Varmus,W2002144745|US-8501413,W2002144745,US-8501413
908,Shuji Nakamura,Shuji Nakamura,https://openalex.org/A5030709847,Shuji Nakamura,W2043469040|US-8502246,W2043469040,US-8502246
908,Shuji Nakamura,Shuji Nakamura,https://openalex.org/A5030709847,Shuji Nakamura,W2066198776|US-8502246,W2066198776,US-8502246
908,Shuji Nakamura,Shuji Nakamura,https://openalex.org/A5030709847,Shuji Nakamura,W2002495367|US-8502246,W2002495367,US-8502246
908,Shuji Nakamura,Shuji Nakamura,https://openalex.org/A5030709847,Shuji Nakamura,W1990194382|US-8502246,W1990194382,US-8502246
908,Shuji Nakamura,Shuji Nakamura,https://openalex.org/A5030709847,Shuji Nakamura,W2065999961|US-8502246,W2065999961,US-8502246
908,Shuji Nakamura,Shuji Nakamura,https://openalex.org/A5030709847,Shuji Nakamura,W1977910099|US-8502246,W1977910099,US-8502246
286,Richard E. Smalley,Richard E. Smalley,https://openalex.org/A5015746014,R. E. Smalley,W2066994989|US-8506921,W2066994989,US-8506921
1055,Omar M. Yaghi,Omar M. Yaghi,https://openalex.org/A5044268160,Omar M. Yaghi,W2118298691|US-8507406,W2118298691,US-8507406
412,Andrew V. Schally,Andrew V. Schally,https://openalex.org/A5068739269,Andrew V. Schally,W2343951617|US-8507433,W2343951617,US-8507433
412,Andrew V. Schally,Andrew V. Schally,https://openalex.org/A5068739269,Andrew V. Schally,W1641708352|US-8507433,W1641708352,US-8507433
412,Andrew V. Schally,Andrew V. Schally,https://openalex.org/A5068739269,Andrew V. Schally,W1975703863|US-8507433,W1975703863,US-8507433
412,Andrew V. Schally,Andrew V. Schally,https://openalex.org/A5068739269,Andrew V. Schally,W2000297078|US-8507433,W2000297078,US-8507433
412,Andrew V. Schally,Andrew V. Schally,https://openalex.org/A5068739269,Andrew V. Schally,W1978744153|US-8507433,W1978744153,US-8507433
412,Andrew V. Schally,Andrew V. Schally,https://openalex.org/A5068739269,Andrew V. Schally,W2022211087|US-8507433,W2022211087,US-8507433
917,Satoshi Ōmura,Satoshi Ōmura,https://openalex.org/A5045164227,Satoshi Ōmura,W2918065838|US-8519128,W2918065838,US-8519128
917,Satoshi Ōmura,Satoshi Ōmura,https://openalex.org/A5045164227,Satoshi Ōmura,W2000643387|US-8519128,W2000643387,US-8519128
917,Satoshi Ōmura,Satoshi Ōmura,https://openalex.org/A5045164227,Satoshi Ōmura,W2917194112|US-8519128,W2917194112,US-8519128
908,Shuji Nakamura,Shuji Nakamura,https://openalex.org/A5030709847,Shuji Nakamura,W2054386325|US-8524012,W2054386325,US-8524012
908,Shuji Nakamura,Shuji Nakamura,https://openalex.org/A5030709847,Shuji Nakamura,W2046244387|US-8524012,W2046244387,US-8524012
908,Shuji Nakamura,Shuji Nakamura,https://openalex.org/A5030709847,Shuji Nakamura,W2150758476|US-8524012,W2150758476,US-8524012
908,Shuji Nakamura,Shuji Nakamura,https://openalex.org/A5030709847,Shuji Nakamura,W4252600510|US-8524012,W4252600510,US-8524012
416,Hamilton O. Smith,Hamilton O. Smith,https://openalex.org/A5076771387,Hamilton O. Smith,W2127335580|US-8524251,W2127335580,US-8524251
1029,Moungi G. Bawendi,Moungi Bawendi,https://openalex.org/A5108389294,Moungi G. Bawendi,W2106098810|US-8525303,W2106098810,US-8525303
1030,Louis E. Brus,Louis Brus,https://openalex.org/A5012651049,Louis E. Brus,W2053212223|US-8529994,W2053212223,US-8529994
875,Shinya Yamanaka,Shinya Yamanaka,https://openalex.org/A5081862387,Shinya Yamanaka,W2054521968|US-8530238,W2054521968,US-8530238
875,Shinya Yamanaka,Shinya Yamanaka,https://openalex.org/A5081862387,Shinya Yamanaka,W2138977668|US-8530238,W2138977668,US-8530238
875,Shinya Yamanaka,Shinya Yamanaka,https://openalex.org/A5081862387,Shinya Yamanaka,W2125987139|US-8530238,W2125987139,US-8530238
875,Shinya Yamanaka,Shinya Yamanaka,https://openalex.org/A5081862387,Shinya Yamanaka,W2045081995|US-8530238,W2045081995,US-8530238
875,Shinya Yamanaka,Shinya Yamanaka,https://openalex.org/A5081862387,Shinya Yamanaka,W1978173381|US-8530238,W1978173381,US-8530238
875,Shinya Yamanaka,Shinya Yamanaka,https://openalex.org/A5081862387,Shinya Yamanaka,W2053911973|US-8530238,W2053911973,US-8530238
803,Craig C. Mello,Craig C. Mello,https://openalex.org/A5029315886,Craig C. Mello,W2141573080|US-8530438,W2141573080,US-8530438
879,Brian K. Kobilka,Brian Kobilka,https://openalex.org/A5079682203,Brian K. Kobilka,W2086075518|US-8530631,W2086075518,US-8530631
879,Brian K. Kobilka,Brian Kobilka,https://openalex.org/A5079682203,Brian K. Kobilka,W1995646338|US-8530631,W1995646338,US-8530631
879,Brian K. Kobilka,Brian Kobilka,https://openalex.org/A5079682203,Brian K. Kobilka,W2109336177|US-8530631,W2109336177,US-8530631
971,Sir Peter J. Ratcliffe,Sir Peter J. Ratcliffe,https://openalex.org/A5064727417,Peter J. Ratcliffe,W1972382264|US-8535899,W1972382264,US-8535899
971,Sir Peter J. Ratcliffe,Sir Peter J. Ratcliffe,https://openalex.org/A5064727417,Peter J. Ratcliffe,W2005868568|US-8535899,W2005868568,US-8535899
908,Shuji Nakamura,Shuji Nakamura,https://openalex.org/A5030709847,Shuji Nakamura,W2069380506|US-8536618,W2069380506,US-8536618
286,Richard E. Smalley,Richard E. Smalley,https://openalex.org/A5015746014,R. E. Smalley,W211738722|US-8540959,W211738722,US-8540959
286,Richard E. Smalley,Richard E. Smalley,https://openalex.org/A5015746014,R. E. Smalley,W2062055870|US-8540959,W2062055870,US-8540959
286,Richard E. Smalley,Richard E. Smalley,https://openalex.org/A5015746014,R. E. Smalley,W1977746137|US-8540959,W1977746137,US-8540959
457,Stanley B. Prusiner,Stanley B. Prusiner,https://openalex.org/A5066991343,Stanley B. Prusiner,W1960947071|US-8541166,W1960947071,US-8541166
1029,Moungi G. Bawendi,Moungi Bawendi,https://openalex.org/A5108389294,Moungi G. Bawendi,W2125558516|US-8541810,W2125558516,US-8541810
1029,Moungi G. Bawendi,Moungi Bawendi,https://openalex.org/A5108389294,Moungi G. Bawendi,W4240936446|US-8541810,W4240936446,US-8541810
908,Shuji Nakamura,Shuji Nakamura,https://openalex.org/A5030709847,Shuji Nakamura,W2093064331|US-8541869,W2093064331,US-8541869
908,Shuji Nakamura,Shuji Nakamura,https://openalex.org/A5030709847,Shuji Nakamura,W2057150452|US-8541869,W2057150452,US-8541869
811,Mario R. Capecchi,Mario R. Capecchi,https://openalex.org/A5065080973,Mario R. Capecchi,W2115847473|US-8546135,W2115847473,US-8546135
875,Shinya Yamanaka,Shinya Yamanaka,https://openalex.org/A5081862387,Shinya Yamanaka,W2589020817|US-8546141,W2589020817,US-8546141
796,Richard R. Schrock,Richard R. Schrock,https://openalex.org/A5079660000,Richard R. Schrock,W2033447654|US-8546500,W2033447654,US-8546500
958,James P. Allison,James P. Allison,https://openalex.org/A5047117233,James P. Allison,W2118705059|US-8546541,W2118705059,US-8546541
780,Avram Hershko,Avram Hershko,https://openalex.org/A5035630459,Avram Hershko,W1969210627|US-8551969,W1969210627,US-8551969
406,David Baltimore,David Baltimore,https://openalex.org/A5042763205,David Baltimore,W1479988914|US-8552150,W1479988914,US-8552150
959,Tasuku Honjo,Tasuku Honjo,https://openalex.org/A5019039647,Tasuku Honjo,W2071432396|US-8552154,W2071432396,US-8552154
449,Phillip A. Sharp,Phillip A. Sharp,https://openalex.org/A5022945869,Phillip A. Sharp,W2166903671|US-8552171,W2166903671,US-8552171
449,Phillip A. Sharp,Phillip A. Sharp,https://openalex.org/A5022945869,Phillip A. Sharp,W2145638174|US-8552171,W2145638174,US-8552171
796,Richard R. Schrock,Richard R. Schrock,https://openalex.org/A5079660000,Richard R. Schrock,W2057117951|US-8552242,W2057117951,US-8552242
803,Craig C. Mello,Craig C. Mello,https://openalex.org/A5029315886,Craig C. Mello,W2141573080|US-8557785,W2141573080,US-8557785
286,Richard E. Smalley,Richard E. Smalley,https://openalex.org/A5015746014,R. E. Smalley,W1963524743|US-8562935,W1963524743,US-8562935
286,Richard E. Smalley,Richard E. Smalley,https://openalex.org/A5015746014,R. E. Smalley,W2033749202|US-8562935,W2033749202,US-8562935
863,Ralph M. Steinman,Ralph M. Steinman,https://openalex.org/A5113434905,Ralph M. Steinman,W2017140343|US-8563308,W2017140343,US-8563308
863,Ralph M. Steinman,Ralph M. Steinman,https://openalex.org/A5113434905,Ralph M. Steinman,W2024351056|US-8563308,W2024351056,US-8563308
987,Charles M. Rice,Charles M. Rice,https://openalex.org/A5019683467,Charles M. Rice,W2119571917|US-8563706,W2119571917,US-8563706
742,Ryoji Noyori,Ryoji Noyori,https://openalex.org/A5054350731,Ryōji Noyori,W2950474765|US-8563739,W2950474765,US-8563739
742,Ryoji Noyori,Ryoji Noyori,https://openalex.org/A5054350731,Ryōji Noyori,W2120410660|US-8563739,W2120410660,US-8563739
995,Paul R. Milgrom,Paul R. Milgrom,https://openalex.org/A5054280613,Paul Milgrom,W3125810850|US-8566211,W3125810850,US-8566211
995,Paul R. Milgrom,Paul R. Milgrom,https://openalex.org/A5054280613,Paul Milgrom,W2102636809|US-8566211,W2102636809,US-8566211
292,Ahmed H. Zewail,Ahmed Zewail,https://openalex.org/A5077807260,Ahmed H. Zewail,W2020006133|US-8569695,W2020006133,US-8569695
995,Paul R. Milgrom,Paul R. Milgrom,https://openalex.org/A5054280613,Paul Milgrom,W3145395265|US-8577746,W3145395265,US-8577746
995,Paul R. Milgrom,Paul R. Milgrom,https://openalex.org/A5054280613,Paul Milgrom,W3140404691|US-8577746,W3140404691,US-8577746
995,Paul R. Milgrom,Paul R. Milgrom,https://openalex.org/A5054280613,Paul Milgrom,W2143712715|US-8577746,W2143712715,US-8577746
910,Stefan W. Hell,Stefan W. Hell,https://openalex.org/A5088219208,Stefan W. Hell,W2026939549|US-8580579,W2026939549,US-8580579
910,Stefan W. Hell,Stefan W. Hell,https://openalex.org/A5088219208,Stefan W. Hell,W2097537701|US-8580579,W2097537701,US-8580579
802,Andrew Z. Fire,Andrew Z. Fire,https://openalex.org/A5057231025,Andrew Fire,W1647075334|US-8580754,W1647075334,US-8580754
803,Craig C. Mello,Craig C. Mello,https://openalex.org/A5029315886,Craig C. Mello,W1647075334|US-8580754,W1647075334,US-8580754
743,K. Barry Sharpless,K. Barry Sharpless,https://openalex.org/A5077401880,K. Barry Sharpless,W2162586071|US-8580970,W2162586071,US-8580970
1027,Ferenc Krausz,Ferenc Krausz,https://openalex.org/A5049801219,Ferenc Krausz,W2129861719|US-8582610,W2129861719,US-8582610
910,Stefan W. Hell,Stefan W. Hell,https://openalex.org/A5088219208,Stefan W. Hell,W2078351105|US-8586945,W2078351105,US-8586945
1055,Omar M. Yaghi,Omar M. Yaghi,https://openalex.org/A5044268160,Omar M. Yaghi,W2118298691|US-8597406,W2118298691,US-8597406
406,David Baltimore,David Baltimore,https://openalex.org/A5042763205,David Baltimore,W1998626097|US-8598137,W1998626097,US-8598137
803,Craig C. Mello,Craig C. Mello,https://openalex.org/A5029315886,Craig C. Mello,W4241434797|US-8598143,W4241434797,US-8598143
723,Paul Greengard,Paul Greengard,https://openalex.org/A5052825834,Paul Greengard,W2140822113|US-8598171,W2140822113,US-8598171
796,Richard R. Schrock,Richard R. Schrock,https://openalex.org/A5079660000,Richard R. Schrock,W2057117951|US-8598400,W2057117951,US-8598400
963,Frances H. Arnold,Frances H. Arnold,https://openalex.org/A5043841592,Frances H. Arnold,W2017474351|US-8603949,W2017474351,US-8603949
963,Frances H. Arnold,Frances H. Arnold,https://openalex.org/A5043841592,Frances H. Arnold,W2008450196|US-8603949,W2008450196,US-8603949
963,Frances H. Arnold,Frances H. Arnold,https://openalex.org/A5043841592,Frances H. Arnold,W2004291513|US-8603949,W2004291513,US-8603949
795,Robert H. Grubbs,Robert H. Grubbs,https://openalex.org/A5078597191,Robert H. Grubbs,W1999748098|US-8604141,W1999748098,US-8604141
795,Robert H. Grubbs,Robert H. Grubbs,https://openalex.org/A5078597191,Robert H. Grubbs,W2071140820|US-8604141,W2071140820,US-8604141
259,Aaron Klug,Aaron Klug,https://openalex.org/A5106084352,Aaron Klug,W2070528577|US-8617807,W2070528577,US-8617807
259,Aaron Klug,Aaron Klug,https://openalex.org/A5106084352,Aaron Klug,W2128328355|US-8617807,W2128328355,US-8617807
910,Stefan W. Hell,Stefan W. Hell,https://openalex.org/A5088219208,Stefan W. Hell,W2164353279|US-8617827,W2164353279,US-8617827
910,Stefan W. Hell,Stefan W. Hell,https://openalex.org/A5088219208,Stefan W. Hell,W2062508729|US-8617827,W2062508729,US-8617827
910,Stefan W. Hell,Stefan W. Hell,https://openalex.org/A5088219208,Stefan W. Hell,W1994923502|US-8617827,W1994923502,US-8617827
922,Paul Modrich,Paul Modrich,https://openalex.org/A5060041272,Paul Modrich,W2009319344|US-8623600,W2009319344,US-8623600
908,Shuji Nakamura,Shuji Nakamura,https://openalex.org/A5030709847,Shuji Nakamura,W2082298130|US-8624281,W2082298130,US-8624281
909,Eric Betzig,Eric Betzig,https://openalex.org/A5048568518,Eric Betzig,W2051758470|US-8629413,W2051758470,US-8629413
449,Phillip A. Sharp,Phillip A. Sharp,https://openalex.org/A5022945869,Phillip A. Sharp,W2145638174|US-8632997,W2145638174,US-8632997
449,Phillip A. Sharp,Phillip A. Sharp,https://openalex.org/A5022945869,Phillip A. Sharp,W2166903671|US-8632997,W2166903671,US-8632997
908,Shuji Nakamura,Shuji Nakamura,https://openalex.org/A5030709847,Shuji Nakamura,W2086657067|US-8637334,W2086657067,US-8637334
908,Shuji Nakamura,Shuji Nakamura,https://openalex.org/A5030709847,Shuji Nakamura,W1977180494|US-8637334,W1977180494,US-8637334
908,Shuji Nakamura,Shuji Nakamura,https://openalex.org/A5030709847,Shuji Nakamura,W2069380506|US-8637334,W2069380506,US-8637334
879,Brian K. Kobilka,Brian Kobilka,https://openalex.org/A5079682203,Brian K. Kobilka,W2006998486|US-8637639,W2006998486,US-8637639
879,Brian K. Kobilka,Brian Kobilka,https://openalex.org/A5079682203,Brian K. Kobilka,W1988097700|US-8637639,W1988097700,US-8637639
879,Brian K. Kobilka,Brian Kobilka,https://openalex.org/A5079682203,Brian K. Kobilka,W1825353903|US-8637639,W1825353903,US-8637639
879,Brian K. Kobilka,Brian Kobilka,https://openalex.org/A5079682203,Brian K. Kobilka,W2104477830|US-8637639,W2104477830,US-8637639
723,Paul Greengard,Paul Greengard,https://openalex.org/A5052825834,Paul Greengard,W2151057590|US-8642341,W2151057590,US-8642341
908,Shuji Nakamura,Shuji Nakamura,https://openalex.org/A5030709847,Shuji Nakamura,W2002577423|US-8642993,W2002577423,US-8642993
1029,Moungi G. Bawendi,Moungi Bawendi,https://openalex.org/A5108389294,Moungi G. Bawendi,W2027310013|US-8643058,W2027310013,US-8643058
831,Roger Y. Tsien,Roger Y. Tsien,https://openalex.org/A5109193097,Roger Y. Tsien,W2079416470|US-8653037,W2079416470,US-8653037
908,Shuji Nakamura,Shuji Nakamura,https://openalex.org/A5030709847,Shuji Nakamura,W2060074122|US-8653503,W2060074122,US-8653503
908,Shuji Nakamura,Shuji Nakamura,https://openalex.org/A5030709847,Shuji Nakamura,W2059785697|US-8653503,W2059785697,US-8653503
908,Shuji Nakamura,Shuji Nakamura,https://openalex.org/A5030709847,Shuji Nakamura,W2048145282|US-8653503,W2048145282,US-8653503
908,Shuji Nakamura,Shuji Nakamura,https://openalex.org/A5030709847,Shuji Nakamura,W1996679350|US-8653503,W1996679350,US-8653503
908,Shuji Nakamura,Shuji Nakamura,https://openalex.org/A5030709847,Shuji Nakamura,W2091533025|US-8653503,W2091533025,US-8653503
987,Charles M. Rice,Charles M. Rice,https://openalex.org/A5019683467,Charles M. Rice,W2157843875|US-8663648,W2157843875,US-8663648
987,Charles M. Rice,Charles M. Rice,https://openalex.org/A5019683467,Charles M. Rice,W1985055250|US-8663648,W1985055250,US-8663648
831,Roger Y. Tsien,Roger Y. Tsien,https://openalex.org/A5109193097,Roger Y. Tsien,W2117457196|US-8669074,W2117457196,US-8669074
406,David Baltimore,David Baltimore,https://openalex.org/A5042763205,David Baltimore,W2155605501|US-8669235,W2155605501,US-8669235
406,David Baltimore,David Baltimore,https://openalex.org/A5042763205,David Baltimore,W2549657123|US-8669235,W2549657123,US-8669235
406,David Baltimore,David Baltimore,https://openalex.org/A5042763205,David Baltimore,W2098199767|US-8669235,W2098199767,US-8669235
406,David Baltimore,David Baltimore,https://openalex.org/A5042763205,David Baltimore,W2075860675|US-8669235,W2075860675,US-8669235
908,Shuji Nakamura,Shuji Nakamura,https://openalex.org/A5030709847,Shuji Nakamura,W2061944834|US-8679876,W2061944834,US-8679876
288,John E. Walker,John E. Walker,https://openalex.org/A5007387177,John E. Walker,W2040428876|US-8684189,W2040428876,US-8684189
831,Roger Y. Tsien,Roger Y. Tsien,https://openalex.org/A5109193097,Roger Y. Tsien,W2071904818|US-8685372,W2071904818,US-8685372
750,Sydney Brenner,Sydney Brenner,https://openalex.org/A5111910776,Sydney Brenner,W1580520822|US-8685678,W1580520822,US-8685678
750,Sydney Brenner,Sydney Brenner,https://openalex.org/A5111910776,Sydney Brenner,W2133385595|US-8685678,W2133385595,US-8685678
448,Richard J. Roberts,Richard J. Roberts,https://openalex.org/A5091034547,Richard J. Roberts,W2118473805|US-8685689,W2118473805,US-8685689
406,David Baltimore,David Baltimore,https://openalex.org/A5042763205,David Baltimore,W2115048931|US-8685727,W2115048931,US-8685727
406,David Baltimore,David Baltimore,https://openalex.org/A5042763205,David Baltimore,W2048178760|US-8685727,W2048178760,US-8685727
803,Craig C. Mello,Craig C. Mello,https://openalex.org/A5029315886,Craig C. Mello,W4241434797|US-8685946,W4241434797,US-8685946
292,Ahmed H. Zewail,Ahmed Zewail,https://openalex.org/A5077807260,Ahmed H. Zewail,W2083650825|US-8686359,W2083650825,US-8686359
292,Ahmed H. Zewail,Ahmed Zewail,https://openalex.org/A5077807260,Ahmed H. Zewail,W1996087426|US-8686359,W1996087426,US-8686359
292,Ahmed H. Zewail,Ahmed Zewail,https://openalex.org/A5077807260,Ahmed H. Zewail,W2032212746|US-8686359,W2032212746,US-8686359
292,Ahmed H. Zewail,Ahmed Zewail,https://openalex.org/A5077807260,Ahmed H. Zewail,W2345975993|US-8686359,W2345975993,US-8686359
292,Ahmed H. Zewail,Ahmed Zewail,https://openalex.org/A5077807260,Ahmed H. Zewail,W2082057748|US-8686359,W2082057748,US-8686359
292,Ahmed H. Zewail,Ahmed Zewail,https://openalex.org/A5077807260,Ahmed H. Zewail,W2148997563|US-8686359,W2148997563,US-8686359
292,Ahmed H. Zewail,Ahmed Zewail,https://openalex.org/A5077807260,Ahmed H. Zewail,W567916380|US-8686359,W567916380,US-8686359
292,Ahmed H. Zewail,Ahmed Zewail,https://openalex.org/A5077807260,Ahmed H. Zewail,W2115405822|US-8686359,W2115405822,US-8686359
292,Ahmed H. Zewail,Ahmed Zewail,https://openalex.org/A5077807260,Ahmed H. Zewail,W2275102204|US-8686359,W2275102204,US-8686359
292,Ahmed H. Zewail,Ahmed Zewail,https://openalex.org/A5077807260,Ahmed H. Zewail,W2134207752|US-8686359,W2134207752,US-8686359
292,Ahmed H. Zewail,Ahmed Zewail,https://openalex.org/A5077807260,Ahmed H. Zewail,W2031795478|US-8686359,W2031795478,US-8686359
292,Ahmed H. Zewail,Ahmed Zewail,https://openalex.org/A5077807260,Ahmed H. Zewail,W2016366175|US-8686359,W2016366175,US-8686359
292,Ahmed H. Zewail,Ahmed Zewail,https://openalex.org/A5077807260,Ahmed H. Zewail,W2014015460|US-8686359,W2014015460,US-8686359
292,Ahmed H. Zewail,Ahmed Zewail,https://openalex.org/A5077807260,Ahmed H. Zewail,W2566014805|US-8686359,W2566014805,US-8686359
292,Ahmed H. Zewail,Ahmed Zewail,https://openalex.org/A5077807260,Ahmed H. Zewail,W2040386359|US-8686359,W2040386359,US-8686359
292,Ahmed H. Zewail,Ahmed Zewail,https://openalex.org/A5077807260,Ahmed H. Zewail,W2037124125|US-8686359,W2037124125,US-8686359
292,Ahmed H. Zewail,Ahmed Zewail,https://openalex.org/A5077807260,Ahmed H. Zewail,W1981628475|US-8686359,W1981628475,US-8686359
292,Ahmed H. Zewail,Ahmed Zewail,https://openalex.org/A5077807260,Ahmed H. Zewail,W2070951363|US-8686359,W2070951363,US-8686359
292,Ahmed H. Zewail,Ahmed Zewail,https://openalex.org/A5077807260,Ahmed H. Zewail,W1970425293|US-8686359,W1970425293,US-8686359
908,Shuji Nakamura,Shuji Nakamura,https://openalex.org/A5030709847,Shuji Nakamura,W2052944313|US-8686397,W2052944313,US-8686397
908,Shuji Nakamura,Shuji Nakamura,https://openalex.org/A5030709847,Shuji Nakamura,W2057168482|US-8686397,W2057168482,US-8686397
908,Shuji Nakamura,Shuji Nakamura,https://openalex.org/A5030709847,Shuji Nakamura,W2050934862|US-8686397,W2050934862,US-8686397
130,J. Georg Bednorz,J. Georg Bednorz,https://openalex.org/A5112801181,J. G. Bednorz,W2021404872|US-8688181,W2021404872,US-8688181
131,K. Alexander Müller,K. Alex Müller,https://openalex.org/A5025810793,K. A. Müller,W2021404872|US-8688181,W2021404872,US-8688181
131,K. Alexander Müller,K. Alex Müller,https://openalex.org/A5025810793,K. A. Müller,W1493578394|US-8688181,W1493578394,US-8688181
130,J. Georg Bednorz,J. Georg Bednorz,https://openalex.org/A5112801181,J. G. Bednorz,W1493578394|US-8688181,W1493578394,US-8688181
1039,David Baker,David Baker,https://openalex.org/A5053192926,David Baker,W2066381187|US-8688427,W2066381187,US-8688427
412,Andrew V. Schally,Andrew V. Schally,https://openalex.org/A5068739269,Andrew V. Schally,W1966811598|US-8691942,W1966811598,US-8691942
1025,Drew Weissman,Drew Weissman,https://openalex.org/A5068253145,Drew Weissman,W81209440|US-8691966,W81209440,US-8691966
1024,Katalin Karikó,Katalin Karikó,https://openalex.org/A5030598859,Katalin Karikó,W81209440|US-8691966,W81209440,US-8691966
908,Shuji Nakamura,Shuji Nakamura,https://openalex.org/A5030709847,Shuji Nakamura,W2024316099|US-8692105,W2024316099,US-8692105
908,Shuji Nakamura,Shuji Nakamura,https://openalex.org/A5030709847,Shuji Nakamura,W2042652333|US-8692105,W2042652333,US-8692105
911,William E. Moerner,William E. Moerner,https://openalex.org/A5068018832,W. E. Moerner,W4231350070|US-8693742,W4231350070,US-8693742
911,William E. Moerner,William E. Moerner,https://openalex.org/A5068018832,W. E. Moerner,W2089438292|US-8693742,W2089438292,US-8693742
911,William E. Moerner,William E. Moerner,https://openalex.org/A5068018832,W. E. Moerner,W2172107893|US-8693742,W2172107893,US-8693742
757,Koichi Tanaka,Koichi Tanaka,https://openalex.org/A5009335876,Kōichi Tanaka,W2002885752|US-8697651,W2002885752,US-8697651
406,David Baltimore,David Baltimore,https://openalex.org/A5042763205,David Baltimore,W2552461555|US-8697672,W2552461555,US-8697672
406,David Baltimore,David Baltimore,https://openalex.org/A5042763205,David Baltimore,W2049772720|US-8697672,W2049772720,US-8697672
406,David Baltimore,David Baltimore,https://openalex.org/A5042763205,David Baltimore,W2094057765|US-8697672,W2094057765,US-8697672
406,David Baltimore,David Baltimore,https://openalex.org/A5042763205,David Baltimore,W2075860675|US-8697672,W2075860675,US-8697672
406,David Baltimore,David Baltimore,https://openalex.org/A5042763205,David Baltimore,W2160098916|US-8697672,W2160098916,US-8697672
280,George A. Olah,George A. Olah,https://openalex.org/A5071446330,George A. Olah,W1970065659|US-8697759,W1970065659,US-8697759
280,George A. Olah,George A. Olah,https://openalex.org/A5071446330,George A. Olah,W581878400|US-8697759,W581878400,US-8697759
280,George A. Olah,George A. Olah,https://openalex.org/A5071446330,George A. Olah,W2313145660|US-8697759,W2313145660,US-8697759
286,Richard E. Smalley,Richard E. Smalley,https://openalex.org/A5015746014,R. E. Smalley,W1978378524|US-8703092,W1978378524,US-8703092
987,Charles M. Rice,Charles M. Rice,https://openalex.org/A5019683467,Charles M. Rice,W2075147482|US-8703149,W2075147482,US-8703149
291,John A. Pople,John Pople,https://openalex.org/A5038387078,John A. Pople,W2053898826|US-8703310,W2053898826,US-8703310
795,Robert H. Grubbs,Robert H. Grubbs,https://openalex.org/A5078597191,Robert H. Grubbs,W2949646005|US-8703965,W2949646005,US-8703965
795,Robert H. Grubbs,Robert H. Grubbs,https://openalex.org/A5078597191,Robert H. Grubbs,W2016177395|US-8703965,W2016177395,US-8703965
286,Richard E. Smalley,Richard E. Smalley,https://openalex.org/A5015746014,R. E. Smalley,W2006114880|US-8709373,W2006114880,US-8709373
958,James P. Allison,James P. Allison,https://openalex.org/A5047117233,James P. Allison,W2157041114|US-8709417,W2157041114,US-8709417
958,James P. Allison,James P. Allison,https://openalex.org/A5047117233,James P. Allison,W1621831367|US-8709417,W1621831367,US-8709417
274,Thomas R. Cech,Thomas R. Cech,https://openalex.org/A5017573996,Thomas R. Cech,W2079378073|US-8709995,W2079378073,US-8709995
750,Sydney Brenner,Sydney Brenner,https://openalex.org/A5111910776,Sydney Brenner,W1580520822|US-8715967,W1580520822,US-8715967
750,Sydney Brenner,Sydney Brenner,https://openalex.org/A5111910776,Sydney Brenner,W2133385595|US-8715967,W2133385595,US-8715967
909,Eric Betzig,Eric Betzig,https://openalex.org/A5048568518,Eric Betzig,W2010732138|US-8718106,W2010732138,US-8718106
909,Eric Betzig,Eric Betzig,https://openalex.org/A5048568518,Eric Betzig,W4241765618|US-8718106,W4241765618,US-8718106
750,Sydney Brenner,Sydney Brenner,https://openalex.org/A5111910776,Sydney Brenner,W1580520822|US-8722368,W1580520822,US-8722368
750,Sydney Brenner,Sydney Brenner,https://openalex.org/A5111910776,Sydney Brenner,W2133385595|US-8722368,W2133385595,US-8722368
963,Frances H. Arnold,Frances H. Arnold,https://openalex.org/A5043841592,Frances H. Arnold,W2133834597|US-8722371,W2133834597,US-8722371
98,Ivar Giaever,Ivar Giaever,https://openalex.org/A5074066171,Ivar Giæver,W2332297545|US-8722393,W2332297545,US-8722393
729,Alan J. Heeger,Alan Heeger,https://openalex.org/A5087631107,Alan J. Heeger,W2344768597|US-8723169,W2344768597,US-8723169
997,David Julius,David Julius,https://openalex.org/A5014886042,David Julius,W1995330222|US-8728757,W1995330222,US-8728757
750,Sydney Brenner,Sydney Brenner,https://openalex.org/A5111910776,Sydney Brenner,W1580520822|US-8728766,W1580520822,US-8728766
750,Sydney Brenner,Sydney Brenner,https://openalex.org/A5111910776,Sydney Brenner,W2133385595|US-8728766,W2133385595,US-8728766
1015,Carolyn R. Bertozzi,Carolyn Bertozzi,https://openalex.org/A5088409133,Carolyn R. Bertozzi,W1983639577|US-8729232,W1983639577,US-8729232
1015,Carolyn R. Bertozzi,Carolyn Bertozzi,https://openalex.org/A5088409133,Carolyn R. Bertozzi,W1979491356|US-8729232,W1979491356,US-8729232
909,Eric Betzig,Eric Betzig,https://openalex.org/A5048568518,Eric Betzig,W2081688396|US-8730573,W2081688396,US-8730573
909,Eric Betzig,Eric Betzig,https://openalex.org/A5048568518,Eric Betzig,W1988564111|US-8730573,W1988564111,US-8730573
910,Stefan W. Hell,Stefan W. Hell,https://openalex.org/A5088219208,Stefan W. Hell,W2097537701|US-8735444,W2097537701,US-8735444
910,Stefan W. Hell,Stefan W. Hell,https://openalex.org/A5088219208,Stefan W. Hell,W2124671126|US-8735444,W2124671126,US-8735444
910,Stefan W. Hell,Stefan W. Hell,https://openalex.org/A5088219208,Stefan W. Hell,W2047259287|US-8735444,W2047259287,US-8735444
299,Santiago Ramón y Cajal,Santiago Ramón y Cajal,https://openalex.org/A5088341849,Santiago Ramón y Cajal,W2104728809|US-8741586,W2104728809,US-8741586
299,Santiago Ramón y Cajal,Santiago Ramón y Cajal,https://openalex.org/A5088341849,Santiago Ramón y Cajal,W2161322509|US-8741586,W2161322509,US-8741586
750,Sydney Brenner,Sydney Brenner,https://openalex.org/A5111910776,Sydney Brenner,W2133385595|US-8741606,W2133385595,US-8741606
750,Sydney Brenner,Sydney Brenner,https://openalex.org/A5111910776,Sydney Brenner,W1580520822|US-8741606,W1580520822,US-8741606
963,Frances H. Arnold,Frances H. Arnold,https://openalex.org/A5043841592,Frances H. Arnold,W2118802018|US-8741616,W2118802018,US-8741616
963,Frances H. Arnold,Frances H. Arnold,https://openalex.org/A5043841592,Frances H. Arnold,W2133834597|US-8741616,W2133834597,US-8741616
963,Frances H. Arnold,Frances H. Arnold,https://openalex.org/A5043841592,Frances H. Arnold,W2117206005|US-8741616,W2117206005,US-8741616
963,Frances H. Arnold,Frances H. Arnold,https://openalex.org/A5043841592,Frances H. Arnold,W2083112939|US-8741616,W2083112939,US-8741616
963,Frances H. Arnold,Frances H. Arnold,https://openalex.org/A5043841592,Frances H. Arnold,W2144572696|US-8741616,W2144572696,US-8741616
963,Frances H. Arnold,Frances H. Arnold,https://openalex.org/A5043841592,Frances H. Arnold,W2063112093|US-8741616,W2063112093,US-8741616
971,Sir Peter J. Ratcliffe,Sir Peter J. Ratcliffe,https://openalex.org/A5064727417,Peter J. Ratcliffe,W2136023563|US-8741862,W2136023563,US-8741862
449,Phillip A. Sharp,Phillip A. Sharp,https://openalex.org/A5022945869,Phillip A. Sharp,W2145638174|US-8742092,W2145638174,US-8742092
449,Phillip A. Sharp,Phillip A. Sharp,https://openalex.org/A5022945869,Phillip A. Sharp,W2166903671|US-8742092,W2166903671,US-8742092
1055,Omar M. Yaghi,Omar M. Yaghi,https://openalex.org/A5044268160,Omar M. Yaghi,W1965373097|US-8742152,W1965373097,US-8742152
1025,Drew Weissman,Drew Weissman,https://openalex.org/A5068253145,Drew Weissman,W81209440|US-8748089,W81209440,US-8748089
1024,Katalin Karikó,Katalin Karikó,https://openalex.org/A5030598859,Katalin Karikó,W81209440|US-8748089,W81209440,US-8748089
751,H. Robert Horvitz,H. Robert Horvitz,https://openalex.org/A5075093223,H. Robert Horvitz,W2134669159|US-8753818,W2134669159,US-8753818
780,Avram Hershko,Avram Hershko,https://openalex.org/A5035630459,Avram Hershko,W1969210627|US-8753830,W1969210627,US-8753830
1039,David Baker,David Baker,https://openalex.org/A5053192926,David Baker,W2125012012|US-8754034,W2125012012,US-8754034
831,Roger Y. Tsien,Roger Y. Tsien,https://openalex.org/A5109193097,Roger Y. Tsien,W2088944569|US-8759492,W2088944569,US-8759492
908,Shuji Nakamura,Shuji Nakamura,https://openalex.org/A5030709847,Shuji Nakamura,W2478544500|US-8761218,W2478544500,US-8761218
908,Shuji Nakamura,Shuji Nakamura,https://openalex.org/A5030709847,Shuji Nakamura,W2059785697|US-8761218,W2059785697,US-8761218
908,Shuji Nakamura,Shuji Nakamura,https://openalex.org/A5030709847,Shuji Nakamura,W2057150452|US-8761218,W2057150452,US-8761218
908,Shuji Nakamura,Shuji Nakamura,https://openalex.org/A5030709847,Shuji Nakamura,W2002590485|US-8761218,W2002590485,US-8761218
908,Shuji Nakamura,Shuji Nakamura,https://openalex.org/A5030709847,Shuji Nakamura,W2018063973|US-8761218,W2018063973,US-8761218
908,Shuji Nakamura,Shuji Nakamura,https://openalex.org/A5030709847,Shuji Nakamura,W2255131731|US-8761218,W2255131731,US-8761218
1039,David Baker,David Baker,https://openalex.org/A5053192926,David Baker,W2049275721|US-8765686,W2049275721,US-8765686
986,Michael Houghton,Michael Houghton,https://openalex.org/A5090612228,Michael Houghton,W1991902309|US-8765704,W1991902309,US-8765704
449,Phillip A. Sharp,Phillip A. Sharp,https://openalex.org/A5022945869,Phillip A. Sharp,W2145638174|US-8765930,W2145638174,US-8765930
449,Phillip A. Sharp,Phillip A. Sharp,https://openalex.org/A5022945869,Phillip A. Sharp,W2166903671|US-8765930,W2166903671,US-8765930
292,Ahmed H. Zewail,Ahmed Zewail,https://openalex.org/A5077807260,Ahmed H. Zewail,W1981628475|US-8766181,W1981628475,US-8766181
292,Ahmed H. Zewail,Ahmed Zewail,https://openalex.org/A5077807260,Ahmed H. Zewail,W2618128586|US-8766181,W2618128586,US-8766181
292,Ahmed H. Zewail,Ahmed Zewail,https://openalex.org/A5077807260,Ahmed H. Zewail,W2032212746|US-8766181,W2032212746,US-8766181
908,Shuji Nakamura,Shuji Nakamura,https://openalex.org/A5030709847,Shuji Nakamura,W1979300756|US-8766296,W1979300756,US-8766296
911,William E. Moerner,William E. Moerner,https://openalex.org/A5068018832,W. E. Moerner,W2091923712|US-8772048,W2091923712,US-8772048
911,William E. Moerner,William E. Moerner,https://openalex.org/A5068018832,W. E. Moerner,W2072552907|US-8772048,W2072552907,US-8772048
911,William E. Moerner,William E. Moerner,https://openalex.org/A5068018832,W. E. Moerner,W1982019125|US-8772048,W1982019125,US-8772048
449,Phillip A. Sharp,Phillip A. Sharp,https://openalex.org/A5022945869,Phillip A. Sharp,W2166903671|US-8778902,W2166903671,US-8778902
449,Phillip A. Sharp,Phillip A. Sharp,https://openalex.org/A5022945869,Phillip A. Sharp,W2145638174|US-8778902,W2145638174,US-8778902
995,Paul R. Milgrom,Paul R. Milgrom,https://openalex.org/A5054280613,Paul Milgrom,W2914071838|US-8788364,W2914071838,US-8788364
789,Barry J. Marshall,Barry J. Marshall,https://openalex.org/A5058569055,Barry J. Marshall,W2077168452|US-8790909,W2077168452,US-8790909
789,Barry J. Marshall,Barry J. Marshall,https://openalex.org/A5058569055,Barry J. Marshall,W2609319009|US-8790909,W2609319009,US-8790909
789,Barry J. Marshall,Barry J. Marshall,https://openalex.org/A5058569055,Barry J. Marshall,W2521110861|US-8790909,W2521110861,US-8790909
789,Barry J. Marshall,Barry J. Marshall,https://openalex.org/A5058569055,Barry J. Marshall,W2325569433|US-8790909,W2325569433,US-8790909
789,Barry J. Marshall,Barry J. Marshall,https://openalex.org/A5058569055,Barry J. Marshall,W1989556855|US-8790909,W1989556855,US-8790909
449,Phillip A. Sharp,Phillip A. Sharp,https://openalex.org/A5022945869,Phillip A. Sharp,W2166903671|US-8790922,W2166903671,US-8790922
449,Phillip A. Sharp,Phillip A. Sharp,https://openalex.org/A5022945869,Phillip A. Sharp,W2145638174|US-8790922,W2145638174,US-8790922
908,Shuji Nakamura,Shuji Nakamura,https://openalex.org/A5030709847,Shuji Nakamura,W2066457719|US-8790943,W2066457719,US-8790943
280,George A. Olah,George A. Olah,https://openalex.org/A5071446330,George A. Olah,W2950069845|US-8791166,W2950069845,US-8791166
280,George A. Olah,George A. Olah,https://openalex.org/A5071446330,George A. Olah,W581878400|US-8791166,W581878400,US-8791166
280,George A. Olah,George A. Olah,https://openalex.org/A5071446330,George A. Olah,W2113086422|US-8791166,W2113086422,US-8791166
280,George A. Olah,George A. Olah,https://openalex.org/A5071446330,George A. Olah,W2298556937|US-8791166,W2298556937,US-8791166
280,George A. Olah,George A. Olah,https://openalex.org/A5071446330,George A. Olah,W2051796629|US-8791166,W2051796629,US-8791166
795,Robert H. Grubbs,Robert H. Grubbs,https://openalex.org/A5078597191,Robert H. Grubbs,W2272489061|US-8791219,W2272489061,US-8791219
908,Shuji Nakamura,Shuji Nakamura,https://openalex.org/A5030709847,Shuji Nakamura,W2056386950|US-8795440,W2056386950,US-8795440
908,Shuji Nakamura,Shuji Nakamura,https://openalex.org/A5030709847,Shuji Nakamura,W2041593896|US-8795440,W2041593896,US-8795440
449,Phillip A. Sharp,Phillip A. Sharp,https://openalex.org/A5022945869,Phillip A. Sharp,W2166903671|US-8796016,W2166903671,US-8796016
449,Phillip A. Sharp,Phillip A. Sharp,https://openalex.org/A5022945869,Phillip A. Sharp,W2145638174|US-8796016,W2145638174,US-8796016
274,Thomas R. Cech,Thomas R. Cech,https://openalex.org/A5017573996,Thomas R. Cech,W2079378073|US-8796438,W2079378073,US-8796438
961,Gérard Mourou,Gérard Mourou,https://openalex.org/A5057252770,G. Mourou,W2084056458|US-8798108,W2084056458,US-8798108
963,Frances H. Arnold,Frances H. Arnold,https://openalex.org/A5043841592,Frances H. Arnold,W2017843489|US-8802401,W2017843489,US-8802401
970,William G. Kaelin Jr,William G. Kaelin Jr,https://openalex.org/A5088456751,William G. Kaelin,W2040031153|US-8809011,W2040031153,US-8809011
879,Brian K. Kobilka,Brian Kobilka,https://openalex.org/A5079682203,Brian K. Kobilka,W2127288815|US-8815263,W2127288815,US-8815263
879,Brian K. Kobilka,Brian Kobilka,https://openalex.org/A5079682203,Brian K. Kobilka,W2147751537|US-8815263,W2147751537,US-8815263
879,Brian K. Kobilka,Brian Kobilka,https://openalex.org/A5079682203,Brian K. Kobilka,W1975641708|US-8815263,W1975641708,US-8815263
879,Brian K. Kobilka,Brian Kobilka,https://openalex.org/A5079682203,Brian K. Kobilka,W2109336177|US-8815263,W2109336177,US-8815263
879,Brian K. Kobilka,Brian Kobilka,https://openalex.org/A5079682203,Brian K. Kobilka,W1995646338|US-8815263,W1995646338,US-8815263
878,Robert J. Lefkowitz,Robert J. Lefkowitz,https://openalex.org/A5080672788,Robert J. Lefkowitz,W1994868553|US-8815297,W1994868553,US-8815297
280,George A. Olah,George A. Olah,https://openalex.org/A5071446330,George A. Olah,W2298556937|US-8816137,W2298556937,US-8816137
280,George A. Olah,George A. Olah,https://openalex.org/A5071446330,George A. Olah,W581878400|US-8816137,W581878400,US-8816137
280,George A. Olah,George A. Olah,https://openalex.org/A5071446330,George A. Olah,W2313145660|US-8816137,W2313145660,US-8816137
406,David Baltimore,David Baltimore,https://openalex.org/A5042763205,David Baltimore,W2067471829|US-8821856,W2067471829,US-8821856
406,David Baltimore,David Baltimore,https://openalex.org/A5042763205,David Baltimore,W2016364569|US-8821856,W2016364569,US-8821856
412,Andrew V. Schally,Andrew V. Schally,https://openalex.org/A5068739269,Andrew V. Schally,W1550628230|US-8822406,W1550628230,US-8822406
907,Hiroshi Amano,Hiroshi Amano,https://openalex.org/A5048399593,Hiroshi Amano,W1992008879|US-8822976,W1992008879,US-8822976
906,Isamu Akasaki,Isamu Akasaki,https://openalex.org/A5081597179,Isamu Akasaki,W1992008879|US-8822976,W1992008879,US-8822976
907,Hiroshi Amano,Hiroshi Amano,https://openalex.org/A5048399593,Hiroshi Amano,W4235933164|US-8822976,W4235933164,US-8822976
906,Isamu Akasaki,Isamu Akasaki,https://openalex.org/A5081597179,Isamu Akasaki,W4235933164|US-8822976,W4235933164,US-8822976
850,Konstantin Novoselov,Konstantin Novoselov,https://openalex.org/A5072248970,Kostya S. Novoselov,W2101826467|US-8825413,W2101826467,US-8825413
1029,Moungi G. Bawendi,Moungi Bawendi,https://openalex.org/A5108389294,Moungi G. Bawendi,W2044543075|US-8828478,W2044543075,US-8828478
796,Richard R. Schrock,Richard R. Schrock,https://openalex.org/A5079660000,Richard R. Schrock,W2047560320|US-8829219,W2047560320,US-8829219
796,Richard R. Schrock,Richard R. Schrock,https://openalex.org/A5079660000,Richard R. Schrock,W2056230987|US-8829219,W2056230987,US-8829219
796,Richard R. Schrock,Richard R. Schrock,https://openalex.org/A5079660000,Richard R. Schrock,W2051166993|US-8829219,W2051166993,US-8829219
796,Richard R. Schrock,Richard R. Schrock,https://openalex.org/A5079660000,Richard R. Schrock,W2085559683|US-8829219,W2085559683,US-8829219
796,Richard R. Schrock,Richard R. Schrock,https://openalex.org/A5079660000,Richard R. Schrock,W2079517466|US-8829219,W2079517466,US-8829219
1025,Drew Weissman,Drew Weissman,https://openalex.org/A5068253145,Drew Weissman,W81209440|US-8835108,W81209440,US-8835108
1024,Katalin Karikó,Katalin Karikó,https://openalex.org/A5030598859,Katalin Karikó,W81209440|US-8835108,W81209440,US-8835108
908,Shuji Nakamura,Shuji Nakamura,https://openalex.org/A5030709847,Shuji Nakamura,W1971253603|US-8835200,W1971253603,US-8835200
908,Shuji Nakamura,Shuji Nakamura,https://openalex.org/A5030709847,Shuji Nakamura,W2086657067|US-8835959,W2086657067,US-8835959
908,Shuji Nakamura,Shuji Nakamura,https://openalex.org/A5030709847,Shuji Nakamura,W2067384691|US-8835959,W2067384691,US-8835959
1055,Omar M. Yaghi,Omar M. Yaghi,https://openalex.org/A5044268160,Omar M. Yaghi,W1998053062|US-8841471,W1998053062,US-8841471
1055,Omar M. Yaghi,Omar M. Yaghi,https://openalex.org/A5044268160,Omar M. Yaghi,W2053700726|US-8841471,W2053700726,US-8841471
292,Ahmed H. Zewail,Ahmed Zewail,https://openalex.org/A5077807260,Ahmed H. Zewail,W2014015460|US-8841613,W2014015460,US-8841613
292,Ahmed H. Zewail,Ahmed Zewail,https://openalex.org/A5077807260,Ahmed H. Zewail,W1981547523|US-8841613,W1981547523,US-8841613
908,Shuji Nakamura,Shuji Nakamura,https://openalex.org/A5030709847,Shuji Nakamura,W2069380506|US-8841691,W2069380506,US-8841691
279,Michael Smith,Michael Smith,https://openalex.org/A5101453839,Michael J. Smith,W2051135997|US-8846058,W2051135997,US-8846058
1015,Carolyn R. Bertozzi,Carolyn Bertozzi,https://openalex.org/A5088409133,Carolyn R. Bertozzi,W1979491356|US-8846866,W1979491356,US-8846866
1015,Carolyn R. Bertozzi,Carolyn Bertozzi,https://openalex.org/A5088409133,Carolyn R. Bertozzi,W1979108979|US-8846866,W1979108979,US-8846866
1015,Carolyn R. Bertozzi,Carolyn Bertozzi,https://openalex.org/A5088409133,Carolyn R. Bertozzi,W1983639577|US-8846866,W1983639577,US-8846866
795,Robert H. Grubbs,Robert H. Grubbs,https://openalex.org/A5078597191,Robert H. Grubbs,W2952293795|US-8846939,W2952293795,US-8846939
908,Shuji Nakamura,Shuji Nakamura,https://openalex.org/A5030709847,Shuji Nakamura,W2140364656|US-8847249,W2140364656,US-8847249
1055,Omar M. Yaghi,Omar M. Yaghi,https://openalex.org/A5044268160,Omar M. Yaghi,W1983468448|US-8852320,W1983468448,US-8852320
908,Shuji Nakamura,Shuji Nakamura,https://openalex.org/A5030709847,Shuji Nakamura,W1981294219|US-8852341,W1981294219,US-8852341
908,Shuji Nakamura,Shuji Nakamura,https://openalex.org/A5030709847,Shuji Nakamura,W2027121711|US-8852341,W2027121711,US-8852341
908,Shuji Nakamura,Shuji Nakamura,https://openalex.org/A5030709847,Shuji Nakamura,W2082005369|US-8852341,W2082005369,US-8852341
449,Phillip A. Sharp,Phillip A. Sharp,https://openalex.org/A5022945869,Phillip A. Sharp,W2145638174|US-8853384,W2145638174,US-8853384
449,Phillip A. Sharp,Phillip A. Sharp,https://openalex.org/A5022945869,Phillip A. Sharp,W2166903671|US-8853384,W2166903671,US-8853384
908,Shuji Nakamura,Shuji Nakamura,https://openalex.org/A5030709847,Shuji Nakamura,W2066894025|US-8853669,W2066894025,US-8853669
908,Shuji Nakamura,Shuji Nakamura,https://openalex.org/A5030709847,Shuji Nakamura,W2060720141|US-8853669,W2060720141,US-8853669
891,Arieh Warshel,Arieh Warshel,https://openalex.org/A5088665303,Arieh Warshel,W2063316472|US-8855936,W2063316472,US-8855936
891,Arieh Warshel,Arieh Warshel,https://openalex.org/A5088665303,Arieh Warshel,W1989744452|US-8855936,W1989744452,US-8855936
891,Arieh Warshel,Arieh Warshel,https://openalex.org/A5088665303,Arieh Warshel,W2090778468|US-8855936,W2090778468,US-8855936
986,Michael Houghton,Michael Houghton,https://openalex.org/A5090612228,Michael Houghton,W2104376843|US-8858946,W2104376843,US-8858946
987,Charles M. Rice,Charles M. Rice,https://openalex.org/A5019683467,Charles M. Rice,W2117105620|US-8858947,W2117105620,US-8858947
406,David Baltimore,David Baltimore,https://openalex.org/A5042763205,David Baltimore,W2580051840|US-8865881,W2580051840,US-8865881
908,Shuji Nakamura,Shuji Nakamura,https://openalex.org/A5030709847,Shuji Nakamura,W1972003963|US-8866149,W1972003963,US-8866149
908,Shuji Nakamura,Shuji Nakamura,https://openalex.org/A5030709847,Shuji Nakamura,W2559926378|US-8866149,W2559926378,US-8866149
908,Shuji Nakamura,Shuji Nakamura,https://openalex.org/A5030709847,Shuji Nakamura,W3009553987|US-8866149,W3009553987,US-8866149
908,Shuji Nakamura,Shuji Nakamura,https://openalex.org/A5030709847,Shuji Nakamura,W2080824866|US-8866149,W2080824866,US-8866149
875,Shinya Yamanaka,Shinya Yamanaka,https://openalex.org/A5081862387,Shinya Yamanaka,W2078201066|US-8871504,W2078201066,US-8871504
875,Shinya Yamanaka,Shinya Yamanaka,https://openalex.org/A5081862387,Shinya Yamanaka,W2138977668|US-8871504,W2138977668,US-8871504
875,Shinya Yamanaka,Shinya Yamanaka,https://openalex.org/A5081862387,Shinya Yamanaka,W2096216062|US-8871504,W2096216062,US-8871504
795,Robert H. Grubbs,Robert H. Grubbs,https://openalex.org/A5078597191,Robert H. Grubbs,W1995647974|US-8871879,W1995647974,US-8871879
795,Robert H. Grubbs,Robert H. Grubbs,https://openalex.org/A5078597191,Robert H. Grubbs,W2950236521|US-8871879,W2950236521,US-8871879
795,Robert H. Grubbs,Robert H. Grubbs,https://openalex.org/A5078597191,Robert H. Grubbs,W150607283|US-8871879,W150607283,US-8871879
795,Robert H. Grubbs,Robert H. Grubbs,https://openalex.org/A5078597191,Robert H. Grubbs,W2045663653|US-8871879,W2045663653,US-8871879
795,Robert H. Grubbs,Robert H. Grubbs,https://openalex.org/A5078597191,Robert H. Grubbs,W2058708804|US-8871879,W2058708804,US-8871879
795,Robert H. Grubbs,Robert H. Grubbs,https://openalex.org/A5078597191,Robert H. Grubbs,W1973239547|US-8871879,W1973239547,US-8871879
795,Robert H. Grubbs,Robert H. Grubbs,https://openalex.org/A5078597191,Robert H. Grubbs,W2950398954|US-8871879,W2950398954,US-8871879
795,Robert H. Grubbs,Robert H. Grubbs,https://openalex.org/A5078597191,Robert H. Grubbs,W1965748825|US-8871879,W1965748825,US-8871879
795,Robert H. Grubbs,Robert H. Grubbs,https://openalex.org/A5078597191,Robert H. Grubbs,W2951085320|US-8871879,W2951085320,US-8871879
795,Robert H. Grubbs,Robert H. Grubbs,https://openalex.org/A5078597191,Robert H. Grubbs,W2164563630|US-8871879,W2164563630,US-8871879
795,Robert H. Grubbs,Robert H. Grubbs,https://openalex.org/A5078597191,Robert H. Grubbs,W2081750976|US-8871879,W2081750976,US-8871879
1039,David Baker,David Baker,https://openalex.org/A5053192926,David Baker,W2145680582|US-8877893,W2145680582,US-8877893
879,Brian K. Kobilka,Brian Kobilka,https://openalex.org/A5079682203,Brian K. Kobilka,W1995646338|US-8877906,W1995646338,US-8877906
879,Brian K. Kobilka,Brian Kobilka,https://openalex.org/A5079682203,Brian K. Kobilka,W2109336177|US-8877906,W2109336177,US-8877906
879,Brian K. Kobilka,Brian Kobilka,https://openalex.org/A5079682203,Brian K. Kobilka,W2147751537|US-8877906,W2147751537,US-8877906
795,Robert H. Grubbs,Robert H. Grubbs,https://openalex.org/A5078597191,Robert H. Grubbs,W2010501458|US-8877936,W2010501458,US-8877936
795,Robert H. Grubbs,Robert H. Grubbs,https://openalex.org/A5078597191,Robert H. Grubbs,W1964252694|US-8877936,W1964252694,US-8877936
795,Robert H. Grubbs,Robert H. Grubbs,https://openalex.org/A5078597191,Robert H. Grubbs,W2015998822|US-8877936,W2015998822,US-8877936
908,Shuji Nakamura,Shuji Nakamura,https://openalex.org/A5030709847,Shuji Nakamura,W2065999961|US-8882935,W2065999961,US-8882935
908,Shuji Nakamura,Shuji Nakamura,https://openalex.org/A5030709847,Shuji Nakamura,W1990194382|US-8882935,W1990194382,US-8882935
908,Shuji Nakamura,Shuji Nakamura,https://openalex.org/A5030709847,Shuji Nakamura,W1977910099|US-8882935,W1977910099,US-8882935
908,Shuji Nakamura,Shuji Nakamura,https://openalex.org/A5030709847,Shuji Nakamura,W2043469040|US-8882935,W2043469040,US-8882935
908,Shuji Nakamura,Shuji Nakamura,https://openalex.org/A5030709847,Shuji Nakamura,W2002495367|US-8882935,W2002495367,US-8882935
908,Shuji Nakamura,Shuji Nakamura,https://openalex.org/A5030709847,Shuji Nakamura,W2066198776|US-8882935,W2066198776,US-8882935
875,Shinya Yamanaka,Shinya Yamanaka,https://openalex.org/A5081862387,Shinya Yamanaka,W2157467277|US-8883498,W2157467277,US-8883498
1055,Omar M. Yaghi,Omar M. Yaghi,https://openalex.org/A5044268160,Omar M. Yaghi,W2012298170|US-8883676,W2012298170,US-8883676
449,Phillip A. Sharp,Phillip A. Sharp,https://openalex.org/A5022945869,Phillip A. Sharp,W2166903671|US-8895718,W2166903671,US-8895718
449,Phillip A. Sharp,Phillip A. Sharp,https://openalex.org/A5022945869,Phillip A. Sharp,W2145638174|US-8895718,W2145638174,US-8895718
449,Phillip A. Sharp,Phillip A. Sharp,https://openalex.org/A5022945869,Phillip A. Sharp,W2145638174|US-8895721,W2145638174,US-8895721
449,Phillip A. Sharp,Phillip A. Sharp,https://openalex.org/A5022945869,Phillip A. Sharp,W2166903671|US-8895721,W2166903671,US-8895721
875,Shinya Yamanaka,Shinya Yamanaka,https://openalex.org/A5081862387,Shinya Yamanaka,W1978173381|US-8900871,W1978173381,US-8900871
875,Shinya Yamanaka,Shinya Yamanaka,https://openalex.org/A5081862387,Shinya Yamanaka,W2054521968|US-8900871,W2054521968,US-8900871
875,Shinya Yamanaka,Shinya Yamanaka,https://openalex.org/A5081862387,Shinya Yamanaka,W2081620485|US-8900871,W2081620485,US-8900871
842,Thomas A. Steitz,Thomas A. Steitz,https://openalex.org/A5005980770,Thomas A. Steitz,W1983534198|US-8912150,W1983534198,US-8912150
1053,Susumu Kitagawa,Susumu Kitagawa,https://openalex.org/A5028281315,Susumu Kitagawa,W2950529450|US-8915989,W2950529450,US-8915989
1053,Susumu Kitagawa,Susumu Kitagawa,https://openalex.org/A5028281315,Susumu Kitagawa,W2081526761|US-8915989,W2081526761,US-8915989
1053,Susumu Kitagawa,Susumu Kitagawa,https://openalex.org/A5028281315,Susumu Kitagawa,W2139814006|US-8915989,W2139814006,US-8915989
1055,Omar M. Yaghi,Omar M. Yaghi,https://openalex.org/A5044268160,Omar M. Yaghi,W2072170322|US-8916722,W2072170322,US-8916722
743,K. Barry Sharpless,K. Barry Sharpless,https://openalex.org/A5077401880,K. Barry Sharpless,W4248935180|US-8927736,W4248935180,US-8927736
743,K. Barry Sharpless,K. Barry Sharpless,https://openalex.org/A5077401880,K. Barry Sharpless,W4232090531|US-8927736,W4232090531,US-8927736
743,K. Barry Sharpless,K. Barry Sharpless,https://openalex.org/A5077401880,K. Barry Sharpless,W2949081320|US-8927736,W2949081320,US-8927736
875,Shinya Yamanaka,Shinya Yamanaka,https://openalex.org/A5081862387,Shinya Yamanaka,W2071699739|US-8932857,W2071699739,US-8932857
875,Shinya Yamanaka,Shinya Yamanaka,https://openalex.org/A5081862387,Shinya Yamanaka,W2138977668|US-8932857,W2138977668,US-8932857
875,Shinya Yamanaka,Shinya Yamanaka,https://openalex.org/A5081862387,Shinya Yamanaka,W2096216062|US-8932857,W2096216062,US-8932857
875,Shinya Yamanaka,Shinya Yamanaka,https://openalex.org/A5081862387,Shinya Yamanaka,W2119109414|US-8932857,W2119109414,US-8932857
875,Shinya Yamanaka,Shinya Yamanaka,https://openalex.org/A5081862387,Shinya Yamanaka,W1602568023|US-8932857,W1602568023,US-8932857
449,Phillip A. Sharp,Phillip A. Sharp,https://openalex.org/A5022945869,Phillip A. Sharp,W2166903671|US-8933044,W2166903671,US-8933044
449,Phillip A. Sharp,Phillip A. Sharp,https://openalex.org/A5022945869,Phillip A. Sharp,W2145638174|US-8933044,W2145638174,US-8933044
1039,David Baker,David Baker,https://openalex.org/A5053192926,David Baker,W2159006761|US-8936792,W2159006761,US-8936792
1029,Moungi G. Bawendi,Moungi Bawendi,https://openalex.org/A5108389294,Moungi G. Bawendi,W2299511040|US-8937373,W2299511040,US-8937373
987,Charles M. Rice,Charles M. Rice,https://openalex.org/A5019683467,Charles M. Rice,W2051481258|US-8940960,W2051481258,US-8940960
987,Charles M. Rice,Charles M. Rice,https://openalex.org/A5019683467,Charles M. Rice,W2021668929|US-8940960,W2021668929,US-8940960
987,Charles M. Rice,Charles M. Rice,https://openalex.org/A5019683467,Charles M. Rice,W2131586101|US-8940960,W2131586101,US-8940960
987,Charles M. Rice,Charles M. Rice,https://openalex.org/A5019683467,Charles M. Rice,W2147126871|US-8940960,W2147126871,US-8940960
1029,Moungi G. Bawendi,Moungi Bawendi,https://openalex.org/A5108389294,Moungi G. Bawendi,W1976120952|US-8941299,W1976120952,US-8941299
987,Charles M. Rice,Charles M. Rice,https://openalex.org/A5019683467,Charles M. Rice,W2119571917|US-8945584,W2119571917,US-8945584
932,Sir J. Fraser Stoddart,Sir J. Fraser Stoddart,https://openalex.org/A5027688873,J. Fraser Stoddart,W2122909722|US-8946454,W2122909722,US-8946454
1055,Omar M. Yaghi,Omar M. Yaghi,https://openalex.org/A5044268160,Omar M. Yaghi,W2122909722|US-8946454,W2122909722,US-8946454
1055,Omar M. Yaghi,Omar M. Yaghi,https://openalex.org/A5044268160,Omar M. Yaghi,W2126938814|US-8946454,W2126938814,US-8946454
729,Alan J. Heeger,Alan Heeger,https://openalex.org/A5087631107,Alan J. Heeger,W2079787097|US-8952249,W2079787097,US-8952249
729,Alan J. Heeger,Alan Heeger,https://openalex.org/A5087631107,Alan J. Heeger,W4253877439|US-8952249,W4253877439,US-8952249
908,Shuji Nakamura,Shuji Nakamura,https://openalex.org/A5030709847,Shuji Nakamura,W2059785697|US-8956896,W2059785697,US-8956896
908,Shuji Nakamura,Shuji Nakamura,https://openalex.org/A5030709847,Shuji Nakamura,W1986152932|US-8956896,W1986152932,US-8956896
908,Shuji Nakamura,Shuji Nakamura,https://openalex.org/A5030709847,Shuji Nakamura,W2018767194|US-8956896,W2018767194,US-8956896
908,Shuji Nakamura,Shuji Nakamura,https://openalex.org/A5030709847,Shuji Nakamura,W2070047651|US-8956896,W2070047651,US-8956896
1024,Katalin Karikó,Katalin Karikó,https://openalex.org/A5030598859,Katalin Karikó,W2114208662|US-8957035,W2114208662,US-8957035
449,Phillip A. Sharp,Phillip A. Sharp,https://openalex.org/A5022945869,Phillip A. Sharp,W2145638174|US-8957197,W2145638174,US-8957197
449,Phillip A. Sharp,Phillip A. Sharp,https://openalex.org/A5022945869,Phillip A. Sharp,W2166903671|US-8957197,W2166903671,US-8957197
963,Frances H. Arnold,Frances H. Arnold,https://openalex.org/A5043841592,Frances H. Arnold,W2135211698|US-8962295,W2135211698,US-8962295
292,Ahmed H. Zewail,Ahmed Zewail,https://openalex.org/A5077807260,Ahmed H. Zewail,W2020006133|US-8963085,W2020006133,US-8963085
992,Jennifer A. Doudna,Jennifer A. Doudna,https://openalex.org/A5067184382,Jennifer A. Doudna,W133766157|US-8969062,W133766157,US-8969062
406,David Baltimore,David Baltimore,https://openalex.org/A5042763205,David Baltimore,W2135135539|US-8969076,W2135135539,US-8969076
1039,David Baker,David Baker,https://openalex.org/A5053192926,David Baker,W2132184418|US-8969521,W2132184418,US-8969521
1039,David Baker,David Baker,https://openalex.org/A5053192926,David Baker,W2075742363|US-8969521,W2075742363,US-8969521
1039,David Baker,David Baker,https://openalex.org/A5053192926,David Baker,W2015526636|US-8969521,W2015526636,US-8969521
279,Michael Smith,Michael Smith,https://openalex.org/A5101453839,Michael J. Smith,W2051135997|US-8969529,W2051135997,US-8969529
279,Michael Smith,Michael Smith,https://openalex.org/A5101453839,Michael J. Smith,W2068339946|US-8969529,W2068339946,US-8969529
279,Michael Smith,Michael Smith,https://openalex.org/A5101453839,Michael J. Smith,W1979974100|US-8969529,W1979974100,US-8969529
1027,Ferenc Krausz,Ferenc Krausz,https://openalex.org/A5049801219,Ferenc Krausz,W1966277812|US-8976834,W1966277812,US-8976834
412,Andrew V. Schally,Andrew V. Schally,https://openalex.org/A5068739269,Andrew V. Schally,W2163175336|US-8980249,W2163175336,US-8980249
412,Andrew V. Schally,Andrew V. Schally,https://openalex.org/A5068739269,Andrew V. Schally,W1987679396|US-8980249,W1987679396,US-8980249
280,George A. Olah,George A. Olah,https://openalex.org/A5071446330,George A. Olah,W2313145660|US-8980961,W2313145660,US-8980961
280,George A. Olah,George A. Olah,https://openalex.org/A5071446330,George A. Olah,W1970065659|US-8980961,W1970065659,US-8980961
280,George A. Olah,George A. Olah,https://openalex.org/A5071446330,George A. Olah,W2298556937|US-8980961,W2298556937,US-8980961
795,Robert H. Grubbs,Robert H. Grubbs,https://openalex.org/A5078597191,Robert H. Grubbs,W2229942838|US-8987531,W2229942838,US-8987531
795,Robert H. Grubbs,Robert H. Grubbs,https://openalex.org/A5078597191,Robert H. Grubbs,W4238602469|US-8987531,W4238602469,US-8987531
795,Robert H. Grubbs,Robert H. Grubbs,https://openalex.org/A5078597191,Robert H. Grubbs,W2106612653|US-8987531,W2106612653,US-8987531
1015,Carolyn R. Bertozzi,Carolyn Bertozzi,https://openalex.org/A5088409133,Carolyn R. Bertozzi,W2070910610|US-8987538,W2070910610,US-8987538
789,Barry J. Marshall,Barry J. Marshall,https://openalex.org/A5058569055,Barry J. Marshall,W2521110861|US-8992935,W2521110861,US-8992935
789,Barry J. Marshall,Barry J. Marshall,https://openalex.org/A5058569055,Barry J. Marshall,W2077168452|US-8992935,W2077168452,US-8992935
789,Barry J. Marshall,Barry J. Marshall,https://openalex.org/A5058569055,Barry J. Marshall,W2063282953|US-8992935,W2063282953,US-8992935
963,Frances H. Arnold,Frances H. Arnold,https://openalex.org/A5043841592,Frances H. Arnold,W2517883330|US-8993262,W2517883330,US-8993262
963,Frances H. Arnold,Frances H. Arnold,https://openalex.org/A5043841592,Frances H. Arnold,W1996885557|US-8993262,W1996885557,US-8993262
963,Frances H. Arnold,Frances H. Arnold,https://openalex.org/A5043841592,Frances H. Arnold,W2078531329|US-8993262,W2078531329,US-8993262
875,Shinya Yamanaka,Shinya Yamanaka,https://openalex.org/A5081862387,Shinya Yamanaka,W2138977668|US-8993329,W2138977668,US-8993329
875,Shinya Yamanaka,Shinya Yamanaka,https://openalex.org/A5081862387,Shinya Yamanaka,W2096216062|US-8993329,W2096216062,US-8993329
875,Shinya Yamanaka,Shinya Yamanaka,https://openalex.org/A5081862387,Shinya Yamanaka,W1978173381|US-8993329,W1978173381,US-8993329
449,Phillip A. Sharp,Phillip A. Sharp,https://openalex.org/A5022945869,Phillip A. Sharp,W2145638174|US-8993745,W2145638174,US-8993745
449,Phillip A. Sharp,Phillip A. Sharp,https://openalex.org/A5022945869,Phillip A. Sharp,W2166903671|US-8993745,W2166903671,US-8993745
455,Peter C. Doherty,Peter C. Doherty,https://openalex.org/A5074692390,Peter C. Doherty,W1989483194|US-8999352,W1989483194,US-8999352
795,Robert H. Grubbs,Robert H. Grubbs,https://openalex.org/A5078597191,Robert H. Grubbs,W2951982916|US-9000167,W2951982916,US-9000167
795,Robert H. Grubbs,Robert H. Grubbs,https://openalex.org/A5078597191,Robert H. Grubbs,W2035221061|US-9000167,W2035221061,US-9000167
917,Satoshi Ōmura,Satoshi Ōmura,https://openalex.org/A5045164227,Satoshi Ōmura,W1970800022|US-9000194,W1970800022,US-9000194
908,Shuji Nakamura,Shuji Nakamura,https://openalex.org/A5030709847,Shuji Nakamura,W1979300756|US-9000466,W1979300756,US-9000466
875,Shinya Yamanaka,Shinya Yamanaka,https://openalex.org/A5081862387,Shinya Yamanaka,W1978173381|US-9005967,W1978173381,US-9005967
875,Shinya Yamanaka,Shinya Yamanaka,https://openalex.org/A5081862387,Shinya Yamanaka,W166162626|US-9005967,W166162626,US-9005967
875,Shinya Yamanaka,Shinya Yamanaka,https://openalex.org/A5081862387,Shinya Yamanaka,W2032570745|US-9005967,W2032570745,US-9005967
875,Shinya Yamanaka,Shinya Yamanaka,https://openalex.org/A5081862387,Shinya Yamanaka,W2505866002|US-9005976,W2505866002,US-9005976
875,Shinya Yamanaka,Shinya Yamanaka,https://openalex.org/A5081862387,Shinya Yamanaka,W2078201066|US-9005976,W2078201066,US-9005976
406,David Baltimore,David Baltimore,https://openalex.org/A5042763205,David Baltimore,W1991663093|US-9006195,W1991663093,US-9006195
406,David Baltimore,David Baltimore,https://openalex.org/A5042763205,David Baltimore,W2024658977|US-9006195,W2024658977,US-9006195
406,David Baltimore,David Baltimore,https://openalex.org/A5042763205,David Baltimore,W1968271954|US-9006195,W1968271954,US-9006195
406,David Baltimore,David Baltimore,https://openalex.org/A5042763205,David Baltimore,W2048547076|US-9006195,W2048547076,US-9006195
406,David Baltimore,David Baltimore,https://openalex.org/A5042763205,David Baltimore,W2294656922|US-9006195,W2294656922,US-9006195
406,David Baltimore,David Baltimore,https://openalex.org/A5042763205,David Baltimore,W2988182209|US-9006195,W2988182209,US-9006195
406,David Baltimore,David Baltimore,https://openalex.org/A5042763205,David Baltimore,W2048178760|US-9006195,W2048178760,US-9006195
406,David Baltimore,David Baltimore,https://openalex.org/A5042763205,David Baltimore,W2552461555|US-9006195,W2552461555,US-9006195
406,David Baltimore,David Baltimore,https://openalex.org/A5042763205,David Baltimore,W2160098916|US-9006195,W2160098916,US-9006195
406,David Baltimore,David Baltimore,https://openalex.org/A5042763205,David Baltimore,W1990229895|US-9006195,W1990229895,US-9006195
1029,Moungi G. Bawendi,Moungi Bawendi,https://openalex.org/A5108389294,Moungi G. Bawendi,W1500137469|US-9011818,W1500137469,US-9011818
449,Phillip A. Sharp,Phillip A. Sharp,https://openalex.org/A5022945869,Phillip A. Sharp,W2166903671|US-9012138,W2166903671,US-9012138
449,Phillip A. Sharp,Phillip A. Sharp,https://openalex.org/A5022945869,Phillip A. Sharp,W2145638174|US-9012138,W2145638174,US-9012138
449,Phillip A. Sharp,Phillip A. Sharp,https://openalex.org/A5022945869,Phillip A. Sharp,W2145638174|US-9012621,W2145638174,US-9012621
449,Phillip A. Sharp,Phillip A. Sharp,https://openalex.org/A5022945869,Phillip A. Sharp,W2166903671|US-9012621,W2166903671,US-9012621
850,Konstantin Novoselov,Konstantin Novoselov,https://openalex.org/A5072248970,Kostya S. Novoselov,W2135724087|US-9017474,W2135724087,US-9017474
849,Andre Geim,Andre Geim,https://openalex.org/A5058357018,A. K. Geǐm,W2135724087|US-9017474,W2135724087,US-9017474
850,Konstantin Novoselov,Konstantin Novoselov,https://openalex.org/A5072248970,Kostya S. Novoselov,W2019387618|US-9017474,W2019387618,US-9017474
849,Andre Geim,Andre Geim,https://openalex.org/A5058357018,A. K. Geǐm,W2019387618|US-9017474,W2019387618,US-9017474
729,Alan J. Heeger,Alan Heeger,https://openalex.org/A5087631107,Alan J. Heeger,W2122899497|US-9024180,W2122899497,US-9024180
406,David Baltimore,David Baltimore,https://openalex.org/A5042763205,David Baltimore,W2135135539|US-9034577,W2135135539,US-9034577
406,David Baltimore,David Baltimore,https://openalex.org/A5042763205,David Baltimore,W2160724571|US-9034577,W2160724571,US-9034577
1049,Shimon Sakaguchi,Shimon Sakaguchi,https://openalex.org/A5025764166,Shimon Sakaguchi,W1494329257|US-9040051,W1494329257,US-9040051
448,Richard J. Roberts,Richard J. Roberts,https://openalex.org/A5091034547,Richard J. Roberts,W2064078043|US-9040239,W2064078043,US-9040239
908,Shuji Nakamura,Shuji Nakamura,https://openalex.org/A5030709847,Shuji Nakamura,W1971253603|US-9040326,W1971253603,US-9040326
908,Shuji Nakamura,Shuji Nakamura,https://openalex.org/A5030709847,Shuji Nakamura,W1976553910|US-9040327,W1976553910,US-9040327
908,Shuji Nakamura,Shuji Nakamura,https://openalex.org/A5030709847,Shuji Nakamura,W2056319093|US-9040327,W2056319093,US-9040327
449,Phillip A. Sharp,Phillip A. Sharp,https://openalex.org/A5022945869,Phillip A. Sharp,W2165263818|US-9043994,W2165263818,US-9043994
879,Brian K. Kobilka,Brian Kobilka,https://openalex.org/A5079682203,Brian K. Kobilka,W1825353903|US-9045561,W1825353903,US-9045561
879,Brian K. Kobilka,Brian Kobilka,https://openalex.org/A5079682203,Brian K. Kobilka,W1988097700|US-9045561,W1988097700,US-9045561
879,Brian K. Kobilka,Brian Kobilka,https://openalex.org/A5079682203,Brian K. Kobilka,W2006998486|US-9045561,W2006998486,US-9045561
879,Brian K. Kobilka,Brian Kobilka,https://openalex.org/A5079682203,Brian K. Kobilka,W2104477830|US-9045561,W2104477830,US-9045561
958,James P. Allison,James P. Allison,https://openalex.org/A5047117233,James P. Allison,W2118705059|US-9045562,W2118705059,US-9045562
875,Shinya Yamanaka,Shinya Yamanaka,https://openalex.org/A5081862387,Shinya Yamanaka,W2071699739|US-9045738,W2071699739,US-9045738
875,Shinya Yamanaka,Shinya Yamanaka,https://openalex.org/A5081862387,Shinya Yamanaka,W2074746727|US-9045738,W2074746727,US-9045738
875,Shinya Yamanaka,Shinya Yamanaka,https://openalex.org/A5081862387,Shinya Yamanaka,W2133228304|US-9045738,W2133228304,US-9045738
875,Shinya Yamanaka,Shinya Yamanaka,https://openalex.org/A5081862387,Shinya Yamanaka,W4211226719|US-9045738,W4211226719,US-9045738
875,Shinya Yamanaka,Shinya Yamanaka,https://openalex.org/A5081862387,Shinya Yamanaka,W2138977668|US-9045738,W2138977668,US-9045738
875,Shinya Yamanaka,Shinya Yamanaka,https://openalex.org/A5081862387,Shinya Yamanaka,W2125987139|US-9045738,W2125987139,US-9045738
875,Shinya Yamanaka,Shinya Yamanaka,https://openalex.org/A5081862387,Shinya Yamanaka,W1978173381|US-9045738,W1978173381,US-9045738
292,Ahmed H. Zewail,Ahmed Zewail,https://openalex.org/A5077807260,Ahmed H. Zewail,W2040386359|US-9053903,W2040386359,US-9053903
292,Ahmed H. Zewail,Ahmed Zewail,https://openalex.org/A5077807260,Ahmed H. Zewail,W2070951363|US-9053903,W2070951363,US-9053903
292,Ahmed H. Zewail,Ahmed Zewail,https://openalex.org/A5077807260,Ahmed H. Zewail,W2016366175|US-9053903,W2016366175,US-9053903
292,Ahmed H. Zewail,Ahmed Zewail,https://openalex.org/A5077807260,Ahmed H. Zewail,W2275102204|US-9053903,W2275102204,US-9053903
292,Ahmed H. Zewail,Ahmed Zewail,https://openalex.org/A5077807260,Ahmed H. Zewail,W2082057748|US-9053903,W2082057748,US-9053903
292,Ahmed H. Zewail,Ahmed Zewail,https://openalex.org/A5077807260,Ahmed H. Zewail,W2566014805|US-9053903,W2566014805,US-9053903
292,Ahmed H. Zewail,Ahmed Zewail,https://openalex.org/A5077807260,Ahmed H. Zewail,W567916380|US-9053903,W567916380,US-9053903
292,Ahmed H. Zewail,Ahmed Zewail,https://openalex.org/A5077807260,Ahmed H. Zewail,W1970425293|US-9053903,W1970425293,US-9053903
292,Ahmed H. Zewail,Ahmed Zewail,https://openalex.org/A5077807260,Ahmed H. Zewail,W2014015460|US-9053903,W2014015460,US-9053903
292,Ahmed H. Zewail,Ahmed Zewail,https://openalex.org/A5077807260,Ahmed H. Zewail,W2345975993|US-9053903,W2345975993,US-9053903
292,Ahmed H. Zewail,Ahmed Zewail,https://openalex.org/A5077807260,Ahmed H. Zewail,W1996087426|US-9053903,W1996087426,US-9053903
292,Ahmed H. Zewail,Ahmed Zewail,https://openalex.org/A5077807260,Ahmed H. Zewail,W1981628475|US-9053903,W1981628475,US-9053903
292,Ahmed H. Zewail,Ahmed Zewail,https://openalex.org/A5077807260,Ahmed H. Zewail,W2083650825|US-9053903,W2083650825,US-9053903
292,Ahmed H. Zewail,Ahmed Zewail,https://openalex.org/A5077807260,Ahmed H. Zewail,W2037124125|US-9053903,W2037124125,US-9053903
292,Ahmed H. Zewail,Ahmed Zewail,https://openalex.org/A5077807260,Ahmed H. Zewail,W2115405822|US-9053903,W2115405822,US-9053903
292,Ahmed H. Zewail,Ahmed Zewail,https://openalex.org/A5077807260,Ahmed H. Zewail,W2148997563|US-9053903,W2148997563,US-9053903
292,Ahmed H. Zewail,Ahmed Zewail,https://openalex.org/A5077807260,Ahmed H. Zewail,W2032212746|US-9053903,W2032212746,US-9053903
292,Ahmed H. Zewail,Ahmed Zewail,https://openalex.org/A5077807260,Ahmed H. Zewail,W2031795478|US-9053903,W2031795478,US-9053903
292,Ahmed H. Zewail,Ahmed Zewail,https://openalex.org/A5077807260,Ahmed H. Zewail,W2134207752|US-9053903,W2134207752,US-9053903
908,Shuji Nakamura,Shuji Nakamura,https://openalex.org/A5030709847,Shuji Nakamura,W2066457719|US-9054498,W2066457719,US-9054498
1027,Ferenc Krausz,Ferenc Krausz,https://openalex.org/A5049801219,Ferenc Krausz,W2066852917|US-9057930,W2066852917,US-9057930
997,David Julius,David Julius,https://openalex.org/A5014886042,David Julius,W1995330222|US-9063125,W1995330222,US-9063125
802,Andrew Z. Fire,Andrew Z. Fire,https://openalex.org/A5057231025,Andrew Fire,W2142081242|US-9068224,W2142081242,US-9068224
796,Richard R. Schrock,Richard R. Schrock,https://openalex.org/A5079660000,Richard R. Schrock,W2017313025|US-9073801,W2017313025,US-9073801
796,Richard R. Schrock,Richard R. Schrock,https://openalex.org/A5079660000,Richard R. Schrock,W2025514182|US-9073801,W2025514182,US-9073801
796,Richard R. Schrock,Richard R. Schrock,https://openalex.org/A5079660000,Richard R. Schrock,W2569052016|US-9073801,W2569052016,US-9073801
796,Richard R. Schrock,Richard R. Schrock,https://openalex.org/A5079660000,Richard R. Schrock,W2529884481|US-9073801,W2529884481,US-9073801
796,Richard R. Schrock,Richard R. Schrock,https://openalex.org/A5079660000,Richard R. Schrock,W2132909529|US-9073801,W2132909529,US-9073801
911,William E. Moerner,William E. Moerner,https://openalex.org/A5068018832,W. E. Moerner,W2014950254|US-9075010,W2014950254,US-9075010
268,Jean-Marie Lehn,Jean-Marie Lehn,https://openalex.org/A5059296399,Jean‐Maríe Lehn,W1984397954|US-9078908,W1984397954,US-9078908
1029,Moungi G. Bawendi,Moungi Bawendi,https://openalex.org/A5108389294,Moungi G. Bawendi,W1549857425|US-9078920,W1549857425,US-9078920
1055,Omar M. Yaghi,Omar M. Yaghi,https://openalex.org/A5044268160,Omar M. Yaghi,W2053700726|US-9078922,W2053700726,US-9078922
1055,Omar M. Yaghi,Omar M. Yaghi,https://openalex.org/A5044268160,Omar M. Yaghi,W1998053062|US-9078922,W1998053062,US-9078922
932,Sir J. Fraser Stoddart,Sir J. Fraser Stoddart,https://openalex.org/A5027688873,J. Fraser Stoddart,W1996369650|US-9078922,W1996369650,US-9078922
1055,Omar M. Yaghi,Omar M. Yaghi,https://openalex.org/A5044268160,Omar M. Yaghi,W1996369650|US-9078922,W1996369650,US-9078922
1055,Omar M. Yaghi,Omar M. Yaghi,https://openalex.org/A5044268160,Omar M. Yaghi,W2020353271|US-9078922,W2020353271,US-9078922
1055,Omar M. Yaghi,Omar M. Yaghi,https://openalex.org/A5044268160,Omar M. Yaghi,W1971818486|US-9078922,W1971818486,US-9078922
796,Richard R. Schrock,Richard R. Schrock,https://openalex.org/A5079660000,Richard R. Schrock,W2000108344|US-9079173,W2000108344,US-9079173
796,Richard R. Schrock,Richard R. Schrock,https://openalex.org/A5079660000,Richard R. Schrock,W2267944202|US-9079173,W2267944202,US-9079173
796,Richard R. Schrock,Richard R. Schrock,https://openalex.org/A5079660000,Richard R. Schrock,W2157651545|US-9079173,W2157651545,US-9079173
1002,Benjamin List,Benjamin List,https://openalex.org/A5040055598,Benjamin List,W4235569490|US-9079869,W4235569490,US-9079869
412,Andrew V. Schally,Andrew V. Schally,https://openalex.org/A5068739269,Andrew V. Schally,W1966811598|US-9079974,W1966811598,US-9079974
831,Roger Y. Tsien,Roger Y. Tsien,https://openalex.org/A5109193097,Roger Y. Tsien,W2019108544|US-9080176,W2019108544,US-9080176
986,Michael Houghton,Michael Houghton,https://openalex.org/A5090612228,Michael Houghton,W1991902309|US-9084808,W1991902309,US-9084808
1055,Omar M. Yaghi,Omar M. Yaghi,https://openalex.org/A5044268160,Omar M. Yaghi,W2120389506|US-9085460,W2120389506,US-9085460
932,Sir J. Fraser Stoddart,Sir J. Fraser Stoddart,https://openalex.org/A5027688873,J. Fraser Stoddart,W2120389506|US-9085460,W2120389506,US-9085460
932,Sir J. Fraser Stoddart,Sir J. Fraser Stoddart,https://openalex.org/A5027688873,J. Fraser Stoddart,W1967607782|US-9085460,W1967607782,US-9085460
796,Richard R. Schrock,Richard R. Schrock,https://openalex.org/A5079660000,Richard R. Schrock,W2157651545|US-9085595,W2157651545,US-9085595
796,Richard R. Schrock,Richard R. Schrock,https://openalex.org/A5079660000,Richard R. Schrock,W2044645250|US-9085595,W2044645250,US-9085595
796,Richard R. Schrock,Richard R. Schrock,https://openalex.org/A5079660000,Richard R. Schrock,W2000869936|US-9085595,W2000869936,US-9085595
796,Richard R. Schrock,Richard R. Schrock,https://openalex.org/A5079660000,Richard R. Schrock,W1988197552|US-9085595,W1988197552,US-9085595
796,Richard R. Schrock,Richard R. Schrock,https://openalex.org/A5079660000,Richard R. Schrock,W2281166435|US-9085595,W2281166435,US-9085595
796,Richard R. Schrock,Richard R. Schrock,https://openalex.org/A5079660000,Richard R. Schrock,W2165692837|US-9085595,W2165692837,US-9085595
796,Richard R. Schrock,Richard R. Schrock,https://openalex.org/A5079660000,Richard R. Schrock,W2000108344|US-9085595,W2000108344,US-9085595
796,Richard R. Schrock,Richard R. Schrock,https://openalex.org/A5079660000,Richard R. Schrock,W2057117951|US-9085595,W2057117951,US-9085595
796,Richard R. Schrock,Richard R. Schrock,https://openalex.org/A5079660000,Richard R. Schrock,W2020226922|US-9085595,W2020226922,US-9085595
1015,Carolyn R. Bertozzi,Carolyn Bertozzi,https://openalex.org/A5088409133,Carolyn R. Bertozzi,W2070910610|US-9090473,W2070910610,US-9090473
406,David Baltimore,David Baltimore,https://openalex.org/A5042763205,David Baltimore,W2549657123|US-9090894,W2549657123,US-9090894
406,David Baltimore,David Baltimore,https://openalex.org/A5042763205,David Baltimore,W2094057765|US-9090894,W2094057765,US-9090894
406,David Baltimore,David Baltimore,https://openalex.org/A5042763205,David Baltimore,W2098199767|US-9090894,W2098199767,US-9090894
406,David Baltimore,David Baltimore,https://openalex.org/A5042763205,David Baltimore,W2049772720|US-9090894,W2049772720,US-9090894
406,David Baltimore,David Baltimore,https://openalex.org/A5042763205,David Baltimore,W2155605501|US-9090894,W2155605501,US-9090894
406,David Baltimore,David Baltimore,https://openalex.org/A5042763205,David Baltimore,W2075860675|US-9090894,W2075860675,US-9090894
1029,Moungi G. Bawendi,Moungi Bawendi,https://openalex.org/A5108389294,Moungi G. Bawendi,W2072398633|US-9093657,W2072398633,US-9093657
1029,Moungi G. Bawendi,Moungi Bawendi,https://openalex.org/A5108389294,Moungi G. Bawendi,W2042311347|US-9093657,W2042311347,US-9093657
795,Robert H. Grubbs,Robert H. Grubbs,https://openalex.org/A5078597191,Robert H. Grubbs,W2006152951|US-9096519,W2006152951,US-9096519
795,Robert H. Grubbs,Robert H. Grubbs,https://openalex.org/A5078597191,Robert H. Grubbs,W2113763710|US-9096519,W2113763710,US-9096519
750,Sydney Brenner,Sydney Brenner,https://openalex.org/A5111910776,Sydney Brenner,W1580520822|US-9096952,W1580520822,US-9096952
907,Hiroshi Amano,Hiroshi Amano,https://openalex.org/A5048399593,Hiroshi Amano,W1989155471|US-9099597,W1989155471,US-9099597
906,Isamu Akasaki,Isamu Akasaki,https://openalex.org/A5081597179,Isamu Akasaki,W1989155471|US-9099597,W1989155471,US-9099597
1029,Moungi G. Bawendi,Moungi Bawendi,https://openalex.org/A5108389294,Moungi G. Bawendi,W1602288028|US-9099663,W1602288028,US-9099663
1055,Omar M. Yaghi,Omar M. Yaghi,https://openalex.org/A5044268160,Omar M. Yaghi,W1968896148|US-9102609,W1968896148,US-9102609
802,Andrew Z. Fire,Andrew Z. Fire,https://openalex.org/A5057231025,Andrew Fire,W1647075334|US-9102939,W1647075334,US-9102939
803,Craig C. Mello,Craig C. Mello,https://openalex.org/A5029315886,Craig C. Mello,W1647075334|US-9102939,W1647075334,US-9102939
409,Baruch S. Blumberg,Baruch S. Blumberg,https://openalex.org/A5030590633,Baruch S. Blumberg,W2099046152|US-9110078,W2099046152,US-9110078
723,Paul Greengard,Paul Greengard,https://openalex.org/A5052825834,Paul Greengard,W2140732346|US-9114148,W2140732346,US-9114148
789,Barry J. Marshall,Barry J. Marshall,https://openalex.org/A5058569055,Barry J. Marshall,W2136570675|US-9115363,W2136570675,US-9115363
1055,Omar M. Yaghi,Omar M. Yaghi,https://openalex.org/A5044268160,Omar M. Yaghi,W2118298691|US-9120080,W2118298691,US-9120080
795,Robert H. Grubbs,Robert H. Grubbs,https://openalex.org/A5078597191,Robert H. Grubbs,W1985462077|US-9120732,W1985462077,US-9120732
932,Sir J. Fraser Stoddart,Sir J. Fraser Stoddart,https://openalex.org/A5027688873,J. Fraser Stoddart,W2006224207|US-9120799,W2006224207,US-9120799
803,Craig C. Mello,Craig C. Mello,https://openalex.org/A5029315886,Craig C. Mello,W4241434797|US-9121018,W4241434797,US-9121018
1027,Ferenc Krausz,Ferenc Krausz,https://openalex.org/A5049801219,Ferenc Krausz,W1975478437|US-9128349,W1975478437,US-9128349
1027,Ferenc Krausz,Ferenc Krausz,https://openalex.org/A5049801219,Ferenc Krausz,W2045649827|US-9128349,W2045649827,US-9128349
1027,Ferenc Krausz,Ferenc Krausz,https://openalex.org/A5049801219,Ferenc Krausz,W2038032957|US-9128349,W2038032957,US-9128349
908,Shuji Nakamura,Shuji Nakamura,https://openalex.org/A5030709847,Shuji Nakamura,W2101302167|US-9130119,W2101302167,US-9130119
908,Shuji Nakamura,Shuji Nakamura,https://openalex.org/A5030709847,Shuji Nakamura,W1996679350|US-9130119,W1996679350,US-9130119
908,Shuji Nakamura,Shuji Nakamura,https://openalex.org/A5030709847,Shuji Nakamura,W2070047651|US-9130119,W2070047651,US-9130119
908,Shuji Nakamura,Shuji Nakamura,https://openalex.org/A5030709847,Shuji Nakamura,W2026145143|US-9130119,W2026145143,US-9130119
976,John B. Goodenough,John B. Goodenough,https://openalex.org/A5088016695,John B. Goodenough,W1990308101|US-9130219,W1990308101,US-9130219
908,Shuji Nakamura,Shuji Nakamura,https://openalex.org/A5030709847,Shuji Nakamura,W2073878559|US-9136673,W2073878559,US-9136673
908,Shuji Nakamura,Shuji Nakamura,https://openalex.org/A5030709847,Shuji Nakamura,W1984433141|US-9136673,W1984433141,US-9136673
416,Hamilton O. Smith,Hamilton O. Smith,https://openalex.org/A5076771387,Hamilton O. Smith,W2127335580|US-9139621,W2127335580,US-9139621
259,Aaron Klug,Aaron Klug,https://openalex.org/A5106084352,Aaron Klug,W1995146753|US-9139628,W1995146753,US-9139628
986,Michael Houghton,Michael Houghton,https://openalex.org/A5090612228,Michael Houghton,W1991902309|US-9139833,W1991902309,US-9139833
963,Frances H. Arnold,Frances H. Arnold,https://openalex.org/A5043841592,Frances H. Arnold,W2117206005|US-9145549,W2117206005,US-9145549
963,Frances H. Arnold,Frances H. Arnold,https://openalex.org/A5043841592,Frances H. Arnold,W2009774095|US-9145549,W2009774095,US-9145549
963,Frances H. Arnold,Frances H. Arnold,https://openalex.org/A5043841592,Frances H. Arnold,W2118802018|US-9145549,W2118802018,US-9145549
963,Frances H. Arnold,Frances H. Arnold,https://openalex.org/A5043841592,Frances H. Arnold,W2063112093|US-9145549,W2063112093,US-9145549
963,Frances H. Arnold,Frances H. Arnold,https://openalex.org/A5043841592,Frances H. Arnold,W2144572696|US-9145549,W2144572696,US-9145549
963,Frances H. Arnold,Frances H. Arnold,https://openalex.org/A5043841592,Frances H. Arnold,W2133834597|US-9145549,W2133834597,US-9145549
963,Frances H. Arnold,Frances H. Arnold,https://openalex.org/A5043841592,Frances H. Arnold,W2083112939|US-9145549,W2083112939,US-9145549
406,David Baltimore,David Baltimore,https://openalex.org/A5042763205,David Baltimore,W2037174767|US-9145560,W2037174767,US-9145560
1029,Moungi G. Bawendi,Moungi Bawendi,https://openalex.org/A5108389294,Moungi G. Bawendi,W1987523215|US-9146317,W1987523215,US-9146317
757,Koichi Tanaka,Koichi Tanaka,https://openalex.org/A5009335876,Kōichi Tanaka,W2071533724|US-9147560,W2071533724,US-9147560
757,Koichi Tanaka,Koichi Tanaka,https://openalex.org/A5009335876,Kōichi Tanaka,W1926633381|US-9147560,W1926633381,US-9147560
908,Shuji Nakamura,Shuji Nakamura,https://openalex.org/A5030709847,Shuji Nakamura,W2559926378|US-9147733,W2559926378,US-9147733
908,Shuji Nakamura,Shuji Nakamura,https://openalex.org/A5030709847,Shuji Nakamura,W2080824866|US-9147733,W2080824866,US-9147733
908,Shuji Nakamura,Shuji Nakamura,https://openalex.org/A5030709847,Shuji Nakamura,W3009553987|US-9147733,W3009553987,US-9147733
908,Shuji Nakamura,Shuji Nakamura,https://openalex.org/A5030709847,Shuji Nakamura,W1972003963|US-9147733,W1972003963,US-9147733
1029,Moungi G. Bawendi,Moungi Bawendi,https://openalex.org/A5108389294,Moungi G. Bawendi,W1993679574|US-9148649,W1993679574,US-9148649
751,H. Robert Horvitz,H. Robert Horvitz,https://openalex.org/A5075093223,H. Robert Horvitz,W2135607950|US-9150860,W2135607950,US-9150860
416,Hamilton O. Smith,Hamilton O. Smith,https://openalex.org/A5076771387,Hamilton O. Smith,W2127335580|US-9156894,W2127335580,US-9156894
908,Shuji Nakamura,Shuji Nakamura,https://openalex.org/A5030709847,Shuji Nakamura,W2066894025|US-9159553,W2066894025,US-9159553
1029,Moungi G. Bawendi,Moungi Bawendi,https://openalex.org/A5108389294,Moungi G. Bawendi,W2054620828|US-9162882,W2054620828,US-9162882
1029,Moungi G. Bawendi,Moungi Bawendi,https://openalex.org/A5108389294,Moungi G. Bawendi,W2335775246|US-9162882,W2335775246,US-9162882
1015,Carolyn R. Bertozzi,Carolyn Bertozzi,https://openalex.org/A5088409133,Carolyn R. Bertozzi,W2070910610|US-9162939,W2070910610,US-9162939
992,Jennifer A. Doudna,Jennifer A. Doudna,https://openalex.org/A5067184382,Jennifer A. Doudna,W2149402050|US-9163284,W2149402050,US-9163284
910,Stefan W. Hell,Stefan W. Hell,https://openalex.org/A5088219208,Stefan W. Hell,W2111390992|US-9164086,W2111390992,US-9164086
910,Stefan W. Hell,Stefan W. Hell,https://openalex.org/A5088219208,Stefan W. Hell,W2026939549|US-9164086,W2026939549,US-9164086
835,Elizabeth H. Blackburn,Elizabeth H. Blackburn,https://openalex.org/A5064437582,Elizabeth H. Blackburn,W2129198998|US-9169516,W2129198998,US-9169516
987,Charles M. Rice,Charles M. Rice,https://openalex.org/A5019683467,Charles M. Rice,W2100943457|US-9173383,W2100943457,US-9173383
803,Craig C. Mello,Craig C. Mello,https://openalex.org/A5029315886,Craig C. Mello,W2141573080|US-9175287,W2141573080,US-9175287
917,Satoshi Ōmura,Satoshi Ōmura,https://openalex.org/A5045164227,Satoshi Ōmura,W2000643387|US-9187492,W2000643387,US-9187492
917,Satoshi Ōmura,Satoshi Ōmura,https://openalex.org/A5045164227,Satoshi Ōmura,W2917194112|US-9187492,W2917194112,US-9187492
917,Satoshi Ōmura,Satoshi Ōmura,https://openalex.org/A5045164227,Satoshi Ōmura,W2918065838|US-9187492,W2918065838,US-9187492
917,Satoshi Ōmura,Satoshi Ōmura,https://openalex.org/A5045164227,Satoshi Ōmura,W1982962651|US-9187492,W1982962651,US-9187492
449,Phillip A. Sharp,Phillip A. Sharp,https://openalex.org/A5022945869,Phillip A. Sharp,W2166903671|US-9193753,W2166903671,US-9193753
449,Phillip A. Sharp,Phillip A. Sharp,https://openalex.org/A5022945869,Phillip A. Sharp,W2145638174|US-9193753,W2145638174,US-9193753
802,Andrew Z. Fire,Andrew Z. Fire,https://openalex.org/A5057231025,Andrew Fire,W2142081242|US-9193997,W2142081242,US-9193997
796,Richard R. Schrock,Richard R. Schrock,https://openalex.org/A5079660000,Richard R. Schrock,W2056230987|US-9206211,W2056230987,US-9206211
879,Brian K. Kobilka,Brian Kobilka,https://openalex.org/A5079682203,Brian K. Kobilka,W2109336177|US-9206221,W2109336177,US-9206221
879,Brian K. Kobilka,Brian Kobilka,https://openalex.org/A5079682203,Brian K. Kobilka,W2127288815|US-9206221,W2127288815,US-9206221
879,Brian K. Kobilka,Brian Kobilka,https://openalex.org/A5079682203,Brian K. Kobilka,W1975641708|US-9206221,W1975641708,US-9206221
879,Brian K. Kobilka,Brian Kobilka,https://openalex.org/A5079682203,Brian K. Kobilka,W1995646338|US-9206221,W1995646338,US-9206221
879,Brian K. Kobilka,Brian Kobilka,https://openalex.org/A5079682203,Brian K. Kobilka,W2147751537|US-9206221,W2147751537,US-9206221
795,Robert H. Grubbs,Robert H. Grubbs,https://openalex.org/A5078597191,Robert H. Grubbs,W2065226798|US-9207532,W2065226798,US-9207532
908,Shuji Nakamura,Shuji Nakamura,https://openalex.org/A5030709847,Shuji Nakamura,W2082298130|US-9219205,W2082298130,US-9219205
1029,Moungi G. Bawendi,Moungi Bawendi,https://openalex.org/A5108389294,Moungi G. Bawendi,W2106098810|US-9224895,W2106098810,US-9224895
971,Sir Peter J. Ratcliffe,Sir Peter J. Ratcliffe,https://openalex.org/A5064727417,Peter J. Ratcliffe,W2091671707|US-9228224,W2091671707,US-9228224
976,John B. Goodenough,John B. Goodenough,https://openalex.org/A5088016695,John B. Goodenough,W1990308101|US-9236627,W1990308101,US-9236627
795,Robert H. Grubbs,Robert H. Grubbs,https://openalex.org/A5078597191,Robert H. Grubbs,W2081750976|US-9238709,W2081750976,US-9238709
795,Robert H. Grubbs,Robert H. Grubbs,https://openalex.org/A5078597191,Robert H. Grubbs,W1973239547|US-9238709,W1973239547,US-9238709
795,Robert H. Grubbs,Robert H. Grubbs,https://openalex.org/A5078597191,Robert H. Grubbs,W2950398954|US-9238709,W2950398954,US-9238709
795,Robert H. Grubbs,Robert H. Grubbs,https://openalex.org/A5078597191,Robert H. Grubbs,W2045663653|US-9238709,W2045663653,US-9238709
795,Robert H. Grubbs,Robert H. Grubbs,https://openalex.org/A5078597191,Robert H. Grubbs,W150607283|US-9238709,W150607283,US-9238709
795,Robert H. Grubbs,Robert H. Grubbs,https://openalex.org/A5078597191,Robert H. Grubbs,W1995647974|US-9238709,W1995647974,US-9238709
795,Robert H. Grubbs,Robert H. Grubbs,https://openalex.org/A5078597191,Robert H. Grubbs,W2164563630|US-9238709,W2164563630,US-9238709
795,Robert H. Grubbs,Robert H. Grubbs,https://openalex.org/A5078597191,Robert H. Grubbs,W1965748825|US-9238709,W1965748825,US-9238709
795,Robert H. Grubbs,Robert H. Grubbs,https://openalex.org/A5078597191,Robert H. Grubbs,W2951085320|US-9238709,W2951085320,US-9238709
795,Robert H. Grubbs,Robert H. Grubbs,https://openalex.org/A5078597191,Robert H. Grubbs,W2058708804|US-9238709,W2058708804,US-9238709
795,Robert H. Grubbs,Robert H. Grubbs,https://openalex.org/A5078597191,Robert H. Grubbs,W2950236521|US-9238709,W2950236521,US-9238709
743,K. Barry Sharpless,K. Barry Sharpless,https://openalex.org/A5077401880,K. Barry Sharpless,W1965780953|US-9239332,W1965780953,US-9239332
796,Richard R. Schrock,Richard R. Schrock,https://openalex.org/A5079660000,Richard R. Schrock,W2056230987|US-9242240,W2056230987,US-9242240
796,Richard R. Schrock,Richard R. Schrock,https://openalex.org/A5079660000,Richard R. Schrock,W2085559683|US-9242240,W2085559683,US-9242240
796,Richard R. Schrock,Richard R. Schrock,https://openalex.org/A5079660000,Richard R. Schrock,W2079517466|US-9242240,W2079517466,US-9242240
796,Richard R. Schrock,Richard R. Schrock,https://openalex.org/A5079660000,Richard R. Schrock,W2051166993|US-9242240,W2051166993,US-9242240
796,Richard R. Schrock,Richard R. Schrock,https://openalex.org/A5079660000,Richard R. Schrock,W2047560320|US-9242240,W2047560320,US-9242240
1039,David Baker,David Baker,https://openalex.org/A5053192926,David Baker,W2082260955|US-9243238,W2082260955,US-9243238
1039,David Baker,David Baker,https://openalex.org/A5053192926,David Baker,W1996142946|US-9243238,W1996142946,US-9243238
908,Shuji Nakamura,Shuji Nakamura,https://openalex.org/A5030709847,Shuji Nakamura,W1979904211|US-9243344,W1979904211,US-9243344
908,Shuji Nakamura,Shuji Nakamura,https://openalex.org/A5030709847,Shuji Nakamura,W2044814313|US-9243344,W2044814313,US-9243344
908,Shuji Nakamura,Shuji Nakamura,https://openalex.org/A5030709847,Shuji Nakamura,W1981294219|US-9243344,W1981294219,US-9243344
908,Shuji Nakamura,Shuji Nakamura,https://openalex.org/A5030709847,Shuji Nakamura,W2028569544|US-9243344,W2028569544,US-9243344
908,Shuji Nakamura,Shuji Nakamura,https://openalex.org/A5030709847,Shuji Nakamura,W2027121711|US-9243344,W2027121711,US-9243344
908,Shuji Nakamura,Shuji Nakamura,https://openalex.org/A5030709847,Shuji Nakamura,W2044572338|US-9243344,W2044572338,US-9243344
795,Robert H. Grubbs,Robert H. Grubbs,https://openalex.org/A5078597191,Robert H. Grubbs,W207179887|US-9249170,W207179887,US-9249170
795,Robert H. Grubbs,Robert H. Grubbs,https://openalex.org/A5078597191,Robert H. Grubbs,W2124088680|US-9249170,W2124088680,US-9249170
795,Robert H. Grubbs,Robert H. Grubbs,https://openalex.org/A5078597191,Robert H. Grubbs,W4241134457|US-9249170,W4241134457,US-9249170
416,Hamilton O. Smith,Hamilton O. Smith,https://openalex.org/A5076771387,Hamilton O. Smith,W2127335580|US-9249196,W2127335580,US-9249196
416,Hamilton O. Smith,Hamilton O. Smith,https://openalex.org/A5076771387,Hamilton O. Smith,W2127335580|US-9249198,W2127335580,US-9249198
879,Brian K. Kobilka,Brian Kobilka,https://openalex.org/A5079682203,Brian K. Kobilka,W2147751537|US-9255122,W2147751537,US-9255122
879,Brian K. Kobilka,Brian Kobilka,https://openalex.org/A5079682203,Brian K. Kobilka,W2109336177|US-9255122,W2109336177,US-9255122
879,Brian K. Kobilka,Brian Kobilka,https://openalex.org/A5079682203,Brian K. Kobilka,W2086075518|US-9255122,W2086075518,US-9255122
1015,Carolyn R. Bertozzi,Carolyn Bertozzi,https://openalex.org/A5088409133,Carolyn R. Bertozzi,W1968222033|US-9260371,W1968222033,US-9260371
1015,Carolyn R. Bertozzi,Carolyn Bertozzi,https://openalex.org/A5088409133,Carolyn R. Bertozzi,W2009304941|US-9260371,W2009304941,US-9260371
412,Andrew V. Schally,Andrew V. Schally,https://openalex.org/A5068739269,Andrew V. Schally,W1966811598|US-9260504,W1966811598,US-9260504
853,Akira Suzuki,Akira Suzuki,https://openalex.org/A5100637449,Akira Suzuki,W2341205571|US-9266441,W2341205571,US-9266441
795,Robert H. Grubbs,Robert H. Grubbs,https://openalex.org/A5078597191,Robert H. Grubbs,W2241149129|US-9266914,W2241149129,US-9266914
416,Hamilton O. Smith,Hamilton O. Smith,https://openalex.org/A5076771387,Hamilton O. Smith,W2127335580|US-9266929,W2127335580,US-9266929
406,David Baltimore,David Baltimore,https://openalex.org/A5042763205,David Baltimore,W2037174767|US-9267140,W2037174767,US-9267140
831,Roger Y. Tsien,Roger Y. Tsien,https://openalex.org/A5109193097,Roger Y. Tsien,W2013878893|US-9279769,W2013878893,US-9279769
1039,David Baker,David Baker,https://openalex.org/A5053192926,David Baker,W2169284795|US-9284541,W2169284795,US-9284541
963,Frances H. Arnold,Frances H. Arnold,https://openalex.org/A5043841592,Frances H. Arnold,W2135211698|US-9284587,W2135211698,US-9284587
406,David Baltimore,David Baltimore,https://openalex.org/A5042763205,David Baltimore,W2049772720|US-9290761,W2049772720,US-9290761
406,David Baltimore,David Baltimore,https://openalex.org/A5042763205,David Baltimore,W2160098916|US-9290761,W2160098916,US-9290761
406,David Baltimore,David Baltimore,https://openalex.org/A5042763205,David Baltimore,W2016466834|US-9290761,W2016466834,US-9290761
406,David Baltimore,David Baltimore,https://openalex.org/A5042763205,David Baltimore,W2552461555|US-9290761,W2552461555,US-9290761
406,David Baltimore,David Baltimore,https://openalex.org/A5042763205,David Baltimore,W2094057765|US-9290761,W2094057765,US-9290761
406,David Baltimore,David Baltimore,https://openalex.org/A5042763205,David Baltimore,W2075860675|US-9290761,W2075860675,US-9290761
729,Alan J. Heeger,Alan Heeger,https://openalex.org/A5087631107,Alan J. Heeger,W2024897831|US-9293708,W2024897831,US-9293708
861,Bruce A. Beutler,Bruce A. Beutler,https://openalex.org/A5059140393,Bruce Beutler,W2069556438|US-9295722,W2069556438,US-9295722
743,K. Barry Sharpless,K. Barry Sharpless,https://openalex.org/A5077401880,K. Barry Sharpless,W4232090531|US-9302997,W4232090531,US-9302997
406,David Baltimore,David Baltimore,https://openalex.org/A5042763205,David Baltimore,W2074713417|US-9303072,W2074713417,US-9303072
406,David Baltimore,David Baltimore,https://openalex.org/A5042763205,David Baltimore,W2067471829|US-9303072,W2067471829,US-9303072
406,David Baltimore,David Baltimore,https://openalex.org/A5042763205,David Baltimore,W2030692386|US-9303072,W2030692386,US-9303072
795,Robert H. Grubbs,Robert H. Grubbs,https://openalex.org/A5078597191,Robert H. Grubbs,W2951982916|US-9309269,W2951982916,US-9309269
795,Robert H. Grubbs,Robert H. Grubbs,https://openalex.org/A5078597191,Robert H. Grubbs,W2035221061|US-9309269,W2035221061,US-9309269
796,Richard R. Schrock,Richard R. Schrock,https://openalex.org/A5079660000,Richard R. Schrock,W2021350630|US-9315604,W2021350630,US-9315604
849,Andre Geim,Andre Geim,https://openalex.org/A5058357018,A. K. Geǐm,W2039211361|US-9318591,W2039211361,US-9318591
850,Konstantin Novoselov,Konstantin Novoselov,https://openalex.org/A5072248970,Kostya S. Novoselov,W2039211361|US-9318591,W2039211361,US-9318591
849,Andre Geim,Andre Geim,https://openalex.org/A5058357018,A. K. Geǐm,W2078118572|US-9318591,W2078118572,US-9318591
850,Konstantin Novoselov,Konstantin Novoselov,https://openalex.org/A5072248970,Kostya S. Novoselov,W2078118572|US-9318591,W2078118572,US-9318591
849,Andre Geim,Andre Geim,https://openalex.org/A5058357018,A. K. Geǐm,W3101211881|US-9318591,W3101211881,US-9318591
850,Konstantin Novoselov,Konstantin Novoselov,https://openalex.org/A5072248970,Kostya S. Novoselov,W3101211881|US-9318591,W3101211881,US-9318591
1027,Ferenc Krausz,Ferenc Krausz,https://openalex.org/A5049801219,Ferenc Krausz,W2489565659|US-9318867,W2489565659,US-9318867
963,Frances H. Arnold,Frances H. Arnold,https://openalex.org/A5043841592,Frances H. Arnold,W2133834597|US-9322001,W2133834597,US-9322001
992,Jennifer A. Doudna,Jennifer A. Doudna,https://openalex.org/A5067184382,Jennifer A. Doudna,W2149402050|US-9322006,W2149402050,US-9322006
963,Frances H. Arnold,Frances H. Arnold,https://openalex.org/A5043841592,Frances H. Arnold,W2076485260|US-9322007,W2076485260,US-9322007
992,Jennifer A. Doudna,Jennifer A. Doudna,https://openalex.org/A5067184382,Jennifer A. Doudna,W2149402050|US-9322037,W2149402050,US-9322037
280,George A. Olah,George A. Olah,https://openalex.org/A5071446330,George A. Olah,W2009568094|US-9334253,W2009568094,US-9334253
803,Craig C. Mello,Craig C. Mello,https://openalex.org/A5029315886,Craig C. Mello,W4241434797|US-9334497,W4241434797,US-9334497
963,Frances H. Arnold,Frances H. Arnold,https://openalex.org/A5043841592,Frances H. Arnold,W2138231612|US-9334517,W2138231612,US-9334517
963,Frances H. Arnold,Frances H. Arnold,https://openalex.org/A5043841592,Frances H. Arnold,W2169438281|US-9334517,W2169438281,US-9334517
963,Frances H. Arnold,Frances H. Arnold,https://openalex.org/A5043841592,Frances H. Arnold,W2138231612|US-9334544,W2138231612,US-9334544
963,Frances H. Arnold,Frances H. Arnold,https://openalex.org/A5043841592,Frances H. Arnold,W2169438281|US-9334544,W2169438281,US-9334544
963,Frances H. Arnold,Frances H. Arnold,https://openalex.org/A5043841592,Frances H. Arnold,W2060603511|US-9340765,W2060603511,US-9340765
992,Jennifer A. Doudna,Jennifer A. Doudna,https://openalex.org/A5067184382,Jennifer A. Doudna,W2149402050|US-9340800,W2149402050,US-9340800
972,Gregg L. Semenza,Gregg L. Semenza,https://openalex.org/A5051276665,Gregg L. Semenza,W2053298425|US-9345682,W2053298425,US-9345682
1039,David Baker,David Baker,https://openalex.org/A5053192926,David Baker,W2159006761|US-9346859,W2159006761,US-9346859
908,Shuji Nakamura,Shuji Nakamura,https://openalex.org/A5030709847,Shuji Nakamura,W2293554658|US-9356431,W2293554658,US-9356431
958,James P. Allison,James P. Allison,https://openalex.org/A5047117233,James P. Allison,W2157041114|US-9375475,W2157041114,US-9375475
958,James P. Allison,James P. Allison,https://openalex.org/A5047117233,James P. Allison,W1621831367|US-9375475,W1621831367,US-9375475
795,Robert H. Grubbs,Robert H. Grubbs,https://openalex.org/A5078597191,Robert H. Grubbs,W4235024652|US-9382387,W4235024652,US-9382387
724,Eric R. Kandel,Eric Kandel,https://openalex.org/A5034071817,Eric R. Kandel,W2104064321|US-9387263,W2104064321,US-9387263
992,Jennifer A. Doudna,Jennifer A. Doudna,https://openalex.org/A5067184382,Jennifer A. Doudna,W2149402050|US-9388430,W2149402050,US-9388430
412,Andrew V. Schally,Andrew V. Schally,https://openalex.org/A5068739269,Andrew V. Schally,W2009779974|US-9393271,W2009779974,US-9393271
412,Andrew V. Schally,Andrew V. Schally,https://openalex.org/A5068739269,Andrew V. Schally,W2082873239|US-9393271,W2082873239,US-9393271
412,Andrew V. Schally,Andrew V. Schally,https://openalex.org/A5068739269,Andrew V. Schally,W1987679396|US-9393271,W1987679396,US-9393271
908,Shuji Nakamura,Shuji Nakamura,https://openalex.org/A5030709847,Shuji Nakamura,W2559926378|US-9396943,W2559926378,US-9396943
908,Shuji Nakamura,Shuji Nakamura,https://openalex.org/A5030709847,Shuji Nakamura,W3009553987|US-9396943,W3009553987,US-9396943
908,Shuji Nakamura,Shuji Nakamura,https://openalex.org/A5030709847,Shuji Nakamura,W2080824866|US-9396943,W2080824866,US-9396943
908,Shuji Nakamura,Shuji Nakamura,https://openalex.org/A5030709847,Shuji Nakamura,W1972003963|US-9396943,W1972003963,US-9396943
1028,Anne L’Huillier,Anne L’Huillier,https://openalex.org/A5087194862,A. L’Huillier,W2080386446|US-9397463,W2080386446,US-9397463
1028,Anne L’Huillier,Anne L’Huillier,https://openalex.org/A5087194862,A. L’Huillier,W2980557423|US-9397463,W2980557423,US-9397463
1028,Anne L’Huillier,Anne L’Huillier,https://openalex.org/A5087194862,A. L’Huillier,W2765287380|US-9397463,W2765287380,US-9397463
932,Sir J. Fraser Stoddart,Sir J. Fraser Stoddart,https://openalex.org/A5027688873,J. Fraser Stoddart,W2091724371|US-9399803,W2091724371,US-9399803
922,Paul Modrich,Paul Modrich,https://openalex.org/A5060041272,Paul Modrich,W1980282046|US-9403828,W1980282046,US-9403828
795,Robert H. Grubbs,Robert H. Grubbs,https://openalex.org/A5078597191,Robert H. Grubbs,W1980501669|US-9403854,W1980501669,US-9403854
795,Robert H. Grubbs,Robert H. Grubbs,https://openalex.org/A5078597191,Robert H. Grubbs,W2102591604|US-9403854,W2102591604,US-9403854
795,Robert H. Grubbs,Robert H. Grubbs,https://openalex.org/A5078597191,Robert H. Grubbs,W2147593856|US-9403854,W2147593856,US-9403854
795,Robert H. Grubbs,Robert H. Grubbs,https://openalex.org/A5078597191,Robert H. Grubbs,W2041769371|US-9403854,W2041769371,US-9403854
795,Robert H. Grubbs,Robert H. Grubbs,https://openalex.org/A5078597191,Robert H. Grubbs,W2951059845|US-9403854,W2951059845,US-9403854
795,Robert H. Grubbs,Robert H. Grubbs,https://openalex.org/A5078597191,Robert H. Grubbs,W1963503284|US-9403854,W1963503284,US-9403854
795,Robert H. Grubbs,Robert H. Grubbs,https://openalex.org/A5078597191,Robert H. Grubbs,W1978023447|US-9403854,W1978023447,US-9403854
875,Shinya Yamanaka,Shinya Yamanaka,https://openalex.org/A5081862387,Shinya Yamanaka,W1978173381|US-9404124,W1978173381,US-9404124
875,Shinya Yamanaka,Shinya Yamanaka,https://openalex.org/A5081862387,Shinya Yamanaka,W2054521968|US-9404124,W2054521968,US-9404124
875,Shinya Yamanaka,Shinya Yamanaka,https://openalex.org/A5081862387,Shinya Yamanaka,W2081620485|US-9404124,W2081620485,US-9404124
908,Shuji Nakamura,Shuji Nakamura,https://openalex.org/A5030709847,Shuji Nakamura,W1979300756|US-9406843,W1979300756,US-9406843
796,Richard R. Schrock,Richard R. Schrock,https://openalex.org/A5079660000,Richard R. Schrock,W2024785697|US-9409938,W2024785697,US-9409938
796,Richard R. Schrock,Richard R. Schrock,https://openalex.org/A5079660000,Richard R. Schrock,W2000108344|US-9409938,W2000108344,US-9409938
796,Richard R. Schrock,Richard R. Schrock,https://openalex.org/A5079660000,Richard R. Schrock,W2020226922|US-9409938,W2020226922,US-9409938
796,Richard R. Schrock,Richard R. Schrock,https://openalex.org/A5079660000,Richard R. Schrock,W2165692837|US-9409938,W2165692837,US-9409938
796,Richard R. Schrock,Richard R. Schrock,https://openalex.org/A5079660000,Richard R. Schrock,W2281166435|US-9409938,W2281166435,US-9409938
796,Richard R. Schrock,Richard R. Schrock,https://openalex.org/A5079660000,Richard R. Schrock,W2044645250|US-9409938,W2044645250,US-9409938
796,Richard R. Schrock,Richard R. Schrock,https://openalex.org/A5079660000,Richard R. Schrock,W1988197552|US-9409938,W1988197552,US-9409938
796,Richard R. Schrock,Richard R. Schrock,https://openalex.org/A5079660000,Richard R. Schrock,W2000869936|US-9409938,W2000869936,US-9409938
1015,Carolyn R. Bertozzi,Carolyn Bertozzi,https://openalex.org/A5088409133,Carolyn R. Bertozzi,W2066363606|US-9410966,W2066363606,US-9410966
1015,Carolyn R. Bertozzi,Carolyn Bertozzi,https://openalex.org/A5088409133,Carolyn R. Bertozzi,W2007559738|US-9410966,W2007559738,US-9410966
907,Hiroshi Amano,Hiroshi Amano,https://openalex.org/A5048399593,Hiroshi Amano,W1977296625|US-9412586,W1977296625,US-9412586
906,Isamu Akasaki,Isamu Akasaki,https://openalex.org/A5081597179,Isamu Akasaki,W1977296625|US-9412586,W1977296625,US-9412586
1049,Shimon Sakaguchi,Shimon Sakaguchi,https://openalex.org/A5025764166,Shimon Sakaguchi,W2164386968|US-9415079,W2164386968,US-9415079
1049,Shimon Sakaguchi,Shimon Sakaguchi,https://openalex.org/A5025764166,Shimon Sakaguchi,W2164386968|US-9421230,W2164386968,US-9421230
795,Robert H. Grubbs,Robert H. Grubbs,https://openalex.org/A5078597191,Robert H. Grubbs,W2953137405|US-9427731,W2953137405,US-9427731
795,Robert H. Grubbs,Robert H. Grubbs,https://openalex.org/A5078597191,Robert H. Grubbs,W2133080465|US-9427731,W2133080465,US-9427731
802,Andrew Z. Fire,Andrew Z. Fire,https://openalex.org/A5057231025,Andrew Fire,W2148224382|US-9428537,W2148224382,US-9428537
986,Michael Houghton,Michael Houghton,https://openalex.org/A5090612228,Michael Houghton,W2126762327|US-9428739,W2126762327,US-9428739
986,Michael Houghton,Michael Houghton,https://openalex.org/A5090612228,Michael Houghton,W2081456128|US-9428739,W2081456128,US-9428739
1049,Shimon Sakaguchi,Shimon Sakaguchi,https://openalex.org/A5025764166,Shimon Sakaguchi,W2164386968|US-9433652,W2164386968,US-9433652
416,Hamilton O. Smith,Hamilton O. Smith,https://openalex.org/A5076771387,Hamilton O. Smith,W2134370272|US-9434974,W2134370272,US-9434974
907,Hiroshi Amano,Hiroshi Amano,https://openalex.org/A5048399593,Hiroshi Amano,W2045271464|US-9437775,W2045271464,US-9437775
906,Isamu Akasaki,Isamu Akasaki,https://openalex.org/A5081597179,Isamu Akasaki,W2045271464|US-9437775,W2045271464,US-9437775
906,Isamu Akasaki,Isamu Akasaki,https://openalex.org/A5081597179,Isamu Akasaki,W2059843750|US-9437775,W2059843750,US-9437775
907,Hiroshi Amano,Hiroshi Amano,https://openalex.org/A5048399593,Hiroshi Amano,W2059843750|US-9437775,W2059843750,US-9437775
987,Charles M. Rice,Charles M. Rice,https://openalex.org/A5019683467,Charles M. Rice,W2090489211|US-9439404,W2090489211,US-9439404
795,Robert H. Grubbs,Robert H. Grubbs,https://openalex.org/A5078597191,Robert H. Grubbs,W2953029840|US-9440891,W2953029840,US-9440891
795,Robert H. Grubbs,Robert H. Grubbs,https://openalex.org/A5078597191,Robert H. Grubbs,W2005957804|US-9440891,W2005957804,US-9440891
457,Stanley B. Prusiner,Stanley B. Prusiner,https://openalex.org/A5066991343,Stanley B. Prusiner,W1960947071|US-9441050,W1960947071,US-9441050
796,Richard R. Schrock,Richard R. Schrock,https://openalex.org/A5079660000,Richard R. Schrock,W2953334867|US-9441059,W2953334867,US-9441059
1029,Moungi G. Bawendi,Moungi Bawendi,https://openalex.org/A5108389294,Moungi G. Bawendi,W2044543075|US-9441156,W2044543075,US-9441156
932,Sir J. Fraser Stoddart,Sir J. Fraser Stoddart,https://openalex.org/A5027688873,J. Fraser Stoddart,W2725434996|US-9443636,W2725434996,US-9443636
932,Sir J. Fraser Stoddart,Sir J. Fraser Stoddart,https://openalex.org/A5027688873,J. Fraser Stoddart,W2312828018|US-9443636,W2312828018,US-9443636
796,Richard R. Schrock,Richard R. Schrock,https://openalex.org/A5079660000,Richard R. Schrock,W2132909529|US-9446394,W2132909529,US-9446394
796,Richard R. Schrock,Richard R. Schrock,https://openalex.org/A5079660000,Richard R. Schrock,W2569052016|US-9446394,W2569052016,US-9446394
796,Richard R. Schrock,Richard R. Schrock,https://openalex.org/A5079660000,Richard R. Schrock,W2025514182|US-9446394,W2025514182,US-9446394
796,Richard R. Schrock,Richard R. Schrock,https://openalex.org/A5079660000,Richard R. Schrock,W2017313025|US-9446394,W2017313025,US-9446394
796,Richard R. Schrock,Richard R. Schrock,https://openalex.org/A5079660000,Richard R. Schrock,W2529884481|US-9446394,W2529884481,US-9446394
958,James P. Allison,James P. Allison,https://openalex.org/A5047117233,James P. Allison,W2256518092|US-9447186,W2256518092,US-9447186
1015,Carolyn R. Bertozzi,Carolyn Bertozzi,https://openalex.org/A5088409133,Carolyn R. Bertozzi,W1983639577|US-9447390,W1983639577,US-9447390
1015,Carolyn R. Bertozzi,Carolyn Bertozzi,https://openalex.org/A5088409133,Carolyn R. Bertozzi,W1979108979|US-9447390,W1979108979,US-9447390
1015,Carolyn R. Bertozzi,Carolyn Bertozzi,https://openalex.org/A5088409133,Carolyn R. Bertozzi,W1979491356|US-9447390,W1979491356,US-9447390
875,Shinya Yamanaka,Shinya Yamanaka,https://openalex.org/A5081862387,Shinya Yamanaka,W2158992759|US-9447408,W2158992759,US-9447408
875,Shinya Yamanaka,Shinya Yamanaka,https://openalex.org/A5081862387,Shinya Yamanaka,W1972564906|US-9447408,W1972564906,US-9447408
875,Shinya Yamanaka,Shinya Yamanaka,https://openalex.org/A5081862387,Shinya Yamanaka,W2078201066|US-9447408,W2078201066,US-9447408
875,Shinya Yamanaka,Shinya Yamanaka,https://openalex.org/A5081862387,Shinya Yamanaka,W2622073064|US-9447408,W2622073064,US-9447408
875,Shinya Yamanaka,Shinya Yamanaka,https://openalex.org/A5081862387,Shinya Yamanaka,W2485841399|US-9447408,W2485841399,US-9447408
406,David Baltimore,David Baltimore,https://openalex.org/A5042763205,David Baltimore,W2051395442|US-9447434,W2051395442,US-9447434
406,David Baltimore,David Baltimore,https://openalex.org/A5042763205,David Baltimore,W2153175573|US-9447434,W2153175573,US-9447434
932,Sir J. Fraser Stoddart,Sir J. Fraser Stoddart,https://openalex.org/A5027688873,J. Fraser Stoddart,W2312828018|US-9449731,W2312828018,US-9449731
907,Hiroshi Amano,Hiroshi Amano,https://openalex.org/A5048399593,Hiroshi Amano,W2783077813|US-9450157,W2783077813,US-9450157
906,Isamu Akasaki,Isamu Akasaki,https://openalex.org/A5081597179,Isamu Akasaki,W2783077813|US-9450157,W2783077813,US-9450157
907,Hiroshi Amano,Hiroshi Amano,https://openalex.org/A5048399593,Hiroshi Amano,W1976118864|US-9450157,W1976118864,US-9450157
906,Isamu Akasaki,Isamu Akasaki,https://openalex.org/A5081597179,Isamu Akasaki,W1976118864|US-9450157,W1976118864,US-9450157
1027,Ferenc Krausz,Ferenc Krausz,https://openalex.org/A5049801219,Ferenc Krausz,W2005120200|US-9450367,W2005120200,US-9450367
879,Brian K. Kobilka,Brian Kobilka,https://openalex.org/A5079682203,Brian K. Kobilka,W2078108096|US-9453065,W2078108096,US-9453065
879,Brian K. Kobilka,Brian Kobilka,https://openalex.org/A5079682203,Brian K. Kobilka,W2474393700|US-9453065,W2474393700,US-9453065
879,Brian K. Kobilka,Brian Kobilka,https://openalex.org/A5079682203,Brian K. Kobilka,W1988097700|US-9453065,W1988097700,US-9453065
879,Brian K. Kobilka,Brian Kobilka,https://openalex.org/A5079682203,Brian K. Kobilka,W2006998486|US-9453065,W2006998486,US-9453065
879,Brian K. Kobilka,Brian Kobilka,https://openalex.org/A5079682203,Brian K. Kobilka,W2020601776|US-9453065,W2020601776,US-9453065
879,Brian K. Kobilka,Brian Kobilka,https://openalex.org/A5079682203,Brian K. Kobilka,W2085724886|US-9453065,W2085724886,US-9453065
879,Brian K. Kobilka,Brian Kobilka,https://openalex.org/A5079682203,Brian K. Kobilka,W2113074382|US-9453065,W2113074382,US-9453065
878,Robert J. Lefkowitz,Robert J. Lefkowitz,https://openalex.org/A5080672788,Robert J. Lefkowitz,W2113074382|US-9453065,W2113074382,US-9453065
1024,Katalin Karikó,Katalin Karikó,https://openalex.org/A5030598859,Katalin Karikó,W2085350682|US-9453226,W2085350682,US-9453226
795,Robert H. Grubbs,Robert H. Grubbs,https://openalex.org/A5078597191,Robert H. Grubbs,W4235024652|US-9453943,W4235024652,US-9453943
795,Robert H. Grubbs,Robert H. Grubbs,https://openalex.org/A5078597191,Robert H. Grubbs,W4239642175|US-9453943,W4239642175,US-9453943
795,Robert H. Grubbs,Robert H. Grubbs,https://openalex.org/A5078597191,Robert H. Grubbs,W1999517925|US-9453943,W1999517925,US-9453943
795,Robert H. Grubbs,Robert H. Grubbs,https://openalex.org/A5078597191,Robert H. Grubbs,W2111839013|US-9453943,W2111839013,US-9453943
795,Robert H. Grubbs,Robert H. Grubbs,https://openalex.org/A5078597191,Robert H. Grubbs,W2334839322|US-9453943,W2334839322,US-9453943
976,John B. Goodenough,John B. Goodenough,https://openalex.org/A5088016695,John B. Goodenough,W1999429618|US-9455446,W1999429618,US-9455446
997,David Julius,David Julius,https://openalex.org/A5014886042,David Julius,W1995330222|US-9464130,W1995330222,US-9464130
448,Richard J. Roberts,Richard J. Roberts,https://openalex.org/A5091034547,Richard J. Roberts,W2064078043|US-9464277,W2064078043,US-9464277
292,Ahmed H. Zewail,Ahmed Zewail,https://openalex.org/A5077807260,Ahmed H. Zewail,W2115405822|US-9464998,W2115405822,US-9464998
729,Alan J. Heeger,Alan Heeger,https://openalex.org/A5087631107,Alan J. Heeger,W2107083261|US-9478746,W2107083261,US-9478746
963,Frances H. Arnold,Frances H. Arnold,https://openalex.org/A5043841592,Frances H. Arnold,W2078531329|US-9493799,W2078531329,US-9493799
963,Frances H. Arnold,Frances H. Arnold,https://openalex.org/A5043841592,Frances H. Arnold,W1996885557|US-9493799,W1996885557,US-9493799
963,Frances H. Arnold,Frances H. Arnold,https://openalex.org/A5043841592,Frances H. Arnold,W2517883330|US-9493799,W2517883330,US-9493799
875,Shinya Yamanaka,Shinya Yamanaka,https://openalex.org/A5081862387,Shinya Yamanaka,W2072621038|US-9499797,W2072621038,US-9499797
875,Shinya Yamanaka,Shinya Yamanaka,https://openalex.org/A5081862387,Shinya Yamanaka,W2055770332|US-9499797,W2055770332,US-9499797
875,Shinya Yamanaka,Shinya Yamanaka,https://openalex.org/A5081862387,Shinya Yamanaka,W2045081995|US-9499797,W2045081995,US-9499797
875,Shinya Yamanaka,Shinya Yamanaka,https://openalex.org/A5081862387,Shinya Yamanaka,W2032058920|US-9499797,W2032058920,US-9499797
875,Shinya Yamanaka,Shinya Yamanaka,https://openalex.org/A5081862387,Shinya Yamanaka,W1997544887|US-9499797,W1997544887,US-9499797
875,Shinya Yamanaka,Shinya Yamanaka,https://openalex.org/A5081862387,Shinya Yamanaka,W2053911973|US-9499797,W2053911973,US-9499797
875,Shinya Yamanaka,Shinya Yamanaka,https://openalex.org/A5081862387,Shinya Yamanaka,W1978173381|US-9499797,W1978173381,US-9499797
875,Shinya Yamanaka,Shinya Yamanaka,https://openalex.org/A5081862387,Shinya Yamanaka,W2054521968|US-9499797,W2054521968,US-9499797
875,Shinya Yamanaka,Shinya Yamanaka,https://openalex.org/A5081862387,Shinya Yamanaka,W2081620485|US-9499797,W2081620485,US-9499797
875,Shinya Yamanaka,Shinya Yamanaka,https://openalex.org/A5081862387,Shinya Yamanaka,W2041494728|US-9499797,W2041494728,US-9499797
875,Shinya Yamanaka,Shinya Yamanaka,https://openalex.org/A5081862387,Shinya Yamanaka,W2133228304|US-9499797,W2133228304,US-9499797
875,Shinya Yamanaka,Shinya Yamanaka,https://openalex.org/A5081862387,Shinya Yamanaka,W1506835737|US-9499797,W1506835737,US-9499797
875,Shinya Yamanaka,Shinya Yamanaka,https://openalex.org/A5081862387,Shinya Yamanaka,W2125987139|US-9499797,W2125987139,US-9499797
875,Shinya Yamanaka,Shinya Yamanaka,https://openalex.org/A5081862387,Shinya Yamanaka,W1602568023|US-9499797,W1602568023,US-9499797
875,Shinya Yamanaka,Shinya Yamanaka,https://openalex.org/A5081862387,Shinya Yamanaka,W2115017561|US-9499797,W2115017561,US-9499797
875,Shinya Yamanaka,Shinya Yamanaka,https://openalex.org/A5081862387,Shinya Yamanaka,W2043457504|US-9499797,W2043457504,US-9499797
875,Shinya Yamanaka,Shinya Yamanaka,https://openalex.org/A5081862387,Shinya Yamanaka,W2096216062|US-9499797,W2096216062,US-9499797
875,Shinya Yamanaka,Shinya Yamanaka,https://openalex.org/A5081862387,Shinya Yamanaka,W2078201066|US-9499797,W2078201066,US-9499797
875,Shinya Yamanaka,Shinya Yamanaka,https://openalex.org/A5081862387,Shinya Yamanaka,W2032570745|US-9499797,W2032570745,US-9499797
909,Eric Betzig,Eric Betzig,https://openalex.org/A5048568518,Eric Betzig,W2017252663|US-9500846,W2017252663,US-9500846
280,George A. Olah,George A. Olah,https://openalex.org/A5071446330,George A. Olah,W2149576395|US-9504952,W2149576395,US-9504952
280,George A. Olah,George A. Olah,https://openalex.org/A5071446330,George A. Olah,W1974801467|US-9504952,W1974801467,US-9504952
1029,Moungi G. Bawendi,Moungi Bawendi,https://openalex.org/A5108389294,Moungi G. Bawendi,W2042311347|US-9505978,W2042311347,US-9505978
1029,Moungi G. Bawendi,Moungi Bawendi,https://openalex.org/A5108389294,Moungi G. Bawendi,W2127448001|US-9505978,W2127448001,US-9505978
875,Shinya Yamanaka,Shinya Yamanaka,https://openalex.org/A5081862387,Shinya Yamanaka,W2138977668|US-9506039,W2138977668,US-9506039
875,Shinya Yamanaka,Shinya Yamanaka,https://openalex.org/A5081862387,Shinya Yamanaka,W2154543509|US-9506039,W2154543509,US-9506039
875,Shinya Yamanaka,Shinya Yamanaka,https://openalex.org/A5081862387,Shinya Yamanaka,W1978173381|US-9506039,W1978173381,US-9506039
875,Shinya Yamanaka,Shinya Yamanaka,https://openalex.org/A5081862387,Shinya Yamanaka,W2071699739|US-9506039,W2071699739,US-9506039
875,Shinya Yamanaka,Shinya Yamanaka,https://openalex.org/A5081862387,Shinya Yamanaka,W2125987139|US-9506039,W2125987139,US-9506039
992,Jennifer A. Doudna,Jennifer A. Doudna,https://openalex.org/A5067184382,Jennifer A. Doudna,W2149402050|US-9512446,W2149402050,US-9512446
908,Shuji Nakamura,Shuji Nakamura,https://openalex.org/A5030709847,Shuji Nakamura,W2082298130|US-9515240,W2082298130,US-9515240
910,Stefan W. Hell,Stefan W. Hell,https://openalex.org/A5088219208,Stefan W. Hell,W2111390992|US-9523678,W2111390992,US-9523678
910,Stefan W. Hell,Stefan W. Hell,https://openalex.org/A5088219208,Stefan W. Hell,W2026939549|US-9523678,W2026939549,US-9523678
824,Françoise Barré-Sinoussi,Françoise Barré-Sinoussi,https://openalex.org/A5107827488,Françoise Barré‐Sinoussi,W2491803890|US-9523687,W2491803890,US-9523687
406,David Baltimore,David Baltimore,https://openalex.org/A5042763205,David Baltimore,W2580051840|US-9527904,W2580051840,US-9527904
875,Shinya Yamanaka,Shinya Yamanaka,https://openalex.org/A5081862387,Shinya Yamanaka,W2125987139|US-9528092,W2125987139,US-9528092
875,Shinya Yamanaka,Shinya Yamanaka,https://openalex.org/A5081862387,Shinya Yamanaka,W2078201066|US-9528092,W2078201066,US-9528092
875,Shinya Yamanaka,Shinya Yamanaka,https://openalex.org/A5081862387,Shinya Yamanaka,W3021812574|US-9528092,W3021812574,US-9528092
875,Shinya Yamanaka,Shinya Yamanaka,https://openalex.org/A5081862387,Shinya Yamanaka,W2048800133|US-9528092,W2048800133,US-9528092
795,Robert H. Grubbs,Robert H. Grubbs,https://openalex.org/A5078597191,Robert H. Grubbs,W1985462077|US-9533928,W1985462077,US-9533928
416,Hamilton O. Smith,Hamilton O. Smith,https://openalex.org/A5076771387,Hamilton O. Smith,W1971439989|US-9534251,W1971439989,US-9534251
986,Michael Houghton,Michael Houghton,https://openalex.org/A5090612228,Michael Houghton,W1969486048|US-9535071,W1969486048,US-9535071
1055,Omar M. Yaghi,Omar M. Yaghi,https://openalex.org/A5044268160,Omar M. Yaghi,W2118298691|US-9539559,W2118298691,US-9539559
879,Brian K. Kobilka,Brian Kobilka,https://openalex.org/A5079682203,Brian K. Kobilka,W2127288815|US-9540409,W2127288815,US-9540409
879,Brian K. Kobilka,Brian Kobilka,https://openalex.org/A5079682203,Brian K. Kobilka,W2086075518|US-9540409,W2086075518,US-9540409
1015,Carolyn R. Bertozzi,Carolyn Bertozzi,https://openalex.org/A5088409133,Carolyn R. Bertozzi,W1979108979|US-9540438,W1979108979,US-9540438
1015,Carolyn R. Bertozzi,Carolyn Bertozzi,https://openalex.org/A5088409133,Carolyn R. Bertozzi,W1979491356|US-9540438,W1979491356,US-9540438
908,Shuji Nakamura,Shuji Nakamura,https://openalex.org/A5030709847,Shuji Nakamura,W2086708780|US-9543738,W2086708780,US-9543738
932,Sir J. Fraser Stoddart,Sir J. Fraser Stoddart,https://openalex.org/A5027688873,J. Fraser Stoddart,W2105875419|US-9546169,W2105875419,US-9546169
849,Andre Geim,Andre Geim,https://openalex.org/A5058357018,A. K. Geǐm,W246130257|US-9548364,W246130257,US-9548364
850,Konstantin Novoselov,Konstantin Novoselov,https://openalex.org/A5072248970,Kostya S. Novoselov,W246130257|US-9548364,W246130257,US-9548364
455,Peter C. Doherty,Peter C. Doherty,https://openalex.org/A5074692390,Peter C. Doherty,W1989483194|US-9549975,W1989483194,US-9549975
1029,Moungi G. Bawendi,Moungi Bawendi,https://openalex.org/A5108389294,Moungi G. Bawendi,W2166992855|US-9550614,W2166992855,US-9550614
1029,Moungi G. Bawendi,Moungi Bawendi,https://openalex.org/A5108389294,Moungi G. Bawendi,W2146397436|US-9550614,W2146397436,US-9550614
406,David Baltimore,David Baltimore,https://openalex.org/A5042763205,David Baltimore,W2135135539|US-9551011,W2135135539,US-9551011
910,Stefan W. Hell,Stefan W. Hell,https://openalex.org/A5088219208,Stefan W. Hell,W2052461863|US-9551658,W2052461863,US-9551658
910,Stefan W. Hell,Stefan W. Hell,https://openalex.org/A5088219208,Stefan W. Hell,W2091898366|US-9551658,W2091898366,US-9551658
795,Robert H. Grubbs,Robert H. Grubbs,https://openalex.org/A5078597191,Robert H. Grubbs,W2035221061|US-9556080,W2035221061,US-9556080
795,Robert H. Grubbs,Robert H. Grubbs,https://openalex.org/A5078597191,Robert H. Grubbs,W1944484547|US-9556080,W1944484547,US-9556080
795,Robert H. Grubbs,Robert H. Grubbs,https://openalex.org/A5078597191,Robert H. Grubbs,W2951982916|US-9556080,W2951982916,US-9556080
795,Robert H. Grubbs,Robert H. Grubbs,https://openalex.org/A5078597191,Robert H. Grubbs,W2610810746|US-9556080,W2610810746,US-9556080
1015,Carolyn R. Bertozzi,Carolyn Bertozzi,https://openalex.org/A5088409133,Carolyn R. Bertozzi,W2795880452|US-9556195,W2795880452,US-9556195
795,Robert H. Grubbs,Robert H. Grubbs,https://openalex.org/A5078597191,Robert H. Grubbs,W1944484547|US-9556206,W1944484547,US-9556206
795,Robert H. Grubbs,Robert H. Grubbs,https://openalex.org/A5078597191,Robert H. Grubbs,W2951982916|US-9556206,W2951982916,US-9556206
795,Robert H. Grubbs,Robert H. Grubbs,https://openalex.org/A5078597191,Robert H. Grubbs,W2035221061|US-9556206,W2035221061,US-9556206
879,Brian K. Kobilka,Brian Kobilka,https://openalex.org/A5079682203,Brian K. Kobilka,W2109336177|US-9556217,W2109336177,US-9556217
879,Brian K. Kobilka,Brian Kobilka,https://openalex.org/A5079682203,Brian K. Kobilka,W1975641708|US-9556217,W1975641708,US-9556217
879,Brian K. Kobilka,Brian Kobilka,https://openalex.org/A5079682203,Brian K. Kobilka,W2127288815|US-9556217,W2127288815,US-9556217
879,Brian K. Kobilka,Brian Kobilka,https://openalex.org/A5079682203,Brian K. Kobilka,W1995646338|US-9556217,W1995646338,US-9556217
879,Brian K. Kobilka,Brian Kobilka,https://openalex.org/A5079682203,Brian K. Kobilka,W2147751537|US-9556217,W2147751537,US-9556217
1014,Anton Zeilinger,Anton Zeilinger,https://openalex.org/A5001105113,Anton Zeilinger,W3092888535|US-9557262,W3092888535,US-9557262
1014,Anton Zeilinger,Anton Zeilinger,https://openalex.org/A5001105113,Anton Zeilinger,W4235475088|US-9557262,W4235475088,US-9557262
1014,Anton Zeilinger,Anton Zeilinger,https://openalex.org/A5001105113,Anton Zeilinger,W1549713538|US-9557262,W1549713538,US-9557262
1014,Anton Zeilinger,Anton Zeilinger,https://openalex.org/A5001105113,Anton Zeilinger,W1998728645|US-9557262,W1998728645,US-9557262
729,Alan J. Heeger,Alan Heeger,https://openalex.org/A5087631107,Alan J. Heeger,W2094474552|US-9559306,W2094474552,US-9559306
729,Alan J. Heeger,Alan Heeger,https://openalex.org/A5087631107,Alan J. Heeger,W2048898873|US-9559306,W2048898873,US-9559306
932,Sir J. Fraser Stoddart,Sir J. Fraser Stoddart,https://openalex.org/A5027688873,J. Fraser Stoddart,W2319442421|US-9562118,W2319442421,US-9562118
921,Tomas Lindahl,Tomas Lindahl,https://openalex.org/A5060285944,Tomas Lindahl,W2034608078|US-9566604,W2034608078,US-9566604
449,Phillip A. Sharp,Phillip A. Sharp,https://openalex.org/A5022945869,Phillip A. Sharp,W2145638174|US-9567582,W2145638174,US-9567582
449,Phillip A. Sharp,Phillip A. Sharp,https://openalex.org/A5022945869,Phillip A. Sharp,W2166903671|US-9567582,W2166903671,US-9567582
406,David Baltimore,David Baltimore,https://openalex.org/A5042763205,David Baltimore,W2160724571|US-9567592,W2160724571,US-9567592
406,David Baltimore,David Baltimore,https://openalex.org/A5042763205,David Baltimore,W2135135539|US-9567592,W2135135539,US-9567592
795,Robert H. Grubbs,Robert H. Grubbs,https://openalex.org/A5078597191,Robert H. Grubbs,W4230901309|US-9573125,W4230901309,US-9573125
908,Shuji Nakamura,Shuji Nakamura,https://openalex.org/A5030709847,Shuji Nakamura,W1964604939|US-9574728,W1964604939,US-9574728
795,Robert H. Grubbs,Robert H. Grubbs,https://openalex.org/A5078597191,Robert H. Grubbs,W2334839322|US-9575212,W2334839322,US-9575212
795,Robert H. Grubbs,Robert H. Grubbs,https://openalex.org/A5078597191,Robert H. Grubbs,W2111839013|US-9575212,W2111839013,US-9575212
795,Robert H. Grubbs,Robert H. Grubbs,https://openalex.org/A5078597191,Robert H. Grubbs,W4235024652|US-9575212,W4235024652,US-9575212
1024,Katalin Karikó,Katalin Karikó,https://openalex.org/A5030598859,Katalin Karikó,W1495302892|US-9580473,W1495302892,US-9580473
1025,Drew Weissman,Drew Weissman,https://openalex.org/A5068253145,Drew Weissman,W1495302892|US-9580473,W1495302892,US-9580473
1024,Katalin Karikó,Katalin Karikó,https://openalex.org/A5030598859,Katalin Karikó,W1995673851|US-9580473,W1995673851,US-9580473
1025,Drew Weissman,Drew Weissman,https://openalex.org/A5068253145,Drew Weissman,W1995673851|US-9580473,W1995673851,US-9580473
795,Robert H. Grubbs,Robert H. Grubbs,https://openalex.org/A5078597191,Robert H. Grubbs,W2141698925|US-9586883,W2141698925,US-9586883
795,Robert H. Grubbs,Robert H. Grubbs,https://openalex.org/A5078597191,Robert H. Grubbs,W2027401817|US-9586883,W2027401817,US-9586883
795,Robert H. Grubbs,Robert H. Grubbs,https://openalex.org/A5078597191,Robert H. Grubbs,W2952506261|US-9586883,W2952506261,US-9586883
795,Robert H. Grubbs,Robert H. Grubbs,https://openalex.org/A5078597191,Robert H. Grubbs,W2113763710|US-9586883,W2113763710,US-9586883
795,Robert H. Grubbs,Robert H. Grubbs,https://openalex.org/A5078597191,Robert H. Grubbs,W2063764657|US-9586883,W2063764657,US-9586883
795,Robert H. Grubbs,Robert H. Grubbs,https://openalex.org/A5078597191,Robert H. Grubbs,W2081750976|US-9586981,W2081750976,US-9586981
795,Robert H. Grubbs,Robert H. Grubbs,https://openalex.org/A5078597191,Robert H. Grubbs,W2596594932|US-9586981,W2596594932,US-9586981
795,Robert H. Grubbs,Robert H. Grubbs,https://openalex.org/A5078597191,Robert H. Grubbs,W2331956320|US-9586981,W2331956320,US-9586981
795,Robert H. Grubbs,Robert H. Grubbs,https://openalex.org/A5078597191,Robert H. Grubbs,W2143737408|US-9586981,W2143737408,US-9586981
795,Robert H. Grubbs,Robert H. Grubbs,https://openalex.org/A5078597191,Robert H. Grubbs,W2166434670|US-9586981,W2166434670,US-9586981
795,Robert H. Grubbs,Robert H. Grubbs,https://openalex.org/A5078597191,Robert H. Grubbs,W2116155705|US-9586981,W2116155705,US-9586981
795,Robert H. Grubbs,Robert H. Grubbs,https://openalex.org/A5078597191,Robert H. Grubbs,W4241134457|US-9586981,W4241134457,US-9586981
795,Robert H. Grubbs,Robert H. Grubbs,https://openalex.org/A5078597191,Robert H. Grubbs,W2952677330|US-9586981,W2952677330,US-9586981
795,Robert H. Grubbs,Robert H. Grubbs,https://openalex.org/A5078597191,Robert H. Grubbs,W4230901309|US-9586981,W4230901309,US-9586981
795,Robert H. Grubbs,Robert H. Grubbs,https://openalex.org/A5078597191,Robert H. Grubbs,W1965748825|US-9586981,W1965748825,US-9586981
795,Robert H. Grubbs,Robert H. Grubbs,https://openalex.org/A5078597191,Robert H. Grubbs,W2287454726|US-9586981,W2287454726,US-9586981
795,Robert H. Grubbs,Robert H. Grubbs,https://openalex.org/A5078597191,Robert H. Grubbs,W2152155223|US-9586981,W2152155223,US-9586981
795,Robert H. Grubbs,Robert H. Grubbs,https://openalex.org/A5078597191,Robert H. Grubbs,W2015998822|US-9586981,W2015998822,US-9586981
795,Robert H. Grubbs,Robert H. Grubbs,https://openalex.org/A5078597191,Robert H. Grubbs,W1194387918|US-9586981,W1194387918,US-9586981
795,Robert H. Grubbs,Robert H. Grubbs,https://openalex.org/A5078597191,Robert H. Grubbs,W1030861703|US-9586981,W1030861703,US-9586981
795,Robert H. Grubbs,Robert H. Grubbs,https://openalex.org/A5078597191,Robert H. Grubbs,W2197077085|US-9586981,W2197077085,US-9586981
795,Robert H. Grubbs,Robert H. Grubbs,https://openalex.org/A5078597191,Robert H. Grubbs,W2799372563|US-9586981,W2799372563,US-9586981
795,Robert H. Grubbs,Robert H. Grubbs,https://openalex.org/A5078597191,Robert H. Grubbs,W873156239|US-9586981,W873156239,US-9586981
795,Robert H. Grubbs,Robert H. Grubbs,https://openalex.org/A5078597191,Robert H. Grubbs,W2254592324|US-9586981,W2254592324,US-9586981
795,Robert H. Grubbs,Robert H. Grubbs,https://openalex.org/A5078597191,Robert H. Grubbs,W2507973681|US-9586981,W2507973681,US-9586981
795,Robert H. Grubbs,Robert H. Grubbs,https://openalex.org/A5078597191,Robert H. Grubbs,W1964252694|US-9586981,W1964252694,US-9586981
795,Robert H. Grubbs,Robert H. Grubbs,https://openalex.org/A5078597191,Robert H. Grubbs,W2622225311|US-9586981,W2622225311,US-9586981
795,Robert H. Grubbs,Robert H. Grubbs,https://openalex.org/A5078597191,Robert H. Grubbs,W2229942838|US-9586981,W2229942838,US-9586981
795,Robert H. Grubbs,Robert H. Grubbs,https://openalex.org/A5078597191,Robert H. Grubbs,W2278089613|US-9586981,W2278089613,US-9586981
795,Robert H. Grubbs,Robert H. Grubbs,https://openalex.org/A5078597191,Robert H. Grubbs,W2579221039|US-9586981,W2579221039,US-9586981
795,Robert H. Grubbs,Robert H. Grubbs,https://openalex.org/A5078597191,Robert H. Grubbs,W2133080465|US-9586981,W2133080465,US-9586981
795,Robert H. Grubbs,Robert H. Grubbs,https://openalex.org/A5078597191,Robert H. Grubbs,W1987000069|US-9586981,W1987000069,US-9586981
795,Robert H. Grubbs,Robert H. Grubbs,https://openalex.org/A5078597191,Robert H. Grubbs,W2111868723|US-9586981,W2111868723,US-9586981
795,Robert H. Grubbs,Robert H. Grubbs,https://openalex.org/A5078597191,Robert H. Grubbs,W2764304547|US-9586981,W2764304547,US-9586981
795,Robert H. Grubbs,Robert H. Grubbs,https://openalex.org/A5078597191,Robert H. Grubbs,W2047456621|US-9586981,W2047456621,US-9586981
795,Robert H. Grubbs,Robert H. Grubbs,https://openalex.org/A5078597191,Robert H. Grubbs,W2017482376|US-9586981,W2017482376,US-9586981
795,Robert H. Grubbs,Robert H. Grubbs,https://openalex.org/A5078597191,Robert H. Grubbs,W1157331682|US-9586981,W1157331682,US-9586981
795,Robert H. Grubbs,Robert H. Grubbs,https://openalex.org/A5078597191,Robert H. Grubbs,W2951702170|US-9586981,W2951702170,US-9586981
795,Robert H. Grubbs,Robert H. Grubbs,https://openalex.org/A5078597191,Robert H. Grubbs,W2951085320|US-9586981,W2951085320,US-9586981
795,Robert H. Grubbs,Robert H. Grubbs,https://openalex.org/A5078597191,Robert H. Grubbs,W2047109196|US-9586981,W2047109196,US-9586981
795,Robert H. Grubbs,Robert H. Grubbs,https://openalex.org/A5078597191,Robert H. Grubbs,W2006757039|US-9586981,W2006757039,US-9586981
795,Robert H. Grubbs,Robert H. Grubbs,https://openalex.org/A5078597191,Robert H. Grubbs,W2063030471|US-9586981,W2063030471,US-9586981
795,Robert H. Grubbs,Robert H. Grubbs,https://openalex.org/A5078597191,Robert H. Grubbs,W1967725929|US-9586981,W1967725929,US-9586981
795,Robert H. Grubbs,Robert H. Grubbs,https://openalex.org/A5078597191,Robert H. Grubbs,W1860598299|US-9586981,W1860598299,US-9586981
795,Robert H. Grubbs,Robert H. Grubbs,https://openalex.org/A5078597191,Robert H. Grubbs,W2950233617|US-9586981,W2950233617,US-9586981
795,Robert H. Grubbs,Robert H. Grubbs,https://openalex.org/A5078597191,Robert H. Grubbs,W2124088680|US-9586981,W2124088680,US-9586981
795,Robert H. Grubbs,Robert H. Grubbs,https://openalex.org/A5078597191,Robert H. Grubbs,W2165874901|US-9586981,W2165874901,US-9586981
795,Robert H. Grubbs,Robert H. Grubbs,https://openalex.org/A5078597191,Robert H. Grubbs,W2008184645|US-9586981,W2008184645,US-9586981
795,Robert H. Grubbs,Robert H. Grubbs,https://openalex.org/A5078597191,Robert H. Grubbs,W1966284437|US-9586981,W1966284437,US-9586981
795,Robert H. Grubbs,Robert H. Grubbs,https://openalex.org/A5078597191,Robert H. Grubbs,W2953137405|US-9586981,W2953137405,US-9586981
795,Robert H. Grubbs,Robert H. Grubbs,https://openalex.org/A5078597191,Robert H. Grubbs,W217811280|US-9586981,W217811280,US-9586981
795,Robert H. Grubbs,Robert H. Grubbs,https://openalex.org/A5078597191,Robert H. Grubbs,W2018031775|US-9586981,W2018031775,US-9586981
1027,Ferenc Krausz,Ferenc Krausz,https://openalex.org/A5049801219,Ferenc Krausz,W1966277812|US-9590382,W1966277812,US-9590382
917,Satoshi Ōmura,Satoshi Ōmura,https://openalex.org/A5045164227,Satoshi Ōmura,W2620258987|US-9593140,W2620258987,US-9593140
416,Hamilton O. Smith,Hamilton O. Smith,https://openalex.org/A5076771387,Hamilton O. Smith,W2323746033|US-9593329,W2323746033,US-9593329
416,Hamilton O. Smith,Hamilton O. Smith,https://openalex.org/A5076771387,Hamilton O. Smith,W1971439989|US-9593329,W1971439989,US-9593329
795,Robert H. Grubbs,Robert H. Grubbs,https://openalex.org/A5078597191,Robert H. Grubbs,W2323639122|US-9597674,W2323639122,US-9597674
795,Robert H. Grubbs,Robert H. Grubbs,https://openalex.org/A5078597191,Robert H. Grubbs,W2331956320|US-9597674,W2331956320,US-9597674
795,Robert H. Grubbs,Robert H. Grubbs,https://openalex.org/A5078597191,Robert H. Grubbs,W2165874901|US-9597674,W2165874901,US-9597674
723,Paul Greengard,Paul Greengard,https://openalex.org/A5052825834,Paul Greengard,W2090763216|US-9605041,W2090763216,US-9605041
1015,Carolyn R. Bertozzi,Carolyn Bertozzi,https://openalex.org/A5088409133,Carolyn R. Bertozzi,W4231385139|US-9605078,W4231385139,US-9605078
986,Michael Houghton,Michael Houghton,https://openalex.org/A5090612228,Michael Houghton,W2104376843|US-9611301,W2104376843,US-9611301
796,Richard R. Schrock,Richard R. Schrock,https://openalex.org/A5079660000,Richard R. Schrock,W2013812539|US-9611347,W2013812539,US-9611347
823,Harald zur Hausen,Harald zur Hausen,https://openalex.org/A5076220155,Harald zur Hausen,W1604207182|US-9624511,W1604207182,US-9624511
823,Harald zur Hausen,Harald zur Hausen,https://openalex.org/A5076220155,Harald zur Hausen,W2075586903|US-9624511,W2075586903,US-9624511
1027,Ferenc Krausz,Ferenc Krausz,https://openalex.org/A5049801219,Ferenc Krausz,W2312624929|US-9627843,W2312624929,US-9627843
1053,Susumu Kitagawa,Susumu Kitagawa,https://openalex.org/A5028281315,Susumu Kitagawa,W2313896068|US-9630164,W2313896068,US-9630164
1039,David Baker,David Baker,https://openalex.org/A5053192926,David Baker,W2132184418|US-9630994,W2132184418,US-9630994
1039,David Baker,David Baker,https://openalex.org/A5053192926,David Baker,W2071586458|US-9631028,W2071586458,US-9631028
875,Shinya Yamanaka,Shinya Yamanaka,https://openalex.org/A5081862387,Shinya Yamanaka,W2154543509|US-9637732,W2154543509,US-9637732
875,Shinya Yamanaka,Shinya Yamanaka,https://openalex.org/A5081862387,Shinya Yamanaka,W2071699739|US-9637732,W2071699739,US-9637732
875,Shinya Yamanaka,Shinya Yamanaka,https://openalex.org/A5081862387,Shinya Yamanaka,W2138977668|US-9637732,W2138977668,US-9637732
875,Shinya Yamanaka,Shinya Yamanaka,https://openalex.org/A5081862387,Shinya Yamanaka,W2081620485|US-9637732,W2081620485,US-9637732
875,Shinya Yamanaka,Shinya Yamanaka,https://openalex.org/A5081862387,Shinya Yamanaka,W2032058920|US-9637732,W2032058920,US-9637732
875,Shinya Yamanaka,Shinya Yamanaka,https://openalex.org/A5081862387,Shinya Yamanaka,W1978173381|US-9637732,W1978173381,US-9637732
908,Shuji Nakamura,Shuji Nakamura,https://openalex.org/A5030709847,Shuji Nakamura,W1984433141|US-9640947,W1984433141,US-9640947
908,Shuji Nakamura,Shuji Nakamura,https://openalex.org/A5030709847,Shuji Nakamura,W2073878559|US-9640947,W2073878559,US-9640947
1049,Shimon Sakaguchi,Shimon Sakaguchi,https://openalex.org/A5025764166,Shimon Sakaguchi,W2164386968|US-9642881,W2164386968,US-9642881
1049,Shimon Sakaguchi,Shimon Sakaguchi,https://openalex.org/A5025764166,Shimon Sakaguchi,W2164386968|US-9642882,W2164386968,US-9642882
1029,Moungi G. Bawendi,Moungi Bawendi,https://openalex.org/A5108389294,Moungi G. Bawendi,W2167563568|US-9643252,W2167563568,US-9643252
1049,Shimon Sakaguchi,Shimon Sakaguchi,https://openalex.org/A5025764166,Shimon Sakaguchi,W2164386968|US-9649345,W2164386968,US-9649345
1029,Moungi G. Bawendi,Moungi Bawendi,https://openalex.org/A5108389294,Moungi G. Bawendi,W2282525928|US-9653630,W2282525928,US-9653630
457,Stanley B. Prusiner,Stanley B. Prusiner,https://openalex.org/A5066991343,Stanley B. Prusiner,W2098106646|US-9658213,W2098106646,US-9658213
457,Stanley B. Prusiner,Stanley B. Prusiner,https://openalex.org/A5066991343,Stanley B. Prusiner,W2069811864|US-9658213,W2069811864,US-9658213
1049,Shimon Sakaguchi,Shimon Sakaguchi,https://openalex.org/A5025764166,Shimon Sakaguchi,W2164386968|US-9662381,W2164386968,US-9662381
1055,Omar M. Yaghi,Omar M. Yaghi,https://openalex.org/A5044268160,Omar M. Yaghi,W2020353271|US-9669098,W2020353271,US-9669098
1055,Omar M. Yaghi,Omar M. Yaghi,https://openalex.org/A5044268160,Omar M. Yaghi,W2053700726|US-9669098,W2053700726,US-9669098
932,Sir J. Fraser Stoddart,Sir J. Fraser Stoddart,https://openalex.org/A5027688873,J. Fraser Stoddart,W1996369650|US-9669098,W1996369650,US-9669098
1055,Omar M. Yaghi,Omar M. Yaghi,https://openalex.org/A5044268160,Omar M. Yaghi,W1996369650|US-9669098,W1996369650,US-9669098
1055,Omar M. Yaghi,Omar M. Yaghi,https://openalex.org/A5044268160,Omar M. Yaghi,W1998053062|US-9669098,W1998053062,US-9669098
1055,Omar M. Yaghi,Omar M. Yaghi,https://openalex.org/A5044268160,Omar M. Yaghi,W1971818486|US-9669098,W1971818486,US-9669098
1053,Susumu Kitagawa,Susumu Kitagawa,https://openalex.org/A5028281315,Susumu Kitagawa,W2081102354|US-9670127,W2081102354,US-9670127
1053,Susumu Kitagawa,Susumu Kitagawa,https://openalex.org/A5028281315,Susumu Kitagawa,W2892614822|US-9670127,W2892614822,US-9670127
1053,Susumu Kitagawa,Susumu Kitagawa,https://openalex.org/A5028281315,Susumu Kitagawa,W2950529450|US-9670127,W2950529450,US-9670127
1053,Susumu Kitagawa,Susumu Kitagawa,https://openalex.org/A5028281315,Susumu Kitagawa,W2053327975|US-9670127,W2053327975,US-9670127
879,Brian K. Kobilka,Brian Kobilka,https://openalex.org/A5079682203,Brian K. Kobilka,W1975641514|US-9670266,W1975641514,US-9670266
879,Brian K. Kobilka,Brian Kobilka,https://openalex.org/A5079682203,Brian K. Kobilka,W2104477830|US-9670266,W2104477830,US-9670266
879,Brian K. Kobilka,Brian Kobilka,https://openalex.org/A5079682203,Brian K. Kobilka,W1988097700|US-9670266,W1988097700,US-9670266
737,Sir Paul M. Nurse,Sir Paul Nurse,https://openalex.org/A5019124036,Paul Nurse,W1505201095|US-9670480,W1505201095,US-9670480
750,Sydney Brenner,Sydney Brenner,https://openalex.org/A5111910776,Sydney Brenner,W1580520822|US-9670536,W1580520822,US-9670536
1055,Omar M. Yaghi,Omar M. Yaghi,https://openalex.org/A5044268160,Omar M. Yaghi,W2316404745|US-9675958,W2316404745,US-9675958
795,Robert H. Grubbs,Robert H. Grubbs,https://openalex.org/A5078597191,Robert H. Grubbs,W873156239|US-9676676,W873156239,US-9676676
795,Robert H. Grubbs,Robert H. Grubbs,https://openalex.org/A5078597191,Robert H. Grubbs,W2287454726|US-9676676,W2287454726,US-9676676
795,Robert H. Grubbs,Robert H. Grubbs,https://openalex.org/A5078597191,Robert H. Grubbs,W2596594932|US-9676676,W2596594932,US-9676676
795,Robert H. Grubbs,Robert H. Grubbs,https://openalex.org/A5078597191,Robert H. Grubbs,W4235310802|US-9676676,W4235310802,US-9676676
795,Robert H. Grubbs,Robert H. Grubbs,https://openalex.org/A5078597191,Robert H. Grubbs,W2006757039|US-9676676,W2006757039,US-9676676
795,Robert H. Grubbs,Robert H. Grubbs,https://openalex.org/A5078597191,Robert H. Grubbs,W2166434670|US-9676676,W2166434670,US-9676676
795,Robert H. Grubbs,Robert H. Grubbs,https://openalex.org/A5078597191,Robert H. Grubbs,W2047109196|US-9676676,W2047109196,US-9676676
795,Robert H. Grubbs,Robert H. Grubbs,https://openalex.org/A5078597191,Robert H. Grubbs,W2949262524|US-9676676,W2949262524,US-9676676
823,Harald zur Hausen,Harald zur Hausen,https://openalex.org/A5076220155,Harald zur Hausen,W2075586903|US-9676828,W2075586903,US-9676828
875,Shinya Yamanaka,Shinya Yamanaka,https://openalex.org/A5081862387,Shinya Yamanaka,W1978173381|US-9677141,W1978173381,US-9677141
875,Shinya Yamanaka,Shinya Yamanaka,https://openalex.org/A5081862387,Shinya Yamanaka,W2138977668|US-9677141,W2138977668,US-9677141
875,Shinya Yamanaka,Shinya Yamanaka,https://openalex.org/A5081862387,Shinya Yamanaka,W1602568023|US-9677141,W1602568023,US-9677141
875,Shinya Yamanaka,Shinya Yamanaka,https://openalex.org/A5081862387,Shinya Yamanaka,W2096216062|US-9677141,W2096216062,US-9677141
961,Gérard Mourou,Gérard Mourou,https://openalex.org/A5057252770,G. Mourou,W2536236029|US-9678405,W2536236029,US-9678405
976,John B. Goodenough,John B. Goodenough,https://openalex.org/A5088016695,John B. Goodenough,W2325112365|US-9680151,W2325112365,US-9680151
875,Shinya Yamanaka,Shinya Yamanaka,https://openalex.org/A5081862387,Shinya Yamanaka,W189938518|US-9683232,W189938518,US-9683232
796,Richard R. Schrock,Richard R. Schrock,https://openalex.org/A5079660000,Richard R. Schrock,W2033447654|US-9687834,W2033447654,US-9687834
796,Richard R. Schrock,Richard R. Schrock,https://openalex.org/A5079660000,Richard R. Schrock,W1978194271|US-9687834,W1978194271,US-9687834
796,Richard R. Schrock,Richard R. Schrock,https://openalex.org/A5079660000,Richard R. Schrock,W2013260995|US-9687834,W2013260995,US-9687834
796,Richard R. Schrock,Richard R. Schrock,https://openalex.org/A5079660000,Richard R. Schrock,W2095481098|US-9687834,W2095481098,US-9687834
879,Brian K. Kobilka,Brian Kobilka,https://openalex.org/A5079682203,Brian K. Kobilka,W2006998486|US-9689872,W2006998486,US-9689872
879,Brian K. Kobilka,Brian Kobilka,https://openalex.org/A5079682203,Brian K. Kobilka,W2474393700|US-9689872,W2474393700,US-9689872
879,Brian K. Kobilka,Brian Kobilka,https://openalex.org/A5079682203,Brian K. Kobilka,W2085724886|US-9689872,W2085724886,US-9689872
879,Brian K. Kobilka,Brian Kobilka,https://openalex.org/A5079682203,Brian K. Kobilka,W2020601776|US-9689872,W2020601776,US-9689872
879,Brian K. Kobilka,Brian Kobilka,https://openalex.org/A5079682203,Brian K. Kobilka,W2113074382|US-9689872,W2113074382,US-9689872
878,Robert J. Lefkowitz,Robert J. Lefkowitz,https://openalex.org/A5080672788,Robert J. Lefkowitz,W2113074382|US-9689872,W2113074382,US-9689872
879,Brian K. Kobilka,Brian Kobilka,https://openalex.org/A5079682203,Brian K. Kobilka,W2167857702|US-9689872,W2167857702,US-9689872
879,Brian K. Kobilka,Brian Kobilka,https://openalex.org/A5079682203,Brian K. Kobilka,W1975641514|US-9689872,W1975641514,US-9689872
879,Brian K. Kobilka,Brian Kobilka,https://openalex.org/A5079682203,Brian K. Kobilka,W1988097700|US-9689872,W1988097700,US-9689872
879,Brian K. Kobilka,Brian Kobilka,https://openalex.org/A5079682203,Brian K. Kobilka,W2130179503|US-9695227,W2130179503,US-9695227
879,Brian K. Kobilka,Brian Kobilka,https://openalex.org/A5079682203,Brian K. Kobilka,W2952362253|US-9695227,W2952362253,US-9695227
879,Brian K. Kobilka,Brian Kobilka,https://openalex.org/A5079682203,Brian K. Kobilka,W1988097700|US-9695227,W1988097700,US-9695227
879,Brian K. Kobilka,Brian Kobilka,https://openalex.org/A5079682203,Brian K. Kobilka,W1998273363|US-9695227,W1998273363,US-9695227
879,Brian K. Kobilka,Brian Kobilka,https://openalex.org/A5079682203,Brian K. Kobilka,W2168966210|US-9695227,W2168966210,US-9695227
879,Brian K. Kobilka,Brian Kobilka,https://openalex.org/A5079682203,Brian K. Kobilka,W2020601776|US-9695227,W2020601776,US-9695227
879,Brian K. Kobilka,Brian Kobilka,https://openalex.org/A5079682203,Brian K. Kobilka,W2085724886|US-9695227,W2085724886,US-9695227
879,Brian K. Kobilka,Brian Kobilka,https://openalex.org/A5079682203,Brian K. Kobilka,W2474393700|US-9695227,W2474393700,US-9695227
879,Brian K. Kobilka,Brian Kobilka,https://openalex.org/A5079682203,Brian K. Kobilka,W2167857702|US-9695227,W2167857702,US-9695227
802,Andrew Z. Fire,Andrew Z. Fire,https://openalex.org/A5057231025,Andrew Fire,W1978398372|US-9695230,W1978398372,US-9695230
831,Roger Y. Tsien,Roger Y. Tsien,https://openalex.org/A5109193097,Roger Y. Tsien,W2330557650|US-9695251,W2330557650,US-9695251
831,Roger Y. Tsien,Roger Y. Tsien,https://openalex.org/A5109193097,Roger Y. Tsien,W1978498174|US-9695251,W1978498174,US-9695251
406,David Baltimore,David Baltimore,https://openalex.org/A5042763205,David Baltimore,W2097670917|US-9696296,W2097670917,US-9696296
1051,Michel H. Devoret,Michel H. Devoret,https://openalex.org/A5089631322,Michel Devoret,W1963850823|US-9697473,W1963850823,US-9697473
796,Richard R. Schrock,Richard R. Schrock,https://openalex.org/A5079660000,Richard R. Schrock,W2056230987|US-9701702,W2056230987,US-9701702
795,Robert H. Grubbs,Robert H. Grubbs,https://openalex.org/A5078597191,Robert H. Grubbs,W2790256702|US-9701704,W2790256702,US-9701704
795,Robert H. Grubbs,Robert H. Grubbs,https://openalex.org/A5078597191,Robert H. Grubbs,W2978972275|US-9701704,W2978972275,US-9701704
1039,David Baker,David Baker,https://openalex.org/A5053192926,David Baker,W2040299410|US-9701720,W2040299410,US-9701720
802,Andrew Z. Fire,Andrew Z. Fire,https://openalex.org/A5057231025,Andrew Fire,W2096745064|US-9701981,W2096745064,US-9701981
802,Andrew Z. Fire,Andrew Z. Fire,https://openalex.org/A5057231025,Andrew Fire,W2027799462|US-9701981,W2027799462,US-9701981
1038,Geoffrey Hinton,Geoffrey Hinton,https://openalex.org/A5108093963,Geoffrey E. Hinton,W2623331213|US-9704068,W2623331213,US-9704068
1038,Geoffrey Hinton,Geoffrey Hinton,https://openalex.org/A5108093963,Geoffrey E. Hinton,W2252268321|US-9704068,W2252268321,US-9704068
1029,Moungi G. Bawendi,Moungi Bawendi,https://openalex.org/A5108389294,Moungi G. Bawendi,W2058621506|US-9708184,W2058621506,US-9708184
963,Frances H. Arnold,Frances H. Arnold,https://openalex.org/A5043841592,Frances H. Arnold,W2135211698|US-9708633,W2135211698,US-9708633
796,Richard R. Schrock,Richard R. Schrock,https://openalex.org/A5079660000,Richard R. Schrock,W2157651545|US-9713808,W2157651545,US-9713808
796,Richard R. Schrock,Richard R. Schrock,https://openalex.org/A5079660000,Richard R. Schrock,W2267944202|US-9713808,W2267944202,US-9713808
796,Richard R. Schrock,Richard R. Schrock,https://openalex.org/A5079660000,Richard R. Schrock,W2000108344|US-9713808,W2000108344,US-9713808
1029,Moungi G. Bawendi,Moungi Bawendi,https://openalex.org/A5108389294,Moungi G. Bawendi,W2054620828|US-9714379,W2054620828,US-9714379
1029,Moungi G. Bawendi,Moungi Bawendi,https://openalex.org/A5108389294,Moungi G. Bawendi,W2335775246|US-9714379,W2335775246,US-9714379
906,Isamu Akasaki,Isamu Akasaki,https://openalex.org/A5081597179,Isamu Akasaki,W1965803555|US-9716209,W1965803555,US-9716209
449,Phillip A. Sharp,Phillip A. Sharp,https://openalex.org/A5022945869,Phillip A. Sharp,W2087718006|US-9717749,W2087718006,US-9717749
449,Phillip A. Sharp,Phillip A. Sharp,https://openalex.org/A5022945869,Phillip A. Sharp,W2141172277|US-9717749,W2141172277,US-9717749
449,Phillip A. Sharp,Phillip A. Sharp,https://openalex.org/A5022945869,Phillip A. Sharp,W2246543456|US-9717749,W2246543456,US-9717749
802,Andrew Z. Fire,Andrew Z. Fire,https://openalex.org/A5057231025,Andrew Fire,W1978398372|US-9717789,W1978398372,US-9717789
1039,David Baker,David Baker,https://openalex.org/A5053192926,David Baker,W2260617737|US-9721061,W2260617737,US-9721061
835,Elizabeth H. Blackburn,Elizabeth H. Blackburn,https://openalex.org/A5064437582,Elizabeth H. Blackburn,W2473749386|US-9732386,W2473749386,US-9732386
835,Elizabeth H. Blackburn,Elizabeth H. Blackburn,https://openalex.org/A5064437582,Elizabeth H. Blackburn,W2093473156|US-9732386,W2093473156,US-9732386
835,Elizabeth H. Blackburn,Elizabeth H. Blackburn,https://openalex.org/A5064437582,Elizabeth H. Blackburn,W1972466562|US-9732386,W1972466562,US-9732386
875,Shinya Yamanaka,Shinya Yamanaka,https://openalex.org/A5081862387,Shinya Yamanaka,W2074435893|US-9738906,W2074435893,US-9738906
992,Jennifer A. Doudna,Jennifer A. Doudna,https://openalex.org/A5067184382,Jennifer A. Doudna,W1984197290|US-9745610,W1984197290,US-9745610
1029,Moungi G. Bawendi,Moungi Bawendi,https://openalex.org/A5108389294,Moungi G. Bawendi,W2007754910|US-9748422,W2007754910,US-9748422
1039,David Baker,David Baker,https://openalex.org/A5053192926,David Baker,W2057706355|US-9750814,W2057706355,US-9750814
1025,Drew Weissman,Drew Weissman,https://openalex.org/A5068253145,Drew Weissman,W81209440|US-9750824,W81209440,US-9750824
1024,Katalin Karikó,Katalin Karikó,https://openalex.org/A5030598859,Katalin Karikó,W81209440|US-9750824,W81209440,US-9750824
875,Shinya Yamanaka,Shinya Yamanaka,https://openalex.org/A5081862387,Shinya Yamanaka,W1972564906|US-9758765,W1972564906,US-9758765
1029,Moungi G. Bawendi,Moungi Bawendi,https://openalex.org/A5108389294,Moungi G. Bawendi,W1560010674|US-9759727,W1560010674,US-9759727
972,Gregg L. Semenza,Gregg L. Semenza,https://openalex.org/A5051276665,Gregg L. Semenza,W2106146695|US-9763899,W2106146695,US-9763899
795,Robert H. Grubbs,Robert H. Grubbs,https://openalex.org/A5078597191,Robert H. Grubbs,W2610810746|US-9764995,W2610810746,US-9764995
795,Robert H. Grubbs,Robert H. Grubbs,https://openalex.org/A5078597191,Robert H. Grubbs,W2951982916|US-9764995,W2951982916,US-9764995
795,Robert H. Grubbs,Robert H. Grubbs,https://openalex.org/A5078597191,Robert H. Grubbs,W1944484547|US-9764995,W1944484547,US-9764995
795,Robert H. Grubbs,Robert H. Grubbs,https://openalex.org/A5078597191,Robert H. Grubbs,W2035221061|US-9764995,W2035221061,US-9764995
1039,David Baker,David Baker,https://openalex.org/A5053192926,David Baker,W2159006761|US-9765123,W2159006761,US-9765123
1039,David Baker,David Baker,https://openalex.org/A5053192926,David Baker,W2890536808|US-9766255,W2890536808,US-9766255
796,Richard R. Schrock,Richard R. Schrock,https://openalex.org/A5079660000,Richard R. Schrock,W2529884481|US-9771386,W2529884481,US-9771386
796,Richard R. Schrock,Richard R. Schrock,https://openalex.org/A5079660000,Richard R. Schrock,W2025514182|US-9771386,W2025514182,US-9771386
796,Richard R. Schrock,Richard R. Schrock,https://openalex.org/A5079660000,Richard R. Schrock,W2569052016|US-9771386,W2569052016,US-9771386
796,Richard R. Schrock,Richard R. Schrock,https://openalex.org/A5079660000,Richard R. Schrock,W2132909529|US-9771386,W2132909529,US-9771386
796,Richard R. Schrock,Richard R. Schrock,https://openalex.org/A5079660000,Richard R. Schrock,W2017313025|US-9771386,W2017313025,US-9771386
1039,David Baker,David Baker,https://openalex.org/A5053192926,David Baker,W2288042330|US-9771395,W2288042330,US-9771395
1039,David Baker,David Baker,https://openalex.org/A5053192926,David Baker,W2612471900|US-9771395,W2612471900,US-9771395
908,Shuji Nakamura,Shuji Nakamura,https://openalex.org/A5030709847,Shuji Nakamura,W2080824866|US-9773704,W2080824866,US-9773704
908,Shuji Nakamura,Shuji Nakamura,https://openalex.org/A5030709847,Shuji Nakamura,W2559926378|US-9773704,W2559926378,US-9773704
908,Shuji Nakamura,Shuji Nakamura,https://openalex.org/A5030709847,Shuji Nakamura,W1972003963|US-9773704,W1972003963,US-9773704
908,Shuji Nakamura,Shuji Nakamura,https://openalex.org/A5030709847,Shuji Nakamura,W3009553987|US-9773704,W3009553987,US-9773704
128,Gerd Binnig,Gerd Binnig,https://openalex.org/A5071169826,G. Binnig,W2424965067|US-9779499,W2424965067,US-9779499
757,Koichi Tanaka,Koichi Tanaka,https://openalex.org/A5009335876,Kōichi Tanaka,W2071756012|US-9782439,W2071756012,US-9782439
946,Richard Henderson,Richard Henderson,https://openalex.org/A5073357045,Richard A. Henderson,W2033023082|US-9789439,W2033023082,US-9789439
1029,Moungi G. Bawendi,Moungi Bawendi,https://openalex.org/A5108389294,Moungi G. Bawendi,W2044543075|US-9790424,W2044543075,US-9790424
279,Michael Smith,Michael Smith,https://openalex.org/A5101453839,Michael J. Smith,W1979974100|US-9801931,W1979974100,US-9801931
279,Michael Smith,Michael Smith,https://openalex.org/A5101453839,Michael J. Smith,W2051135997|US-9801931,W2051135997,US-9801931
279,Michael Smith,Michael Smith,https://openalex.org/A5101453839,Michael J. Smith,W2068339946|US-9801931,W2068339946,US-9801931
279,Michael Smith,Michael Smith,https://openalex.org/A5101453839,Michael J. Smith,W2156679520|US-9801931,W2156679520,US-9801931
1049,Shimon Sakaguchi,Shimon Sakaguchi,https://openalex.org/A5025764166,Shimon Sakaguchi,W2164386968|US-9801933,W2164386968,US-9801933
1051,Michel H. Devoret,Michel H. Devoret,https://openalex.org/A5089631322,Michel Devoret,W1963850823|US-9806711,W1963850823,US-9806711
1049,Shimon Sakaguchi,Shimon Sakaguchi,https://openalex.org/A5025764166,Shimon Sakaguchi,W2164386968|US-9808519,W2164386968,US-9808519
932,Sir J. Fraser Stoddart,Sir J. Fraser Stoddart,https://openalex.org/A5027688873,J. Fraser Stoddart,W3010859159|US-9808788,W3010859159,US-9808788
1055,Omar M. Yaghi,Omar M. Yaghi,https://openalex.org/A5044268160,Omar M. Yaghi,W1974058936|US-9808788,W1974058936,US-9808788
932,Sir J. Fraser Stoddart,Sir J. Fraser Stoddart,https://openalex.org/A5027688873,J. Fraser Stoddart,W1974058936|US-9808788,W1974058936,US-9808788
795,Robert H. Grubbs,Robert H. Grubbs,https://openalex.org/A5078597191,Robert H. Grubbs,W2035221061|US-9809607,W2035221061,US-9809607
795,Robert H. Grubbs,Robert H. Grubbs,https://openalex.org/A5078597191,Robert H. Grubbs,W2951982916|US-9809607,W2951982916,US-9809607
932,Sir J. Fraser Stoddart,Sir J. Fraser Stoddart,https://openalex.org/A5027688873,J. Fraser Stoddart,W2071889839|US-9815764,W2071889839,US-9815764
932,Sir J. Fraser Stoddart,Sir J. Fraser Stoddart,https://openalex.org/A5027688873,J. Fraser Stoddart,W3010859159|US-9816049,W3010859159,US-9816049
875,Shinya Yamanaka,Shinya Yamanaka,https://openalex.org/A5081862387,Shinya Yamanaka,W3156229578|US-9822342,W3156229578,US-9822342
875,Shinya Yamanaka,Shinya Yamanaka,https://openalex.org/A5081862387,Shinya Yamanaka,W2911289067|US-9822342,W2911289067,US-9822342
875,Shinya Yamanaka,Shinya Yamanaka,https://openalex.org/A5081862387,Shinya Yamanaka,W2030258556|US-9822342,W2030258556,US-9822342
1049,Shimon Sakaguchi,Shimon Sakaguchi,https://openalex.org/A5025764166,Shimon Sakaguchi,W2164386968|US-9827276,W2164386968,US-9827276
795,Robert H. Grubbs,Robert H. Grubbs,https://openalex.org/A5078597191,Robert H. Grubbs,W2241149129|US-9828347,W2241149129,US-9828347
932,Sir J. Fraser Stoddart,Sir J. Fraser Stoddart,https://openalex.org/A5027688873,J. Fraser Stoddart,W2099425139|US-9828371,W2099425139,US-9828371
1049,Shimon Sakaguchi,Shimon Sakaguchi,https://openalex.org/A5025764166,Shimon Sakaguchi,W2164386968|US-9833483,W2164386968,US-9833483
932,Sir J. Fraser Stoddart,Sir J. Fraser Stoddart,https://openalex.org/A5027688873,J. Fraser Stoddart,W3010859159|US-9834803,W3010859159,US-9834803
907,Hiroshi Amano,Hiroshi Amano,https://openalex.org/A5048399593,Hiroshi Amano,W2614123788|US-9837494,W2614123788,US-9837494
1051,Michel H. Devoret,Michel H. Devoret,https://openalex.org/A5089631322,Michel Devoret,W1963850823|US-9843312,W1963850823,US-9843312
971,Sir Peter J. Ratcliffe,Sir Peter J. Ratcliffe,https://openalex.org/A5064727417,Peter J. Ratcliffe,W2005868568|US-9844546,W2005868568,US-9844546
971,Sir Peter J. Ratcliffe,Sir Peter J. Ratcliffe,https://openalex.org/A5064727417,Peter J. Ratcliffe,W1972382264|US-9844546,W1972382264,US-9844546
849,Andre Geim,Andre Geim,https://openalex.org/A5058357018,A. K. Geǐm,W2022731012|US-9844758,W2022731012,US-9844758
796,Richard R. Schrock,Richard R. Schrock,https://openalex.org/A5079660000,Richard R. Schrock,W2054808802|US-9850268,W2054808802,US-9850268
796,Richard R. Schrock,Richard R. Schrock,https://openalex.org/A5079660000,Richard R. Schrock,W2307044127|US-9850268,W2307044127,US-9850268
803,Craig C. Mello,Craig C. Mello,https://openalex.org/A5029315886,Craig C. Mello,W2141573080|US-9850487,W2141573080,US-9850487
908,Shuji Nakamura,Shuji Nakamura,https://openalex.org/A5030709847,Shuji Nakamura,W2086708780|US-9853420,W2086708780,US-9853420
1030,Louis E. Brus,Louis Brus,https://openalex.org/A5012651049,Louis E. Brus,W2077702579|US-9856281,W2077702579,US-9856281
1051,Michel H. Devoret,Michel H. Devoret,https://openalex.org/A5089631322,Michel Devoret,W1963850823|US-9858532,W1963850823,US-9858532
908,Shuji Nakamura,Shuji Nakamura,https://openalex.org/A5030709847,Shuji Nakamura,W2055263580|US-9859464,W2055263580,US-9859464
406,David Baltimore,David Baltimore,https://openalex.org/A5042763205,David Baltimore,W2075860675|US-9862948,W2075860675,US-9862948
406,David Baltimore,David Baltimore,https://openalex.org/A5042763205,David Baltimore,W2094057765|US-9862948,W2094057765,US-9862948
406,David Baltimore,David Baltimore,https://openalex.org/A5042763205,David Baltimore,W2016466834|US-9862948,W2016466834,US-9862948
406,David Baltimore,David Baltimore,https://openalex.org/A5042763205,David Baltimore,W2552461555|US-9862948,W2552461555,US-9862948
406,David Baltimore,David Baltimore,https://openalex.org/A5042763205,David Baltimore,W2160098916|US-9862948,W2160098916,US-9862948
406,David Baltimore,David Baltimore,https://openalex.org/A5042763205,David Baltimore,W2049772720|US-9862948,W2049772720,US-9862948
958,James P. Allison,James P. Allison,https://openalex.org/A5047117233,James P. Allison,W2111877246|US-9863935,W2111877246,US-9863935
750,Sydney Brenner,Sydney Brenner,https://openalex.org/A5111910776,Sydney Brenner,W2334121694|US-9863937,W2334121694,US-9863937
879,Brian K. Kobilka,Brian Kobilka,https://openalex.org/A5079682203,Brian K. Kobilka,W1988097700|US-9863959,W1988097700,US-9863959
879,Brian K. Kobilka,Brian Kobilka,https://openalex.org/A5079682203,Brian K. Kobilka,W2085724886|US-9863959,W2085724886,US-9863959
879,Brian K. Kobilka,Brian Kobilka,https://openalex.org/A5079682203,Brian K. Kobilka,W2167857702|US-9863959,W2167857702,US-9863959
879,Brian K. Kobilka,Brian Kobilka,https://openalex.org/A5079682203,Brian K. Kobilka,W2006998486|US-9863959,W2006998486,US-9863959
879,Brian K. Kobilka,Brian Kobilka,https://openalex.org/A5079682203,Brian K. Kobilka,W1975641514|US-9863959,W1975641514,US-9863959
879,Brian K. Kobilka,Brian Kobilka,https://openalex.org/A5079682203,Brian K. Kobilka,W2474393700|US-9863959,W2474393700,US-9863959
879,Brian K. Kobilka,Brian Kobilka,https://openalex.org/A5079682203,Brian K. Kobilka,W2113074382|US-9863959,W2113074382,US-9863959
878,Robert J. Lefkowitz,Robert J. Lefkowitz,https://openalex.org/A5080672788,Robert J. Lefkowitz,W2113074382|US-9863959,W2113074382,US-9863959
879,Brian K. Kobilka,Brian Kobilka,https://openalex.org/A5079682203,Brian K. Kobilka,W2020601776|US-9863959,W2020601776,US-9863959
879,Brian K. Kobilka,Brian Kobilka,https://openalex.org/A5079682203,Brian K. Kobilka,W2233134558|US-9869648,W2233134558,US-9869648
1015,Carolyn R. Bertozzi,Carolyn Bertozzi,https://openalex.org/A5088409133,Carolyn R. Bertozzi,W2417424384|US-9873905,W2417424384,US-9873905
879,Brian K. Kobilka,Brian Kobilka,https://openalex.org/A5079682203,Brian K. Kobilka,W2130179503|US-9880179,W2130179503,US-9880179
911,William E. Moerner,William E. Moerner,https://openalex.org/A5068018832,W. E. Moerner,W2089438292|US-9881355,W2089438292,US-9881355
911,William E. Moerner,William E. Moerner,https://openalex.org/A5068018832,W. E. Moerner,W2172107893|US-9881355,W2172107893,US-9881355
911,William E. Moerner,William E. Moerner,https://openalex.org/A5068018832,W. E. Moerner,W4231350070|US-9881355,W4231350070,US-9881355
406,David Baltimore,David Baltimore,https://openalex.org/A5042763205,David Baltimore,W2984863673|US-9884075,W2984863673,US-9884075
406,David Baltimore,David Baltimore,https://openalex.org/A5042763205,David Baltimore,W2552502132|US-9884075,W2552502132,US-9884075
992,Jennifer A. Doudna,Jennifer A. Doudna,https://openalex.org/A5067184382,Jennifer A. Doudna,W2161606262|US-9885026,W2161606262,US-9885026
992,Jennifer A. Doudna,Jennifer A. Doudna,https://openalex.org/A5067184382,Jennifer A. Doudna,W2062008243|US-9885026,W2062008243,US-9885026
976,John B. Goodenough,John B. Goodenough,https://openalex.org/A5088016695,John B. Goodenough,W2197570454|US-9890048,W2197570454,US-9890048
976,John B. Goodenough,John B. Goodenough,https://openalex.org/A5088016695,John B. Goodenough,W2561745473|US-9890048,W2561745473,US-9890048
908,Shuji Nakamura,Shuji Nakamura,https://openalex.org/A5030709847,Shuji Nakamura,W2053586935|US-9893236,W2053586935,US-9893236
908,Shuji Nakamura,Shuji Nakamura,https://openalex.org/A5030709847,Shuji Nakamura,W2025826989|US-9893236,W2025826989,US-9893236
917,Satoshi Ōmura,Satoshi Ōmura,https://openalex.org/A5045164227,Satoshi Ōmura,W2918065838|US-9896456,W2918065838,US-9896456
917,Satoshi Ōmura,Satoshi Ōmura,https://openalex.org/A5045164227,Satoshi Ōmura,W2000643387|US-9896456,W2000643387,US-9896456
795,Robert H. Grubbs,Robert H. Grubbs,https://openalex.org/A5078597191,Robert H. Grubbs,W2098155996|US-9908840,W2098155996,US-9908840
1029,Moungi G. Bawendi,Moungi Bawendi,https://openalex.org/A5108389294,Moungi G. Bawendi,W2323970516|US-9919059,W2323970516,US-9919059
1029,Moungi G. Bawendi,Moungi Bawendi,https://openalex.org/A5108389294,Moungi G. Bawendi,W2141518860|US-9919059,W2141518860,US-9919059
1029,Moungi G. Bawendi,Moungi Bawendi,https://openalex.org/A5108389294,Moungi G. Bawendi,W171233943|US-9919059,W171233943,US-9919059
1029,Moungi G. Bawendi,Moungi Bawendi,https://openalex.org/A5108389294,Moungi G. Bawendi,W1515901388|US-9919059,W1515901388,US-9919059
1051,Michel H. Devoret,Michel H. Devoret,https://openalex.org/A5089631322,Michel Devoret,W1963850823|US-9923538,W1963850823,US-9923538
992,Jennifer A. Doudna,Jennifer A. Doudna,https://openalex.org/A5067184382,Jennifer A. Doudna,W2149402050|US-9926546,W2149402050,US-9926546
908,Shuji Nakamura,Shuji Nakamura,https://openalex.org/A5030709847,Shuji Nakamura,W1964604939|US-9927076,W1964604939,US-9927076
1053,Susumu Kitagawa,Susumu Kitagawa,https://openalex.org/A5028281315,Susumu Kitagawa,W2021272414|US-9929424,W2021272414,US-9929424
1053,Susumu Kitagawa,Susumu Kitagawa,https://openalex.org/A5028281315,Susumu Kitagawa,W2471363290|US-9929424,W2471363290,US-9929424
1002,Benjamin List,Benjamin List,https://openalex.org/A5040055598,Benjamin List,W2032626171|US-9932305,W2032626171,US-9932305
997,David Julius,David Julius,https://openalex.org/A5014886042,David Julius,W1995330222|US-9932383,W1995330222,US-9932383
796,Richard R. Schrock,Richard R. Schrock,https://openalex.org/A5079660000,Richard R. Schrock,W2013812539|US-9932440,W2013812539,US-9932440
1029,Moungi G. Bawendi,Moungi Bawendi,https://openalex.org/A5108389294,Moungi G. Bawendi,W2095395718|US-9935240,W2095395718,US-9935240
796,Richard R. Schrock,Richard R. Schrock,https://openalex.org/A5079660000,Richard R. Schrock,W2580674650|US-9938253,W2580674650,US-9938253
827,Makoto Kobayashi,Makoto Kobayashi,https://openalex.org/A5013806545,Makoto Kobayashi,W2028721494|US-9938459,W2028721494,US-9938459
875,Shinya Yamanaka,Shinya Yamanaka,https://openalex.org/A5081862387,Shinya Yamanaka,W2138977668|US-9938585,W2138977668,US-9938585
875,Shinya Yamanaka,Shinya Yamanaka,https://openalex.org/A5081862387,Shinya Yamanaka,W1978173381|US-9938585,W1978173381,US-9938585
875,Shinya Yamanaka,Shinya Yamanaka,https://openalex.org/A5081862387,Shinya Yamanaka,W1602568023|US-9938585,W1602568023,US-9938585
875,Shinya Yamanaka,Shinya Yamanaka,https://openalex.org/A5081862387,Shinya Yamanaka,W2096216062|US-9938585,W2096216062,US-9938585
875,Shinya Yamanaka,Shinya Yamanaka,https://openalex.org/A5081862387,Shinya Yamanaka,W2142423248|US-9938585,W2142423248,US-9938585
1029,Moungi G. Bawendi,Moungi Bawendi,https://openalex.org/A5108389294,Moungi G. Bawendi,W2204662937|US-9944847,W2204662937,US-9944847
1029,Moungi G. Bawendi,Moungi Bawendi,https://openalex.org/A5108389294,Moungi G. Bawendi,W2739342652|US-9944847,W2739342652,US-9944847
757,Koichi Tanaka,Koichi Tanaka,https://openalex.org/A5009335876,Kōichi Tanaka,W2303037252|US-9947520,W2303037252,US-9947520
1015,Carolyn R. Bertozzi,Carolyn Bertozzi,https://openalex.org/A5088409133,Carolyn R. Bertozzi,W1979491356|US-9951367,W1979491356,US-9951367
1039,David Baker,David Baker,https://openalex.org/A5053192926,David Baker,W2058922193|US-9952208,W2058922193,US-9952208
986,Michael Houghton,Michael Houghton,https://openalex.org/A5090612228,Michael Houghton,W1969486048|US-9952226,W1969486048,US-9952226
795,Robert H. Grubbs,Robert H. Grubbs,https://openalex.org/A5078597191,Robert H. Grubbs,W1975477167|US-9957383,W1975477167,US-9957383
795,Robert H. Grubbs,Robert H. Grubbs,https://openalex.org/A5078597191,Robert H. Grubbs,W4235024652|US-9957383,W4235024652,US-9957383
991,Emmanuelle Charpentier,Emmanuelle Charpentier,https://openalex.org/A5074743574,Emmanuelle Charpentier,W2142515819|US-9963689,W2142515819,US-9963689
992,Jennifer A. Doudna,Jennifer A. Doudna,https://openalex.org/A5067184382,Jennifer A. Doudna,W2142515819|US-9963689,W2142515819,US-9963689
406,David Baltimore,David Baltimore,https://openalex.org/A5042763205,David Baltimore,W2135135539|US-9963717,W2135135539,US-9963717
280,George A. Olah,George A. Olah,https://openalex.org/A5071446330,George A. Olah,W2313025981|US-9968880,W2313025981,US-9968880
986,Michael Houghton,Michael Houghton,https://openalex.org/A5090612228,Michael Houghton,W2020021414|US-9969979,W2020021414,US-9969979
907,Hiroshi Amano,Hiroshi Amano,https://openalex.org/A5048399593,Hiroshi Amano,W1976118864|US-9972758,W1976118864,US-9972758
906,Isamu Akasaki,Isamu Akasaki,https://openalex.org/A5081597179,Isamu Akasaki,W1976118864|US-9972758,W1976118864,US-9972758
152,Steven Chu,Steven Chu,https://openalex.org/A5001967033,Steven Chu,W2138210747|US-9985293,W2138210747,US-9985293
1029,Moungi G. Bawendi,Moungi Bawendi,https://openalex.org/A5108389294,Moungi G. Bawendi,W2343079657|US-9986915,W2343079657,US-9986915
1048,Frederick J. Ramsdell,Fred Ramsdell,https://openalex.org/A5050752577,Fred Ramsdell,W4313348253|US-9994637,W4313348253,US-9994637
992,Jennifer A. Doudna,Jennifer A. Doudna,https://openalex.org/A5067184382,Jennifer A. Doudna,W2030974598|US-9994831,W2030974598,US-9994831
406,David Baltimore,David Baltimore,https://openalex.org/A5042763205,David Baltimore,W2067471829|US-9994867,W2067471829,US-9994867
932,Sir J. Fraser Stoddart,Sir J. Fraser Stoddart,https://openalex.org/A5027688873,J. Fraser Stoddart,W2312828018|US-9997271,W2312828018,US-9997271
932,Sir J. Fraser Stoddart,Sir J. Fraser Stoddart,https://openalex.org/A5027688873,J. Fraser Stoddart,W2725434996|US-9997271,W2725434996,US-9997271
932,Sir J. Fraser Stoddart,Sir J. Fraser Stoddart,https://openalex.org/A5027688873,J. Fraser Stoddart,W2312828018|US-9997272,W2312828018,US-9997272
